,0.33,0.331,0.332,0.333,0.3,0.301,0.302,0.303,0.27,0.271,0.272,0.273,0.25,0.251,0.252,0.253,0.22,0.221,0.222,0.223,0.2,0.201,0.202,0.203,0.17,0.171,0.172,0.173,0.13,0.131,0.132,0.133,0.1,0.101,0.102,0.103,0.08,0.081,0.082,0.083,0.057,0.0571,0.0572,0.0573,0.033,0.0331,0.0332,0.0333,0.0329,0
-1.246,47.954,48.43354,48.91308,49.39262,46.926,47.39526,47.86452,48.33378,47.424,47.89824,48.37248,48.84672,47.96,48.4396,48.9192,49.3988,47.572,48.04772,48.52344,48.99916,45.875,46.33375,46.7925,47.25125,43.99,44.4299,44.8698,45.3097,40.55,40.9555,41.361,41.7665,39.452,39.84652,40.24104,40.63556,38.824,39.21224,39.60048,39.98872,38.126,38.50726,38.88852,39.26978,37.984,38.36384,38.74368,39.12352,37.60416,37.383
-1.244,47.69,48.1669,48.6438,49.1207,46.72,47.1872,47.6544,48.1216,47.25,47.7225,48.195,48.6675,47.77,48.2477,48.7254,49.2031,47.348,47.82148,48.29496,48.76844,45.605,46.06105,46.5171,46.97315,43.686,44.12286,44.55972,44.99658,40.234,40.63634,41.03868,41.44102,39.136,39.52736,39.91872,40.31008,38.512,38.89712,39.28224,39.66736,37.812,38.19012,38.56824,38.94636,37.672,38.04872,38.42544,38.80216,37.29528,37.065
-1.242,47.426,47.90026,48.37452,48.84878,46.514,46.97914,47.44428,47.90942,47.076,47.54676,48.01752,48.48828,47.58,48.0558,48.5316,49.0074,47.124,47.59524,48.06648,48.53772,45.335,45.78835,46.2417,46.69505,43.382,43.81582,44.24964,44.68346,39.918,40.31718,40.71636,41.11554,38.82,39.2082,39.5964,39.9846,38.2,38.582,38.964,39.346,37.498,37.87298,38.24796,38.62294,37.36,37.7336,38.1072,38.4808,36.9864,36.747
-1.24,47.162,47.63362,48.10524,48.57686,46.308,46.77108,47.23416,47.69724,46.902,47.37102,47.84004,48.30906,47.39,47.8639,48.3378,48.8117,46.9,47.369,47.838,48.307,45.065,45.51565,45.9663,46.41695,43.078,43.50878,43.93956,44.37034,39.602,39.99802,40.39404,40.79006,38.504,38.88904,39.27408,39.65912,37.888,38.26688,38.64576,39.02464,37.184,37.55584,37.92768,38.29952,37.048,37.41848,37.78896,38.15944,36.67752,36.429
-1.238,46.898,47.36698,47.83596,48.30494,46.102,46.56302,47.02404,47.48506,46.728,47.19528,47.66256,48.12984,47.2,47.672,48.144,48.616,46.662,47.12862,47.59524,48.06186,44.795,45.24295,45.6909,46.13885,42.774,43.20174,43.62948,44.05722,39.286,39.67886,40.07172,40.46458,38.188,38.56988,38.95176,39.33364,37.576,37.95176,38.32752,38.70328,36.87,37.2387,37.6074,37.9761,36.736,37.10336,37.47072,37.83808,36.36864,36.105
-1.236,46.634,47.10034,47.56668,48.03302,45.896,46.35496,46.81392,47.27288,46.554,47.01954,47.48508,47.95062,47.01,47.4801,47.9502,48.4203,46.424,46.88824,47.35248,47.81672,44.518,44.96318,45.40836,45.85354,42.47,42.8947,43.3194,43.7441,38.97,39.3597,39.7494,40.1391,37.866,38.24466,38.62332,39.00198,37.257,37.62957,38.00214,38.37471,36.544,36.90944,37.27488,37.64032,36.417,36.78117,37.14534,37.50951,36.05283,35.775
-1.234,46.37,46.8337,47.2974,47.7611,45.69,46.1469,46.6038,47.0607,46.38,46.8438,47.3076,47.7714,46.82,47.2882,47.7564,48.2246,46.186,46.64786,47.10972,47.57158,44.234,44.67634,45.11868,45.56102,42.166,42.58766,43.00932,43.43098,38.642,39.02842,39.41484,39.80126,37.538,37.91338,38.28876,38.66414,36.931,37.30031,37.66962,38.03893,36.218,36.58018,36.94236,37.30454,36.091,36.45191,36.81282,37.17373,35.73009,35.445
-1.232,46.114,46.57514,47.03628,47.49742,45.496,45.95096,46.40592,46.86088,46.21,46.6721,47.1342,47.5963,46.622,47.08822,47.55444,48.02066,45.948,46.40748,46.86696,47.32644,43.95,44.3895,44.829,45.2685,41.862,42.28062,42.69924,43.11786,38.314,38.69714,39.08028,39.46342,37.21,37.5821,37.9542,38.3263,36.605,36.97105,37.3371,37.70315,35.892,36.25092,36.60984,36.96876,35.765,36.12265,36.4803,36.83795,35.40735,35.115
-1.23,45.858,46.31658,46.77516,47.23374,45.302,45.75502,46.20804,46.66106,46.04,46.5004,46.9608,47.4212,46.424,46.88824,47.35248,47.81672,45.71,46.1671,46.6242,47.0813,43.666,44.10266,44.53932,44.97598,41.551,41.96651,42.38202,42.79753,37.986,38.36586,38.74572,39.12558,36.882,37.25082,37.61964,37.98846,36.279,36.64179,37.00458,37.36737,35.566,35.92166,36.27732,36.63298,35.439,35.79339,36.14778,36.50217,35.08461,34.785
-1.228,45.602,46.05802,46.51404,46.97006,45.108,45.55908,46.01016,46.46124,45.87,46.3287,46.7874,47.2461,46.226,46.68826,47.15052,47.61278,45.46,45.9146,46.3692,46.8238,43.382,43.81582,44.24964,44.68346,41.233,41.64533,42.05766,42.46999,37.658,38.03458,38.41116,38.78774,36.554,36.91954,37.28508,37.65062,35.953,36.31253,36.67206,37.03159,35.24,35.5924,35.9448,36.2972,35.113,35.46413,35.81526,36.16639,34.76187,34.451
-1.226,45.346,45.79946,46.25292,46.70638,44.914,45.36314,45.81228,46.26142,45.7,46.157,46.614,47.071,46.028,46.48828,46.94856,47.40884,45.21,45.6621,46.1142,46.5663,43.091,43.52191,43.95282,44.38373,40.915,41.32415,41.7333,42.14245,37.33,37.7033,38.0766,38.4499,36.221,36.58321,36.94542,37.30763,35.623,35.97923,36.33546,36.69169,34.904,35.25304,35.60208,35.95112,34.782,35.12982,35.47764,35.82546,34.43418,34.113
-1.224,45.09,45.5409,45.9918,46.4427,44.72,45.1672,45.6144,46.0616,45.53,45.9853,46.4406,46.8959,45.83,46.2883,46.7466,47.2049,44.96,45.4096,45.8592,46.3088,42.793,43.22093,43.64886,44.07679,40.597,41.00297,41.40894,41.81491,36.994,37.36394,37.73388,38.10382,35.883,36.24183,36.60066,36.95949,35.289,35.64189,35.99478,36.34767,34.568,34.91368,35.25936,35.60504,34.446,34.79046,35.13492,35.47938,34.10154,33.775
-1.222,44.844,45.29244,45.74088,46.18932,44.536,44.98136,45.42672,45.87208,45.362,45.81562,46.26924,46.72286,45.622,46.07822,46.53444,46.99066,44.71,45.1571,45.6042,46.0513,42.495,42.91995,43.3449,43.76985,40.279,40.68179,41.08458,41.48737,36.658,37.02458,37.39116,37.75774,35.545,35.90045,36.2559,36.61135,34.955,35.30455,35.6541,36.00365,34.232,34.57432,34.91664,35.25896,34.11,34.4511,34.7922,35.1333,33.7689,33.437
-1.22,44.598,45.04398,45.48996,45.93594,44.352,44.79552,45.23904,45.68256,45.194,45.64594,46.09788,46.54982,45.414,45.86814,46.32228,46.77642,44.46,44.9046,45.3492,45.7938,42.197,42.61897,43.04094,43.46291,39.955,40.35455,40.7541,41.15365,36.322,36.68522,37.04844,37.41166,35.207,35.55907,35.91114,36.26321,34.621,34.96721,35.31342,35.65963,33.896,34.23496,34.57392,34.91288,33.774,34.11174,34.44948,34.78722,33.43626,33.099
-1.218,44.352,44.79552,45.23904,45.68256,44.168,44.60968,45.05136,45.49304,45.026,45.47626,45.92652,46.37678,45.206,45.65806,46.11012,46.56218,44.196,44.63796,45.07992,45.52188,41.899,42.31799,42.73698,43.15597,39.625,40.02125,40.4175,40.81375,35.986,36.34586,36.70572,37.06558,34.869,35.21769,35.56638,35.91507,34.287,34.62987,34.97274,35.31561,33.56,33.8956,34.2312,34.5668,33.438,33.77238,34.10676,34.44114,33.10362,32.758
-1.216,44.106,44.54706,44.98812,45.42918,43.984,44.42384,44.86368,45.30352,44.858,45.30658,45.75516,46.20374,44.998,45.44798,45.89796,46.34794,43.932,44.37132,44.81064,45.24996,41.594,42.00994,42.42588,42.84182,39.295,39.68795,40.0809,40.47385,35.65,36.0065,36.363,36.7195,34.527,34.87227,35.21754,35.56281,33.948,34.28748,34.62696,34.96644,33.218,33.55018,33.88236,34.21454,33.1,33.431,33.762,34.093,32.769,32.414
-1.214,43.86,44.2986,44.7372,45.1758,43.8,44.238,44.676,45.114,44.69,45.1369,45.5838,46.0307,44.79,45.2379,45.6858,46.1337,43.668,44.10468,44.54136,44.97804,41.282,41.69482,42.10764,42.52046,38.965,39.35465,39.7443,40.13395,35.304,35.65704,36.01008,36.36312,34.181,34.52281,34.86462,35.20643,33.604,33.94004,34.27608,34.61212,32.876,33.20476,33.53352,33.86228,32.76,33.0876,33.4152,33.7428,32.4324,32.07
-1.212,43.63,44.0663,44.5026,44.9389,43.628,44.06428,44.50056,44.93684,44.52,44.9652,45.4104,45.8556,44.572,45.01772,45.46344,45.90916,43.404,43.83804,44.27208,44.70612,40.97,41.3797,41.7894,42.1991,38.635,39.02135,39.4077,39.79405,34.958,35.30758,35.65716,36.00674,33.835,34.17335,34.5117,34.85005,33.26,33.5926,33.9252,34.2578,32.534,32.85934,33.18468,33.51002,32.42,32.7442,33.0684,33.3926,32.0958,31.726
-1.21,43.4,43.834,44.268,44.702,43.456,43.89056,44.32512,44.75968,44.35,44.7935,45.237,45.6805,44.354,44.79754,45.24108,45.68462,43.14,43.5714,44.0028,44.4342,40.658,41.06458,41.47116,41.87774,38.301,38.68401,39.06702,39.45003,34.612,34.95812,35.30424,35.65036,33.489,33.82389,34.15878,34.49367,32.916,33.24516,33.57432,33.90348,32.192,32.51392,32.83584,33.15776,32.08,32.4008,32.7216,33.0424,31.7592,31.382
-1.208,43.17,43.6017,44.0334,44.4651,43.284,43.71684,44.14968,44.58252,44.18,44.6218,45.0636,45.5054,44.136,44.57736,45.01872,45.46008,42.862,43.29062,43.71924,44.14786,40.346,40.74946,41.15292,41.55638,37.963,38.34263,38.72226,39.10189,34.266,34.60866,34.95132,35.29398,33.143,33.47443,33.80586,34.13729,32.572,32.89772,33.22344,33.54916,31.85,32.1685,32.487,32.8055,31.74,32.0574,32.3748,32.6922,31.4226,31.038
-1.206,42.94,43.3694,43.7988,44.2282,43.112,43.54312,43.97424,44.40536,44.01,44.4501,44.8902,45.3303,43.918,44.35718,44.79636,45.23554,42.584,43.00984,43.43568,43.86152,40.029,40.42929,40.82958,41.22987,37.625,38.00125,38.3775,38.75375,33.92,34.2592,34.5984,34.9376,32.796,33.12396,33.45192,33.77988,32.228,32.55028,32.87256,33.19484,31.504,31.81904,32.13408,32.44912,31.398,31.71198,32.02596,32.33994,31.08402,30.694
-1.204,42.71,43.1371,43.5642,43.9913,42.94,43.3694,43.7988,44.2282,43.84,44.2784,44.7168,45.1552,43.7,44.137,44.574,45.011,42.306,42.72906,43.15212,43.57518,39.707,40.10407,40.50114,40.89821,37.287,37.65987,38.03274,38.40561,33.57,33.9057,34.2414,34.5771,32.448,32.77248,33.09696,33.42144,31.884,32.20284,32.52168,32.84052,31.158,31.46958,31.78116,32.09274,31.054,31.36454,31.67508,31.98562,30.74346,30.35
-1.202,42.494,42.91894,43.34388,43.76882,42.776,43.20376,43.63152,44.05928,43.668,44.10468,44.54136,44.97804,43.468,43.90268,44.33736,44.77204,42.028,42.44828,42.86856,43.28884,39.385,39.77885,40.1727,40.56655,36.949,37.31849,37.68798,38.05747,33.22,33.5522,33.8844,34.2166,32.1,32.421,32.742,33.063,31.54,31.8554,32.1708,32.4862,30.812,31.12012,31.42824,31.73636,30.71,31.0171,31.3242,31.6313,30.4029,30.006
-1.2,42.278,42.70078,43.12356,43.54634,42.612,43.03812,43.46424,43.89036,43.496,43.93096,44.36592,44.80088,43.236,43.66836,44.10072,44.53308,41.75,42.1675,42.585,43.0025,39.063,39.45363,39.84426,40.23489,36.607,36.97307,37.33914,37.70521,32.87,33.1987,33.5274,33.8561,31.752,32.06952,32.38704,32.70456,31.196,31.50796,31.81992,32.13188,30.466,30.77066,31.07532,31.37998,30.366,30.66966,30.97332,31.27698,30.06234,29.662
-1.198,42.062,42.48262,42.90324,43.32386,42.448,42.87248,43.29696,43.72144,43.324,43.75724,44.19048,44.62372,43.004,43.43404,43.86408,44.29412,41.458,41.87258,42.28716,42.70174,38.741,39.12841,39.51582,39.90323,36.261,36.62361,36.98622,37.34883,32.52,32.8452,33.1704,33.4956,31.404,31.71804,32.03208,32.34612,30.852,31.16052,31.46904,31.77756,30.12,30.4212,30.7224,31.0236,30.022,30.32222,30.62244,30.92266,29.72178,29.319
-1.196,41.846,42.26446,42.68292,43.10138,42.284,42.70684,43.12968,43.55252,43.152,43.58352,44.01504,44.44656,42.772,43.19972,43.62744,44.05516,41.166,41.57766,41.98932,42.40098,38.414,38.79814,39.18228,39.56642,35.915,36.27415,36.6333,36.99245,32.17,32.4917,32.8134,33.1351,31.056,31.36656,31.67712,31.98768,30.507,30.81207,31.11714,31.42221,29.778,30.07578,30.37356,30.67134,29.679,29.97579,30.27258,30.56937,29.38221,28.977
-1.194,41.63,42.0463,42.4626,42.8789,42.12,42.5412,42.9624,43.3836,42.98,43.4098,43.8396,44.2694,42.54,42.9654,43.3908,43.8162,40.874,41.28274,41.69148,42.10022,38.082,38.46282,38.84364,39.22446,35.569,35.92469,36.28038,36.63607,31.82,32.1382,32.4564,32.7746,30.708,31.01508,31.32216,31.62924,30.161,30.46261,30.76422,31.06583,29.436,29.73036,30.02472,30.31908,29.337,29.63037,29.92374,30.21711,29.04363,28.635
-1.192,41.43,41.8443,42.2586,42.6729,41.966,42.38566,42.80532,43.22498,42.804,43.23204,43.66008,44.08812,42.296,42.71896,43.14192,43.56488,40.582,40.98782,41.39364,41.79946,37.75,38.1275,38.505,38.8825,35.223,35.57523,35.92746,36.27969,31.47,31.7847,32.0994,32.4141,30.36,30.6636,30.9672,31.2708,29.815,30.11315,30.4113,30.70945,29.094,29.38494,29.67588,29.96682,28.995,29.28495,29.5749,29.86485,28.70505,28.293
-1.19,41.23,41.6423,42.0546,42.4669,41.812,42.23012,42.64824,43.06636,42.628,43.05428,43.48056,43.90684,42.052,42.47252,42.89304,43.31356,40.29,40.6929,41.0958,41.4987,37.418,37.79218,38.16636,38.54054,34.875,35.22375,35.5725,35.92125,31.12,31.4312,31.7424,32.0536,30.012,30.31212,30.61224,30.91236,29.469,29.76369,30.05838,30.35307,28.752,29.03952,29.32704,29.61456,28.653,28.93953,29.22606,29.51259,28.36647,27.951
-1.188,41.03,41.4403,41.8506,42.2609,41.658,42.07458,42.49116,42.90774,42.452,42.87652,43.30104,43.72556,41.808,42.22608,42.64416,43.06224,39.986,40.38586,40.78572,41.18558,37.086,37.45686,37.82772,38.19858,34.525,34.87025,35.2155,35.56075,30.77,31.0777,31.3854,31.6931,29.664,29.96064,30.25728,30.55392,29.123,29.41423,29.70546,29.99669,28.41,28.6941,28.9782,29.2623,28.311,28.59411,28.87722,29.16033,28.02789,27.612
-1.186,40.83,41.2383,41.6466,42.0549,41.504,41.91904,42.33408,42.74912,42.276,42.69876,43.12152,43.54428,41.564,41.97964,42.39528,42.81092,39.682,40.07882,40.47564,40.87246,36.75,37.1175,37.485,37.8525,34.175,34.51675,34.8585,35.20025,30.42,30.7242,31.0284,31.3326,29.317,29.61017,29.90334,30.19651,28.78,29.0678,29.3556,29.6434,28.07,28.3507,28.6314,28.9121,27.972,28.25172,28.53144,28.81116,27.69228,27.276
-1.184,40.63,41.0363,41.4426,41.8489,41.35,41.7635,42.177,42.5905,42.1,42.521,42.942,43.363,41.32,41.7332,42.1464,42.5596,39.378,39.77178,40.16556,40.55934,36.41,36.7741,37.1382,37.5023,33.825,34.16325,34.5015,34.83975,30.072,30.37272,30.67344,30.97416,28.971,29.26071,29.55042,29.84013,28.44,28.7244,29.0088,29.2932,27.73,28.0073,28.2846,28.5619,27.636,27.91236,28.18872,28.46508,27.35964,26.94
-1.182,40.446,40.85046,41.25492,41.65938,41.2,41.612,42.024,42.436,41.916,42.33516,42.75432,43.17348,41.064,41.47464,41.88528,42.29592,39.074,39.46474,39.85548,40.24622,36.07,36.4307,36.7914,37.1521,33.475,33.80975,34.1445,34.47925,29.724,30.02124,30.31848,30.61572,28.625,28.91125,29.1975,29.48375,28.1,28.381,28.662,28.943,27.39,27.6639,27.9378,28.2117,27.3,27.573,27.846,28.119,27.027,26.604
-1.18,40.262,40.66462,41.06724,41.46986,41.05,41.4605,41.871,42.2815,41.732,42.14932,42.56664,42.98396,40.808,41.21608,41.62416,42.03224,38.77,39.1577,39.5454,39.9331,35.73,36.0873,36.4446,36.8019,33.124,33.45524,33.78648,34.11772,29.376,29.66976,29.96352,30.25728,28.279,28.56179,28.84458,29.12737,27.76,28.0376,28.3152,28.5928,27.05,27.3205,27.591,27.8615,26.964,27.23364,27.50328,27.77292,26.69436,26.268
-1.178,40.078,40.47878,40.87956,41.28034,40.9,41.309,41.718,42.127,41.548,41.96348,42.37896,42.79444,40.552,40.95752,41.36304,41.76856,38.456,38.84056,39.22512,39.60968,35.39,35.7439,36.0978,36.4517,32.772,33.09972,33.42744,33.75516,29.028,29.31828,29.60856,29.89884,27.933,28.21233,28.49166,28.77099,27.42,27.6942,27.9684,28.2426,26.71,26.9771,27.2442,27.5113,26.628,26.89428,27.16056,27.42684,26.36172,25.937
-1.176,39.894,40.29294,40.69188,41.09082,40.75,41.1575,41.565,41.9725,41.364,41.77764,42.19128,42.60492,40.296,40.69896,41.10192,41.50488,38.142,38.52342,38.90484,39.28626,35.049,35.39949,35.74998,36.10047,32.42,32.7442,33.0684,33.3926,28.68,28.9668,29.2536,29.5404,27.591,27.86691,28.14282,28.41873,27.083,27.35383,27.62466,27.89549,26.38,26.6438,26.9076,27.1714,26.296,26.55896,26.82192,27.08488,26.03304,25.611
-1.174,39.71,40.1071,40.5042,40.9013,40.6,41.006,41.412,41.818,41.18,41.5918,42.0036,42.4154,40.04,40.4404,40.8408,41.2412,37.828,38.20628,38.58456,38.96284,34.707,35.05407,35.40114,35.74821,32.068,32.38868,32.70936,33.03004,28.338,28.62138,28.90476,29.18814,27.253,27.52553,27.79806,28.07059,26.749,27.01649,27.28398,27.55147,26.05,26.3105,26.571,26.8315,25.968,26.22768,26.48736,26.74704,25.70832,25.285
-1.172,39.542,39.93742,40.33284,40.72826,40.454,40.85854,41.26308,41.66762,40.99,41.3999,41.8098,42.2197,39.772,40.16972,40.56744,40.96516,37.514,37.88914,38.26428,38.63942,34.365,34.70865,35.0523,35.39595,31.716,32.03316,32.35032,32.66748,27.996,28.27596,28.55592,28.83588,26.915,27.18415,27.4533,27.72245,26.415,26.67915,26.9433,27.20745,25.72,25.9772,26.2344,26.4916,25.64,25.8964,26.1528,26.4092,25.3836,24.959
-1.17,39.374,39.76774,40.16148,40.55522,40.308,40.71108,41.11416,41.51724,40.8,41.208,41.616,42.024,39.504,39.89904,40.29408,40.68912,37.2,37.572,37.944,38.316,34.023,34.36323,34.70346,35.04369,31.366,31.67966,31.99332,32.30698,27.654,27.93054,28.20708,28.48362,26.577,26.84277,27.10854,27.37431,26.081,26.34181,26.60262,26.86343,25.39,25.6439,25.8978,26.1517,25.312,25.56512,25.81824,26.07136,25.05888,24.633
-1.168,39.206,39.59806,39.99012,40.38218,40.162,40.56362,40.96524,41.36686,40.61,41.0161,41.4222,41.8283,39.236,39.62836,40.02072,40.41308,36.878,37.24678,37.61556,37.98434,33.681,34.01781,34.35462,34.69143,31.018,31.32818,31.63836,31.94854,27.312,27.58512,27.85824,28.13136,26.239,26.50139,26.76378,27.02617,25.747,26.00447,26.26194,26.51941,25.06,25.3106,25.5612,25.8118,24.984,25.23384,25.48368,25.73352,24.73416,24.313
-1.166,39.038,39.42838,39.81876,40.20914,40.016,40.41616,40.81632,41.21648,40.42,40.8242,41.2284,41.6326,38.968,39.35768,39.74736,40.13704,36.556,36.92156,37.28712,37.65268,33.337,33.67037,34.00374,34.33711,30.67,30.9767,31.2834,31.5901,26.97,27.2397,27.5094,27.7791,25.907,26.16607,26.42514,26.68421,25.419,25.67319,25.92738,26.18157,24.742,24.98942,25.23684,25.48426,24.662,24.90862,25.15524,25.40186,24.41538,23.999
-1.164,38.87,39.2587,39.6474,40.0361,39.87,40.2687,40.6674,41.0661,40.23,40.6323,41.0346,41.4369,38.7,39.087,39.474,39.861,36.234,36.59634,36.95868,37.32102,32.991,33.32091,33.65082,33.98073,30.322,30.62522,30.92844,31.23166,26.638,26.90438,27.17076,27.43714,25.581,25.83681,26.09262,26.34843,25.097,25.34797,25.59894,25.84991,24.424,24.66824,24.91248,25.15672,24.346,24.58946,24.83292,25.07638,24.10254,23.685
-1.162,38.718,39.10518,39.49236,39.87954,39.726,40.12326,40.52052,40.91778,40.028,40.42828,40.82856,41.22884,38.42,38.8042,39.1884,39.5726,35.912,36.27112,36.63024,36.98936,32.645,32.97145,33.2979,33.62435,29.974,30.27374,30.57348,30.87322,26.306,26.56906,26.83212,27.09518,25.255,25.50755,25.7601,26.01265,24.775,25.02275,25.2705,25.51825,24.106,24.34706,24.58812,24.82918,24.03,24.2703,24.5106,24.7509,23.7897,23.371
-1.16,38.566,38.95166,39.33732,39.72298,39.582,39.97782,40.37364,40.76946,39.826,40.22426,40.62252,41.02078,38.14,38.5214,38.9028,39.2842,35.59,35.9459,36.3018,36.6577,32.299,32.62199,32.94498,33.26797,29.628,29.92428,30.22056,30.51684,25.974,26.23374,26.49348,26.75322,24.929,25.17829,25.42758,25.67687,24.453,24.69753,24.94206,25.18659,23.788,24.02588,24.26376,24.50164,23.714,23.95114,24.18828,24.42542,23.47686,23.057
-1.158,38.414,38.79814,39.18228,39.56642,39.438,39.83238,40.22676,40.62114,39.624,40.02024,40.41648,40.81272,37.86,38.2386,38.6172,38.9958,35.264,35.61664,35.96928,36.32192,31.953,32.27253,32.59206,32.91159,29.284,29.57684,29.86968,30.16252,25.642,25.89842,26.15484,26.41126,24.603,24.84903,25.09506,25.34109,24.131,24.37231,24.61362,24.85493,23.47,23.7047,23.9394,24.1741,23.398,23.63198,23.86596,24.09994,23.16402,22.751
-1.156,38.262,38.64462,39.02724,39.40986,39.294,39.68694,40.07988,40.47282,39.422,39.81622,40.21044,40.60466,37.58,37.9558,38.3316,38.7074,34.938,35.28738,35.63676,35.98614,31.609,31.92509,32.24118,32.55727,28.94,29.2294,29.5188,29.8082,25.31,25.5631,25.8162,26.0693,24.283,24.52583,24.76866,25.01149,23.815,24.05315,24.2913,24.52945,23.166,23.39766,23.62932,23.86098,23.089,23.31989,23.55078,23.78167,22.85811,22.453
-1.154,38.11,38.4911,38.8722,39.2533,39.15,39.5415,39.933,40.3245,39.22,39.6122,40.0044,40.3966,37.3,37.673,38.046,38.419,34.612,34.95812,35.30424,35.65036,31.267,31.57967,31.89234,32.20501,28.596,28.88196,29.16792,29.45388,24.99,25.2399,25.4898,25.7397,23.969,24.20869,24.44838,24.68807,23.505,23.74005,23.9751,24.21015,22.862,23.09062,23.31924,23.54786,22.787,23.01487,23.24274,23.47061,22.55913,22.155
-1.152,37.97,38.3497,38.7294,39.1091,39.006,39.39606,39.78612,40.17618,39.008,39.39808,39.78816,40.17824,37.012,37.38212,37.75224,38.12236,34.286,34.62886,34.97172,35.31458,30.925,31.23425,31.5435,31.85275,28.252,28.53452,28.81704,29.09956,24.67,24.9167,25.1634,25.4101,23.655,23.89155,24.1281,24.36465,23.195,23.42695,23.6589,23.89085,22.558,22.78358,23.00916,23.23474,22.485,22.70985,22.9347,23.15955,22.26015,21.857
-1.15,37.83,38.2083,38.5866,38.9649,38.862,39.25062,39.63924,40.02786,38.796,39.18396,39.57192,39.95988,36.724,37.09124,37.45848,37.82572,33.96,34.2996,34.6392,34.9788,30.583,30.88883,31.19466,31.50049,27.912,28.19112,28.47024,28.74936,24.35,24.5935,24.837,25.0805,23.341,23.57441,23.80782,24.04123,22.885,23.11385,23.3427,23.57155,22.254,22.47654,22.69908,22.92162,22.183,22.40483,22.62666,22.84849,21.96117,21.559
-1.148,37.69,38.0669,38.4438,38.8207,38.718,39.10518,39.49236,39.87954,38.584,38.96984,39.35568,39.74152,36.436,36.80036,37.16472,37.52908,33.63,33.9663,34.3026,34.6389,30.241,30.54341,30.84582,31.14823,27.576,27.85176,28.12752,28.40328,24.03,24.2703,24.5106,24.7509,23.027,23.25727,23.48754,23.71781,22.575,22.80075,23.0265,23.25225,21.95,22.1695,22.389,22.6085,21.881,22.09981,22.31862,22.53743,21.66219,21.268
-1.146,37.55,37.9255,38.301,38.6765,38.574,38.95974,39.34548,39.73122,38.372,38.75572,39.13944,39.52316,36.148,36.50948,36.87096,37.23244,33.3,33.633,33.966,34.299,29.901,30.20001,30.49902,30.79803,27.24,27.5124,27.7848,28.0572,23.71,23.9471,24.1842,24.4213,22.72,22.9472,23.1744,23.4016,22.273,22.49573,22.71846,22.94119,21.66,21.8766,22.0932,22.3098,21.586,21.80186,22.01772,22.23358,21.37014,20.984
-1.144,37.41,37.7841,38.1582,38.5323,38.43,38.8143,39.1986,39.5829,38.16,38.5416,38.9232,39.3048,35.86,36.2186,36.5772,36.9358,32.97,33.2997,33.6294,33.9591,29.563,29.85863,30.15426,30.44989,26.904,27.17304,27.44208,27.71112,23.404,23.63804,23.87208,24.10612,22.42,22.6442,22.8684,23.0926,21.979,22.19879,22.41858,22.63837,21.37,21.5837,21.7974,22.0111,21.298,21.51098,21.72396,21.93694,21.08502,20.7
-1.142,37.282,37.65482,38.02764,38.40046,38.282,38.66482,39.04764,39.43046,37.94,38.3194,38.6988,39.0782,35.564,35.91964,36.27528,36.63092,32.64,32.9664,33.2928,33.6192,29.225,29.51725,29.8095,30.10175,26.568,26.83368,27.09936,27.36504,23.098,23.32898,23.55996,23.79094,22.12,22.3412,22.5624,22.7836,21.685,21.90185,22.1187,22.33555,21.08,21.2908,21.5016,21.7124,21.01,21.2201,21.4302,21.6403,20.7999,20.416
-1.14,37.154,37.52554,37.89708,38.26862,38.134,38.51534,38.89668,39.27802,37.72,38.0972,38.4744,38.8516,35.268,35.62068,35.97336,36.32604,32.31,32.6331,32.9562,33.2793,28.887,29.17587,29.46474,29.75361,26.238,26.50038,26.76276,27.02514,22.792,23.01992,23.24784,23.47576,21.82,22.0382,22.2564,22.4746,21.391,21.60491,21.81882,22.03273,20.79,20.9979,21.2058,21.4137,20.722,20.92922,21.13644,21.34366,20.51478,20.132
-1.138,37.026,37.39626,37.76652,38.13678,37.986,38.36586,38.74572,39.12558,37.5,37.875,38.25,38.625,34.972,35.32172,35.67144,36.02116,31.98,32.2998,32.6196,32.9394,28.549,28.83449,29.11998,29.40547,25.914,26.17314,26.43228,26.69142,22.486,22.71086,22.93572,23.16058,21.52,21.7352,21.9504,22.1656,21.097,21.30797,21.51894,21.72991,20.5,20.705,20.91,21.115,20.434,20.63834,20.84268,21.04702,20.22966,19.857
-1.136,36.898,37.26698,37.63596,38.00494,37.838,38.21638,38.59476,38.97314,37.28,37.6528,38.0256,38.3984,34.676,35.02276,35.36952,35.71628,31.65,31.9665,32.283,32.5995,28.216,28.49816,28.78032,29.06248,25.59,25.8459,26.1018,26.3577,22.18,22.4018,22.6236,22.8454,21.229,21.44129,21.65358,21.86587,20.81,21.0181,21.2262,21.4343,20.226,20.42826,20.63052,20.83278,20.155,20.35655,20.5581,20.75965,19.95345,19.591
-1.134,36.77,37.1377,37.5054,37.8731,37.69,38.0669,38.4438,38.8207,37.06,37.4306,37.8012,38.1718,34.38,34.7238,35.0676,35.4114,31.32,31.6332,31.9464,32.2596,27.888,28.16688,28.44576,28.72464,25.266,25.51866,25.77132,26.02398,21.89,22.1089,22.3278,22.5467,20.947,21.15647,21.36594,21.57541,20.53,20.7353,20.9406,21.1459,19.952,20.15152,20.35104,20.55056,19.885,20.08385,20.2827,20.48155,19.68615,19.325
-1.132,36.648,37.01448,37.38096,37.74744,37.538,37.91338,38.28876,38.66414,36.828,37.19628,37.56456,37.93284,34.078,34.41878,34.75956,35.10034,30.99,31.2999,31.6098,31.9197,27.56,27.8356,28.1112,28.3868,24.942,25.19142,25.44084,25.69026,21.6,21.816,22.032,22.248,20.665,20.87165,21.0783,21.28495,20.25,20.4525,20.655,20.8575,19.678,19.87478,20.07156,20.26834,19.615,19.81115,20.0073,20.20345,19.41885,19.059
-1.13,36.526,36.89126,37.25652,37.62178,37.386,37.75986,38.13372,38.50758,36.596,36.96196,37.32792,37.69388,33.776,34.11376,34.45152,34.78928,30.66,30.9666,31.2732,31.5798,27.232,27.50432,27.77664,28.04896,24.624,24.87024,25.11648,25.36272,21.31,21.5231,21.7362,21.9493,20.383,20.58683,20.79066,20.99449,19.97,20.1697,20.3694,20.5691,19.404,19.59804,19.79208,19.98612,19.345,19.53845,19.7319,19.92535,19.15155,18.793
-1.128,36.404,36.76804,37.13208,37.49612,37.234,37.60634,37.97868,38.35102,36.364,36.72764,37.09128,37.45492,33.474,33.80874,34.14348,34.47822,30.334,30.63734,30.94068,31.24402,26.904,27.17304,27.44208,27.71112,24.312,24.55512,24.79824,25.04136,21.02,21.2302,21.4404,21.6506,20.101,20.30201,20.50302,20.70403,19.69,19.8869,20.0838,20.2807,19.13,19.3213,19.5126,19.7039,19.075,19.26575,19.4565,19.64725,18.88425,18.535
-1.126,36.282,36.64482,37.00764,37.37046,37.082,37.45282,37.82364,38.19446,36.132,36.49332,36.85464,37.21596,33.172,33.50372,33.83544,34.16716,30.008,30.30808,30.60816,30.90824,26.579,26.84479,27.11058,27.37637,24,24.24,24.48,24.72,20.73,20.9373,21.1446,21.3519,19.827,20.02527,20.22354,20.42181,19.419,19.61319,19.80738,20.00157,18.874,19.06274,19.25148,19.44022,18.812,19.00012,19.18824,19.37636,18.62388,18.285
-1.124,36.16,36.5216,36.8832,37.2448,36.93,37.2993,37.6686,38.0379,35.9,36.259,36.618,36.977,32.87,33.1987,33.5274,33.8561,29.682,29.97882,30.27564,30.57246,26.257,26.51957,26.78214,27.04471,23.688,23.92488,24.16176,24.39864,20.454,20.65854,20.86308,21.06762,19.561,19.75661,19.95222,20.14783,19.157,19.34857,19.54014,19.73171,18.618,18.80418,18.99036,19.17654,18.556,18.74156,18.92712,19.11268,18.37044,18.035
-1.122,36.046,36.40646,36.76692,37.12738,36.772,37.13972,37.50744,37.87516,35.66,36.0166,36.3732,36.7298,32.568,32.89368,33.21936,33.54504,29.356,29.64956,29.94312,30.23668,25.935,26.19435,26.4537,26.71305,23.376,23.60976,23.84352,24.07728,20.178,20.37978,20.58156,20.78334,19.295,19.48795,19.6809,19.87385,18.895,19.08395,19.2729,19.46185,18.362,18.54562,18.72924,18.91286,18.3,18.483,18.666,18.849,18.117,17.785
-1.12,35.932,36.29132,36.65064,37.00996,36.614,36.98014,37.34628,37.71242,35.42,35.7742,36.1284,36.4826,32.266,32.58866,32.91132,33.23398,29.03,29.3203,29.6106,29.9009,25.613,25.86913,26.12526,26.38139,23.071,23.30171,23.53242,23.76313,19.902,20.10102,20.30004,20.49906,19.029,19.21929,19.40958,19.59987,18.633,18.81933,19.00566,19.19199,18.106,18.28706,18.46812,18.64918,18.044,18.22444,18.40488,18.58532,17.86356,17.535
-1.118,35.818,36.17618,36.53436,36.89254,36.456,36.82056,37.18512,37.54968,35.18,35.5318,35.8836,36.2354,31.964,32.28364,32.60328,32.92292,28.708,28.99508,29.28216,29.56924,25.291,25.54391,25.79682,26.04973,22.773,23.00073,23.22846,23.45619,19.626,19.82226,20.01852,20.21478,18.763,18.95063,19.13826,19.32589,18.371,18.55471,18.73842,18.92213,17.85,18.0285,18.207,18.3855,17.788,17.96588,18.14376,18.32164,17.61012,17.293
-1.116,35.704,36.06104,36.41808,36.77512,36.298,36.66098,37.02396,37.38694,34.94,35.2894,35.6388,35.9882,31.662,31.97862,32.29524,32.61186,28.386,28.66986,28.95372,29.23758,24.976,25.22576,25.47552,25.72528,22.475,22.69975,22.9245,23.14925,19.35,19.5435,19.737,19.9305,18.505,18.69005,18.8751,19.06015,18.117,18.29817,18.47934,18.66051,17.608,17.78408,17.96016,18.13624,17.541,17.71641,17.89182,18.06723,17.36559,17.059
-1.114,35.59,35.9459,36.3018,36.6577,36.14,36.5014,36.8628,37.2242,34.7,35.047,35.394,35.741,31.36,31.6736,31.9872,32.3008,28.064,28.34464,28.62528,28.90592,24.668,24.91468,25.16136,25.40804,22.177,22.39877,22.62054,22.84231,19.092,19.28292,19.47384,19.66476,18.255,18.43755,18.6201,18.80265,17.871,18.04971,18.22842,18.40713,17.366,17.53966,17.71332,17.88698,17.303,17.47603,17.64906,17.82209,17.12997,16.825
-1.112,35.478,35.83278,36.18756,36.54234,35.974,36.33374,36.69348,37.05322,34.452,34.79652,35.14104,35.48556,31.056,31.36656,31.67712,31.98768,27.742,28.01942,28.29684,28.57426,24.36,24.6036,24.8472,25.0908,21.879,22.09779,22.31658,22.53537,18.834,19.02234,19.21068,19.39902,18.005,18.18505,18.3651,18.54515,17.625,17.80125,17.9775,18.15375,17.124,17.29524,17.46648,17.63772,17.065,17.23565,17.4063,17.57695,16.89435,16.591
-1.11,35.366,35.71966,36.07332,36.42698,35.808,36.16608,36.52416,36.88224,34.204,34.54604,34.88808,35.23012,30.752,31.05952,31.36704,31.67456,27.42,27.6942,27.9684,28.2426,24.052,24.29252,24.53304,24.77356,21.589,21.80489,22.02078,22.23667,18.576,18.76176,18.94752,19.13328,17.755,17.93255,18.1101,18.28765,17.379,17.55279,17.72658,17.90037,16.882,17.05082,17.21964,17.38846,16.827,16.99527,17.16354,17.33181,16.65873,16.357
-1.108,35.254,35.60654,35.95908,36.31162,35.642,35.99842,36.35484,36.71126,33.956,34.29556,34.63512,34.97468,30.448,30.75248,31.05696,31.36144,27.108,27.37908,27.65016,27.92124,23.744,23.98144,24.21888,24.45632,21.307,21.52007,21.73314,21.94621,18.318,18.50118,18.68436,18.86754,17.505,17.68005,17.8551,18.03015,17.133,17.30433,17.47566,17.64699,16.64,16.8064,16.9728,17.1392,16.589,16.75489,16.92078,17.08667,16.42311,16.13
-1.106,35.142,35.49342,35.84484,36.19626,35.476,35.83076,36.18552,36.54028,33.708,34.04508,34.38216,34.71924,30.144,30.44544,30.74688,31.04832,26.796,27.06396,27.33192,27.59988,23.442,23.67642,23.91084,24.14526,21.025,21.23525,21.4455,21.65575,18.06,18.2406,18.4212,18.6018,17.263,17.43563,17.60826,17.78089,16.894,17.06294,17.23188,17.40082,16.414,16.57814,16.74228,16.90642,16.357,16.52057,16.68414,16.84771,16.19343,15.91
-1.104,35.03,35.3803,35.7306,36.0809,35.31,35.6631,36.0162,36.3693,33.46,33.7946,34.1292,34.4638,29.84,30.1384,30.4368,30.7352,26.484,26.74884,27.01368,27.27852,23.146,23.37746,23.60892,23.84038,20.743,20.95043,21.15786,21.36529,17.818,17.99618,18.17436,18.35254,17.029,17.19929,17.36958,17.53987,16.662,16.82862,16.99524,17.16186,16.188,16.34988,16.51176,16.67364,16.131,16.29231,16.45362,16.61493,15.96969,15.69
-1.102,34.92,35.2692,35.6184,35.9676,35.136,35.48736,35.83872,36.19008,33.206,33.53806,33.87012,34.20218,29.538,29.83338,30.12876,30.42414,26.172,26.43372,26.69544,26.95716,22.85,23.0785,23.307,23.5355,20.461,20.66561,20.87022,21.07483,17.576,17.75176,17.92752,18.10328,16.795,16.96295,17.1309,17.29885,16.43,16.5943,16.7586,16.9229,15.962,16.12162,16.28124,16.44086,15.905,16.06405,16.2231,16.38215,15.74595,15.47
-1.1,34.81,35.1581,35.5062,35.8543,34.962,35.31162,35.66124,36.01086,32.952,33.28152,33.61104,33.94056,29.236,29.52836,29.82072,30.11308,25.86,26.1186,26.3772,26.6358,22.554,22.77954,23.00508,23.23062,20.186,20.38786,20.58972,20.79158,17.334,17.50734,17.68068,17.85402,16.561,16.72661,16.89222,17.05783,16.198,16.35998,16.52196,16.68394,15.736,15.89336,16.05072,16.20808,15.679,15.83579,15.99258,16.14937,15.52221,15.25
-1.098,34.7,35.047,35.394,35.741,34.788,35.13588,35.48376,35.83164,32.698,33.02498,33.35196,33.67894,28.934,29.22334,29.51268,29.80202,25.554,25.80954,26.06508,26.32062,22.258,22.48058,22.70316,22.92574,19.918,20.11718,20.31636,20.51554,17.092,17.26292,17.43384,17.60476,16.327,16.49027,16.65354,16.81681,15.966,16.12566,16.28532,16.44498,15.51,15.6651,15.8202,15.9753,15.453,15.60753,15.76206,15.91659,15.29847,15.037
-1.096,34.59,34.9359,35.2818,35.6277,34.614,34.96014,35.30628,35.65242,32.444,32.76844,33.09288,33.41732,28.632,28.91832,29.20464,29.49096,25.248,25.50048,25.75296,26.00544,21.969,22.18869,22.40838,22.62807,19.65,19.8465,20.043,20.2395,16.85,17.0185,17.187,17.3555,16.1,16.261,16.422,16.583,15.741,15.89841,16.05582,16.21323,15.298,15.45098,15.60396,15.75694,15.234,15.38634,15.53868,15.69102,15.08166,14.831
-1.094,34.48,34.8248,35.1696,35.5144,34.44,34.7844,35.1288,35.4732,32.19,32.5119,32.8338,33.1557,28.33,28.6133,28.8966,29.1799,24.942,25.19142,25.44084,25.69026,21.687,21.90387,22.12074,22.33761,19.382,19.57582,19.76964,19.96346,16.624,16.79024,16.95648,17.12272,15.88,16.0388,16.1976,16.3564,15.523,15.67823,15.83346,15.98869,15.086,15.23686,15.38772,15.53858,15.022,15.17222,15.32244,15.47266,14.87178,14.625
-1.092,34.37,34.7137,35.0574,35.4011,34.258,34.60058,34.94316,35.28574,31.93,32.2493,32.5686,32.8879,28.032,28.31232,28.59264,28.87296,24.636,24.88236,25.12872,25.37508,21.405,21.61905,21.8331,22.04715,19.114,19.30514,19.49628,19.68742,16.398,16.56198,16.72596,16.88994,15.66,15.8166,15.9732,16.1298,15.305,15.45805,15.6111,15.76415,14.874,15.02274,15.17148,15.32022,14.81,14.9581,15.1062,15.2543,14.6619,14.419
-1.09,34.26,34.6026,34.9452,35.2878,34.076,34.41676,34.75752,35.09828,31.67,31.9867,32.3034,32.6201,27.734,28.01134,28.28868,28.56602,24.33,24.5733,24.8166,25.0599,21.123,21.33423,21.54546,21.75669,18.854,19.04254,19.23108,19.41962,16.172,16.33372,16.49544,16.65716,15.44,15.5944,15.7488,15.9032,15.087,15.23787,15.38874,15.53961,14.662,14.80862,14.95524,15.10186,14.598,14.74398,14.88996,15.03594,14.45202,14.213
-1.088,34.15,34.4915,34.833,35.1745,33.894,34.23294,34.57188,34.91082,31.41,31.7241,32.0382,32.3523,27.436,27.71036,27.98472,28.25908,24.036,24.27636,24.51672,24.75708,20.841,21.04941,21.25782,21.46623,18.602,18.78802,18.97404,19.16006,15.946,16.10546,16.26492,16.42438,15.22,15.3722,15.5244,15.6766,14.869,15.01769,15.16638,15.31507,14.45,14.5945,14.739,14.8835,14.386,14.52986,14.67372,14.81758,14.24214,14.013
-1.086,34.04,34.3804,34.7208,35.0612,33.712,34.04912,34.38624,34.72336,31.15,31.4615,31.773,32.0845,27.138,27.40938,27.68076,27.95214,23.742,23.97942,24.21684,24.45426,20.566,20.77166,20.97732,21.18298,18.35,18.5335,18.717,18.9005,15.72,15.8772,16.0344,16.1916,15.006,15.15606,15.30612,15.45618,14.657,14.80357,14.95014,15.09671,14.248,14.39048,14.53296,14.67544,14.18,14.3218,14.4636,14.6054,14.0382,13.819
-1.084,33.93,34.2693,34.6086,34.9479,33.53,33.8653,34.2006,34.5359,30.89,31.1989,31.5078,31.8167,26.84,27.1084,27.3768,27.6452,23.448,23.68248,23.91696,24.15144,20.298,20.50098,20.70396,20.90694,18.098,18.27898,18.45996,18.64094,15.506,15.66106,15.81612,15.97118,14.798,14.94598,15.09396,15.24194,14.451,14.59551,14.74002,14.88453,14.046,14.18646,14.32692,14.46738,13.98,14.1198,14.2596,14.3994,13.8402,13.625
-1.082,33.814,34.15214,34.49028,34.82842,33.34,33.6734,34.0068,34.3402,30.626,30.93226,31.23852,31.54478,26.548,26.81348,27.07896,27.34444,23.154,23.38554,23.61708,23.84862,20.03,20.2303,20.4306,20.6309,17.846,18.02446,18.20292,18.38138,15.292,15.44492,15.59784,15.75076,14.59,14.7359,14.8818,15.0277,14.245,14.38745,14.5299,14.67235,13.844,13.98244,14.12088,14.25932,13.78,13.9178,14.0556,14.1934,13.6422,13.431
-1.08,33.698,34.03498,34.37196,34.70894,33.15,33.4815,33.813,34.1445,30.362,30.66562,30.96924,31.27286,26.256,26.51856,26.78112,27.04368,22.86,23.0886,23.3172,23.5458,19.762,19.95962,20.15724,20.35486,17.601,17.77701,17.95302,18.12903,15.078,15.22878,15.37956,15.53034,14.382,14.52582,14.66964,14.81346,14.039,14.17939,14.31978,14.46017,13.642,13.77842,13.91484,14.05126,13.58,13.7158,13.8516,13.9874,13.4442,13.237
-1.078,33.582,33.91782,34.25364,34.58946,32.96,33.2896,33.6192,33.9488,30.098,30.39898,30.69996,31.00094,25.964,26.22364,26.48328,26.74292,22.576,22.80176,23.02752,23.25328,19.494,19.68894,19.88388,20.07882,17.363,17.53663,17.71026,17.88389,14.864,15.01264,15.16128,15.30992,14.174,14.31574,14.45748,14.59922,13.833,13.97133,14.10966,14.24799,13.44,13.5744,13.7088,13.8432,13.38,13.5138,13.6476,13.7814,13.2462,13.047
-1.076,33.466,33.80066,34.13532,34.46998,32.77,33.0977,33.4254,33.7531,29.834,30.13234,30.43068,30.72902,25.672,25.92872,26.18544,26.44216,22.292,22.51492,22.73784,22.96076,19.232,19.42432,19.61664,19.80896,17.125,17.29625,17.4675,17.63875,14.65,14.7965,14.943,15.0895,13.972,14.11172,14.25144,14.39116,13.633,13.76933,13.90566,14.04199,13.25,13.3825,13.515,13.6475,13.185,13.31685,13.4487,13.58055,13.05315,12.861
-1.074,33.35,33.6835,34.017,34.3505,32.58,32.9058,33.2316,33.5574,29.57,29.8657,30.1614,30.4571,25.38,25.6338,25.8876,26.1414,22.008,22.22808,22.44816,22.66824,18.976,19.16576,19.35552,19.54528,16.887,17.05587,17.22474,17.39361,14.446,14.59046,14.73492,14.87938,13.776,13.91376,14.05152,14.18928,13.439,13.57339,13.70778,13.84217,13.06,13.1906,13.3212,13.4518,12.995,13.12495,13.2549,13.38485,12.86505,12.675
-1.072,33.23,33.5623,33.8946,34.2269,32.382,32.70582,33.02964,33.35346,29.304,29.59704,29.89008,30.18312,25.094,25.34494,25.59588,25.84682,21.724,21.94124,22.15848,22.37572,18.72,18.9072,19.0944,19.2816,16.649,16.81549,16.98198,17.14847,14.242,14.38442,14.52684,14.66926,13.58,13.7158,13.8516,13.9874,13.245,13.37745,13.5099,13.64235,12.87,12.9987,13.1274,13.2561,12.805,12.93305,13.0611,13.18915,12.67695,12.489
-1.07,33.11,33.4411,33.7722,34.1033,32.184,32.50584,32.82768,33.14952,29.038,29.32838,29.61876,29.90914,24.808,25.05608,25.30416,25.55224,21.44,21.6544,21.8688,22.0832,18.464,18.64864,18.83328,19.01792,16.417,16.58117,16.74534,16.90951,14.038,14.17838,14.31876,14.45914,13.384,13.51784,13.65168,13.78552,13.051,13.18151,13.31202,13.44253,12.68,12.8068,12.9336,13.0604,12.615,12.74115,12.8673,12.99345,12.48885,12.303
-1.068,32.99,33.3199,33.6498,33.9797,31.986,32.30586,32.62572,32.94558,28.772,29.05972,29.34744,29.63516,24.522,24.76722,25.01244,25.25766,21.168,21.37968,21.59136,21.80304,18.208,18.39008,18.57216,18.75424,16.191,16.35291,16.51482,16.67673,13.834,13.97234,14.11068,14.24902,13.188,13.31988,13.45176,13.58364,12.857,12.98557,13.11414,13.24271,12.49,12.6149,12.7398,12.8647,12.425,12.54925,12.6735,12.79775,12.30075,12.122
-1.066,32.87,33.1987,33.5274,33.8561,31.788,32.10588,32.42376,32.74164,28.506,28.79106,29.07612,29.36118,24.236,24.47836,24.72072,24.96308,20.896,21.10496,21.31392,21.52288,17.959,18.13859,18.31818,18.49777,15.965,16.12465,16.2843,16.44395,13.63,13.7663,13.9026,14.0389,12.997,13.12697,13.25694,13.38691,12.667,12.79367,12.92034,13.04701,12.306,12.42906,12.55212,12.67518,12.239,12.36139,12.48378,12.60617,12.11661,11.946
-1.064,32.75,33.0775,33.405,33.7325,31.59,31.9059,32.2218,32.5377,28.24,28.5224,28.8048,29.0872,23.95,24.1895,24.429,24.6685,20.624,20.83024,21.03648,21.24272,17.717,17.89417,18.07134,18.24851,15.739,15.89639,16.05378,16.21117,13.438,13.57238,13.70676,13.84114,12.811,12.93911,13.06722,13.19533,12.481,12.60581,12.73062,12.85543,12.122,12.24322,12.36444,12.48566,12.057,12.17757,12.29814,12.41871,11.93643,11.77
-1.062,32.624,32.95024,33.27648,33.60272,31.382,31.69582,32.00964,32.32346,27.974,28.25374,28.53348,28.81322,23.672,23.90872,24.14544,24.38216,20.352,20.55552,20.75904,20.96256,17.475,17.64975,17.8245,17.99925,15.513,15.66813,15.82326,15.97839,13.246,13.37846,13.51092,13.64338,12.625,12.75125,12.8775,13.00375,12.295,12.41795,12.5409,12.66385,11.938,12.05738,12.17676,12.29614,11.875,11.99375,12.1125,12.23125,11.75625,11.594
-1.06,32.498,32.82298,33.14796,33.47294,31.174,31.48574,31.79748,32.10922,27.708,27.98508,28.26216,28.53924,23.394,23.62794,23.86188,24.09582,20.08,20.2808,20.4816,20.6824,17.233,17.40533,17.57766,17.74999,15.293,15.44593,15.59886,15.75179,13.054,13.18454,13.31508,13.44562,12.439,12.56339,12.68778,12.81217,12.109,12.23009,12.35118,12.47227,11.754,11.87154,11.98908,12.10662,11.693,11.80993,11.92686,12.04379,11.57607,11.418
-1.058,32.372,32.69572,33.01944,33.34316,30.966,31.27566,31.58532,31.89498,27.442,27.71642,27.99084,28.26526,23.116,23.34716,23.57832,23.80948,19.82,20.0182,20.2164,20.4146,16.991,17.16091,17.33082,17.50073,15.079,15.22979,15.38058,15.53137,12.862,12.99062,13.11924,13.24786,12.253,12.37553,12.49806,12.62059,11.923,12.04223,12.16146,12.28069,11.57,11.6857,11.8014,11.9171,11.511,11.62611,11.74122,11.85633,11.39589,11.244
-1.056,32.246,32.56846,32.89092,33.21338,30.758,31.06558,31.37316,31.68074,27.176,27.44776,27.71952,27.99128,22.838,23.06638,23.29476,23.52314,19.56,19.7556,19.9512,20.1468,16.755,16.92255,17.0901,17.25765,14.865,15.01365,15.1623,15.31095,12.67,12.7967,12.9234,13.0501,12.071,12.19171,12.31242,12.43313,11.741,11.85841,11.97582,12.09323,11.396,11.50996,11.62392,11.73788,11.332,11.44532,11.55864,11.67196,11.21868,11.072
-1.054,32.12,32.4412,32.7624,33.0836,30.55,30.8555,31.161,31.4665,26.91,27.1791,27.4482,27.7173,22.56,22.7856,23.0112,23.2368,19.3,19.493,19.686,19.879,16.525,16.69025,16.8555,17.02075,14.651,14.79751,14.94402,15.09053,12.486,12.61086,12.73572,12.86058,11.893,12.01193,12.13086,12.24979,11.563,11.67863,11.79426,11.90989,11.222,11.33422,11.44644,11.55866,11.156,11.26756,11.37912,11.49068,11.04444,10.9
-1.052,31.984,32.30384,32.62368,32.94352,30.336,30.63936,30.94272,31.24608,26.644,26.91044,27.17688,27.44332,22.288,22.51088,22.73376,22.95664,19.04,19.2304,19.4208,19.6112,16.295,16.45795,16.6209,16.78385,14.437,14.58137,14.72574,14.87011,12.302,12.42502,12.54804,12.67106,11.715,11.83215,11.9493,12.06645,11.385,11.49885,11.6127,11.72655,11.048,11.15848,11.26896,11.37944,10.98,11.0898,11.1996,11.3094,10.8702,10.728
-1.05,31.848,32.16648,32.48496,32.80344,30.122,30.42322,30.72444,31.02566,26.378,26.64178,26.90556,27.16934,22.016,22.23616,22.45632,22.67648,18.78,18.9678,19.1556,19.3434,16.065,16.22565,16.3863,16.54695,14.228,14.37028,14.51256,14.65484,12.118,12.23918,12.36036,12.48154,11.537,11.65237,11.76774,11.88311,11.207,11.31907,11.43114,11.54321,10.874,10.98274,11.09148,11.20022,10.804,10.91204,11.02008,11.12812,10.69596,10.556
-1.048,31.712,32.02912,32.34624,32.66336,29.908,30.20708,30.50616,30.80524,26.112,26.37312,26.63424,26.89536,21.744,21.96144,22.17888,22.39632,18.528,18.71328,18.89856,19.08384,15.835,15.99335,16.1517,16.31005,14.024,14.16424,14.30448,14.44472,11.934,12.05334,12.17268,12.29202,11.359,11.47259,11.58618,11.69977,11.029,11.13929,11.24958,11.35987,10.7,10.807,10.914,11.021,10.628,10.73428,10.84056,10.94684,10.52172,10.3881
-1.046,31.576,31.89176,32.20752,32.52328,29.694,29.99094,30.28788,30.58482,25.846,26.10446,26.36292,26.62138,21.472,21.68672,21.90144,22.11616,18.276,18.45876,18.64152,18.82428,15.609,15.76509,15.92118,16.07727,13.82,13.9582,14.0964,14.2346,11.75,11.8675,11.985,12.1025,11.184,11.29584,11.40768,11.51952,10.854,10.96254,11.07108,11.17962,10.531,10.63631,10.74162,10.84693,10.4557,10.56026,10.66481,10.76937,10.35114,10.2243
-1.044,31.44,31.7544,32.0688,32.3832,29.48,29.7748,30.0696,30.3644,25.58,25.8358,26.0916,26.3474,21.2,21.412,21.624,21.836,18.024,18.20424,18.38448,18.56472,15.387,15.54087,15.69474,15.84861,13.616,13.75216,13.88832,14.02448,11.574,11.68974,11.80548,11.92122,11.012,11.12212,11.23224,11.34236,10.682,10.78882,10.89564,11.00246,10.362,10.46562,10.56924,10.67286,10.2871,10.38997,10.49284,10.59571,10.18423,10.0605
-1.042,31.296,31.60896,31.92192,32.23488,29.258,29.55058,29.84316,30.13574,25.314,25.56714,25.82028,26.07342,20.938,21.14738,21.35676,21.56614,17.772,17.94972,18.12744,18.30516,15.165,15.31665,15.4683,15.61995,13.412,13.54612,13.68024,13.81436,11.398,11.51198,11.62596,11.73994,10.84,10.9484,11.0568,11.1652,10.51,10.6151,10.7202,10.8253,10.193,10.29493,10.39686,10.49879,10.1185,10.21968,10.32087,10.42205,10.01731,9.8967
-1.04,31.152,31.46352,31.77504,32.08656,29.036,29.32636,29.61672,29.90708,25.048,25.29848,25.54896,25.79944,20.676,20.88276,21.08952,21.29628,17.52,17.6952,17.8704,18.0456,14.943,15.09243,15.24186,15.39129,13.213,13.34513,13.47726,13.60939,11.222,11.33422,11.44644,11.55866,10.668,10.77468,10.88136,10.98804,10.338,10.44138,10.54476,10.64814,10.024,10.12424,10.22448,10.32472,9.9499,10.0494,10.1489,10.2484,9.8504,9.7329
-1.038,31.008,31.31808,31.62816,31.93824,28.814,29.10214,29.39028,29.67842,24.782,25.02982,25.27764,25.52546,20.414,20.61814,20.82228,21.02642,17.28,17.4528,17.6256,17.7984,14.721,14.86821,15.01542,15.16263,13.019,13.14919,13.27938,13.40957,11.046,11.15646,11.26692,11.37738,10.496,10.60096,10.70592,10.81088,10.166,10.26766,10.36932,10.47098,9.855,9.95355,10.0521,10.15065,9.7813,9.87911,9.97693,10.07474,9.68349,9.5712
-1.036,30.864,31.17264,31.48128,31.78992,28.592,28.87792,29.16384,29.44976,24.516,24.76116,25.00632,25.25148,20.152,20.35352,20.55504,20.75656,17.04,17.2104,17.3808,17.5512,14.505,14.65005,14.7951,14.94015,12.825,12.95325,13.0815,13.20975,10.87,10.9787,11.0874,11.1961,10.3271,10.43037,10.53364,10.63691,9.9975,10.09747,10.19745,10.29742,9.6918,9.78872,9.88564,9.98255,9.6154,9.71155,9.80771,9.90386,9.51925,9.4116
-1.034,30.72,31.0272,31.3344,31.6416,28.37,28.6537,28.9374,29.2211,24.25,24.4925,24.735,24.9775,19.89,20.0889,20.2878,20.4867,16.8,16.968,17.136,17.304,14.295,14.43795,14.5809,14.72385,12.631,12.75731,12.88362,13.00993,10.7,10.807,10.914,11.021,10.1613,10.26291,10.36453,10.46614,9.8325,9.93082,10.02915,10.12747,9.5286,9.62389,9.71917,9.81446,9.4522,9.54672,9.64124,9.73577,9.35768,9.252
-1.032,30.564,30.86964,31.17528,31.48092,28.14,28.4214,28.7028,28.9842,23.988,24.22788,24.46776,24.70764,19.634,19.83034,20.02668,20.22302,16.56,16.7256,16.8912,17.0568,14.085,14.22585,14.3667,14.50755,12.437,12.56137,12.68574,12.81011,10.53,10.6353,10.7406,10.8459,9.9955,10.09545,10.19541,10.29536,9.6675,9.76417,9.86085,9.95752,9.3654,9.45905,9.55271,9.64636,9.289,9.38189,9.47478,9.56767,9.19611,9.0924
-1.03,30.408,30.71208,31.01616,31.32024,27.91,28.1891,28.4682,28.7473,23.726,23.96326,24.20052,24.43778,19.378,19.57178,19.76556,19.95934,16.32,16.4832,16.6464,16.8096,13.875,14.01375,14.1525,14.29125,12.246,12.36846,12.49092,12.61338,10.36,10.4636,10.5672,10.6708,9.8297,9.928,10.02629,10.12459,9.5025,9.59752,9.69255,9.78757,9.2022,9.29422,9.38624,9.47827,9.1258,9.21706,9.30832,9.39957,9.03454,8.9328
-1.028,30.252,30.55452,30.85704,31.15956,27.68,27.9568,28.2336,28.5104,23.464,23.69864,23.93328,24.16792,19.122,19.31322,19.50444,19.69566,16.088,16.24888,16.40976,16.57064,13.665,13.80165,13.9383,14.07495,12.058,12.17858,12.29916,12.41974,10.19,10.2919,10.3938,10.4957,9.6639,9.76054,9.85718,9.95382,9.3375,9.43087,9.52425,9.61762,9.039,9.12939,9.21978,9.31017,8.9626,9.05223,9.14185,9.23148,8.87297,8.7757
-1.026,30.096,30.39696,30.69792,30.99888,27.45,27.7245,27.999,28.2735,23.202,23.43402,23.66604,23.89806,18.866,19.05466,19.24332,19.43198,15.856,16.01456,16.17312,16.33168,13.458,13.59258,13.72716,13.86174,11.87,11.9887,12.1074,12.2261,10.02,10.1202,10.2204,10.3206,9.5007,9.59571,9.69071,9.78572,9.1748,9.26655,9.3583,9.45004,8.8808,8.96961,9.05842,9.14722,8.8021,8.89012,8.97814,9.06616,8.71408,8.6211
-1.024,29.94,30.2394,30.5388,30.8382,27.22,27.4922,27.7644,28.0366,22.94,23.1694,23.3988,23.6282,18.61,18.7961,18.9822,19.1683,15.624,15.78024,15.93648,16.09272,13.254,13.38654,13.51908,13.65162,11.682,11.79882,11.91564,12.03246,9.8554,9.95395,10.05251,10.15106,9.3401,9.4335,9.5269,9.6203,9.0144,9.10454,9.19469,9.28483,8.7226,8.80983,8.89705,8.98428,8.6443,8.73074,8.81719,8.90363,8.55786,8.4665
-1.022,29.776,30.07376,30.37152,30.66928,26.986,27.25586,27.52572,27.79558,22.678,22.90478,23.13156,23.35834,18.362,18.54562,18.72924,18.91286,15.392,15.54592,15.69984,15.85376,13.05,13.1805,13.311,13.4415,11.494,11.60894,11.72388,11.83882,9.6908,9.78771,9.88462,9.98152,9.1795,9.27129,9.36309,9.45488,8.854,8.94254,9.03108,9.11962,8.5644,8.65004,8.73569,8.82133,8.4865,8.57136,8.65623,8.74109,8.40163,8.3119
-1.02,29.612,29.90812,30.20424,30.50036,26.752,27.01952,27.28704,27.55456,22.416,22.64016,22.86432,23.08848,18.114,18.29514,18.47628,18.65742,15.16,15.3116,15.4632,15.6148,12.846,12.97446,13.10292,13.23138,11.309,11.42209,11.53518,11.64827,9.5262,9.62146,9.71672,9.81199,9.0189,9.10909,9.19928,9.28947,8.6936,8.78054,8.86747,8.95441,8.4062,8.49026,8.57432,8.65839,8.3287,8.41199,8.49527,8.57856,8.24541,8.1573
-1.018,29.448,29.74248,30.03696,30.33144,26.518,26.78318,27.04836,27.31354,22.154,22.37554,22.59708,22.81862,17.866,18.04466,18.22332,18.40198,14.938,15.08738,15.23676,15.38614,12.642,12.76842,12.89484,13.02126,11.127,11.23827,11.34954,11.46081,9.3616,9.45522,9.54883,9.64245,8.8583,8.94688,9.03547,9.12405,8.5332,8.61853,8.70386,8.7892,8.248,8.33048,8.41296,8.49544,8.1709,8.25261,8.33432,8.41603,8.08919,8.005
-1.016,29.284,29.57684,29.86968,30.16252,26.284,26.54684,26.80968,27.07252,21.892,22.11092,22.32984,22.54876,17.618,17.79418,17.97036,18.14654,14.716,14.86316,15.01032,15.15748,12.442,12.56642,12.69084,12.81526,10.945,11.05445,11.1639,11.27335,9.197,9.28897,9.38094,9.47291,8.7001,8.7871,8.8741,8.9611,8.3756,8.45936,8.54311,8.62687,8.0952,8.17615,8.2571,8.33806,8.0158,8.09596,8.17612,8.25627,7.93564,7.855
-1.014,29.12,29.4112,29.7024,29.9936,26.05,26.3105,26.571,26.8315,21.63,21.8463,22.0626,22.2789,17.37,17.5437,17.7174,17.8911,14.494,14.63894,14.78388,14.92882,12.246,12.36846,12.49092,12.61338,10.763,10.87063,10.97826,11.08589,9.0374,9.12777,9.21815,9.30852,8.5443,8.62974,8.71519,8.80063,8.2208,8.30301,8.38522,8.46742,7.9424,8.02182,8.10125,8.18067,7.8634,7.94203,8.02067,8.0993,7.78477,7.705
-1.012,28.942,29.23142,29.52084,29.81026,25.81,26.0681,26.3262,26.5843,21.372,21.58572,21.79944,22.01316,17.13,17.3013,17.4726,17.6439,14.272,14.41472,14.55744,14.70016,12.05,12.1705,12.291,12.4115,10.581,10.68681,10.79262,10.89843,8.8778,8.96658,9.05536,9.14413,8.3885,8.47238,8.55627,8.64015,8.066,8.14666,8.22732,8.30798,7.7896,7.8675,7.94539,8.02329,7.711,7.78811,7.86522,7.94233,7.63389,7.555
-1.01,28.764,29.05164,29.33928,29.62692,25.57,25.8257,26.0814,26.3371,21.114,21.32514,21.53628,21.74742,16.89,17.0589,17.2278,17.3967,14.05,14.1905,14.331,14.4715,11.854,11.97254,12.09108,12.20962,10.4031,10.50713,10.61116,10.71519,8.7182,8.80538,8.89256,8.97975,8.2327,8.31503,8.39735,8.47968,7.9112,7.99031,8.06942,8.14854,7.6368,7.71317,7.78954,7.8659,7.5586,7.63419,7.70977,7.78536,7.48301,7.405
-1.008,28.586,28.87186,29.15772,29.44358,25.33,25.5833,25.8366,26.0899,20.856,21.06456,21.27312,21.48168,16.65,16.8165,16.983,17.1495,13.834,13.97234,14.11068,14.24902,11.658,11.77458,11.89116,12.00774,10.2293,10.33159,10.43389,10.53618,8.5586,8.64419,8.72977,8.81536,8.0769,8.15767,8.23844,8.31921,7.7564,7.83396,7.91153,7.98909,7.484,7.55884,7.63368,7.70852,7.4062,7.48026,7.55432,7.62839,7.33214,7.2577
-1.006,28.408,28.69208,28.97616,29.26024,25.09,25.3409,25.5918,25.8427,20.598,20.80398,21.00996,21.21594,16.41,16.5741,16.7382,16.9023,13.618,13.75418,13.89036,14.02654,11.466,11.58066,11.69532,11.80998,10.0555,10.15605,10.25661,10.35716,8.399,8.48299,8.56698,8.65097,7.9238,8.00304,8.08228,8.16151,7.6043,7.68034,7.75639,7.83243,7.3368,7.41017,7.48354,7.5569,7.2567,7.32927,7.40183,7.4744,7.18413,7.1131
-1.004,28.23,28.5123,28.7946,29.0769,24.85,25.0985,25.347,25.5955,20.34,20.5434,20.7468,20.9502,16.17,16.3317,16.4934,16.6551,13.402,13.53602,13.67004,13.80406,11.278,11.39078,11.50356,11.61634,9.8817,9.98052,10.07933,10.17815,8.2446,8.32705,8.40949,8.49194,7.7734,7.85113,7.92887,8.0066,7.4549,7.52945,7.604,7.67855,7.1896,7.2615,7.33339,7.40529,7.1101,7.1812,7.2523,7.3234,7.039,6.9685
-1.002,28.044,28.32444,28.60488,28.88532,24.604,24.85004,25.09608,25.34212,20.084,20.28484,20.48568,20.68652,15.938,16.09738,16.25676,16.41614,13.186,13.31786,13.44972,13.58158,11.09,11.2009,11.3118,11.4227,9.7079,9.80498,9.90206,9.99914,8.0902,8.1711,8.252,8.33291,7.623,7.69923,7.77546,7.85169,7.3055,7.37855,7.45161,7.52466,7.0424,7.11282,7.18325,7.25367,6.9635,7.03313,7.10277,7.1724,6.89386,6.8239
-1,27.858,28.13658,28.41516,28.69374,24.358,24.60158,24.84516,25.08874,19.828,20.02628,20.22456,20.42284,15.706,15.86306,16.02012,16.17718,12.97,13.0997,13.2294,13.3591,10.902,11.01102,11.12004,11.22906,9.5366,9.63197,9.72733,9.8227,7.9358,8.01516,8.09452,8.17387,7.4726,7.54733,7.62205,7.69678,7.1561,7.22766,7.29922,7.37078,6.8952,6.96415,7.0331,7.10206,6.8169,6.88507,6.95324,7.02141,6.74873,6.6793
-0.998,27.672,27.94872,28.22544,28.50216,24.112,24.35312,24.59424,24.83536,19.572,19.76772,19.96344,20.15916,15.474,15.62874,15.78348,15.93822,12.762,12.88962,13.01724,13.14486,10.714,10.82114,10.92828,11.03542,9.3678,9.46148,9.55516,9.64883,7.7814,7.85921,7.93703,8.01484,7.3222,7.39542,7.46864,7.54187,7.0067,7.07677,7.14683,7.2169,6.748,6.81548,6.88296,6.95044,6.6703,6.737,6.80371,6.87041,6.6036,6.5376
-0.996,27.486,27.76086,28.03572,28.31058,23.866,24.10466,24.34332,24.58198,19.316,19.50916,19.70232,19.89548,15.242,15.39442,15.54684,15.69926,12.554,12.67954,12.80508,12.93062,10.529,10.63429,10.73958,10.84487,9.199,9.29099,9.38298,9.47497,7.627,7.70327,7.77954,7.85581,7.1744,7.24614,7.31789,7.38963,6.8603,6.9289,6.99751,7.06611,6.6066,6.67267,6.73873,6.8048,6.5268,6.59207,6.65734,6.7226,6.46153,6.3988
-0.994,27.3,27.573,27.846,28.119,23.62,23.8562,24.0924,24.3286,19.06,19.2506,19.4412,19.6318,15.01,15.1601,15.3102,15.4603,12.346,12.46946,12.59292,12.71638,10.347,10.45047,10.55394,10.65741,9.0302,9.1205,9.2108,9.30111,7.478,7.55278,7.62756,7.70234,7.0292,7.09949,7.16978,7.24008,6.7169,6.78407,6.85124,6.91841,6.4652,6.52985,6.5945,6.65916,6.3864,6.45026,6.51413,6.57799,6.32254,6.26
-0.992,27.1,27.371,27.642,27.913,23.372,23.60572,23.83944,24.07316,18.808,18.99608,19.18416,19.37224,14.782,14.92982,15.07764,15.22546,12.138,12.25938,12.38076,12.50214,10.165,10.26665,10.3683,10.46995,8.8614,8.95001,9.03863,9.12724,7.329,7.40229,7.47558,7.54887,6.884,6.95284,7.02168,7.09052,6.5735,6.63923,6.70497,6.7707,6.3238,6.38704,6.45028,6.51351,6.246,6.30846,6.37092,6.43338,6.18354,6.1212
-0.99,26.9,27.169,27.438,27.707,23.124,23.35524,23.58648,23.81772,18.556,18.74156,18.92712,19.11268,14.554,14.69954,14.84508,14.99062,11.93,12.0493,12.1686,12.2879,9.983,10.08283,10.18266,10.28249,8.6956,8.78256,8.86951,8.95647,7.18,7.2518,7.3236,7.3954,6.7388,6.80619,6.87358,6.94096,6.4301,6.4944,6.5587,6.623,6.1824,6.24422,6.30605,6.36787,6.1056,6.16666,6.22771,6.28877,6.04454,5.9824
-0.988,26.7,26.967,27.234,27.501,22.876,23.10476,23.33352,23.56228,18.304,18.48704,18.67008,18.85312,14.326,14.46926,14.61252,14.75578,11.73,11.8473,11.9646,12.0819,9.801,9.89901,9.99702,10.09503,8.5328,8.61813,8.70346,8.78878,7.031,7.10131,7.17162,7.24193,6.5936,6.65954,6.72547,6.79141,6.2867,6.34957,6.41243,6.4753,6.041,6.10141,6.16182,6.22223,5.9652,6.02485,6.0845,6.14416,5.90555,5.8468
-0.986,26.5,26.765,27.03,27.295,22.628,22.85428,23.08056,23.30684,18.052,18.23252,18.41304,18.59356,14.098,14.23898,14.37996,14.52094,11.53,11.6453,11.7606,11.8759,9.6221,9.71832,9.81454,9.91076,8.37,8.4537,8.5374,8.6211,6.882,6.95082,7.01964,7.08846,6.4516,6.51612,6.58063,6.64515,6.1466,6.20807,6.26953,6.331,5.9066,5.96567,6.02473,6.0838,5.8283,5.88658,5.94487,6.00315,5.77002,5.7144
-0.984,26.3,26.563,26.826,27.089,22.38,22.6038,22.8276,23.0514,17.8,17.978,18.156,18.334,13.87,14.0087,14.1474,14.2861,11.33,11.4433,11.5566,11.6699,9.4463,9.54076,9.63523,9.72969,8.2072,8.28927,8.37134,8.45342,6.739,6.80639,6.87378,6.94117,6.3128,6.37593,6.43906,6.50218,6.0098,6.0699,6.13,6.19009,5.7722,5.82992,5.88764,5.94537,5.6949,5.75185,5.8088,5.86575,5.63795,5.582
-0.982,26.09,26.3509,26.6118,26.8727,22.126,22.34726,22.56852,22.78978,17.552,17.72752,17.90304,18.07856,13.65,13.7865,13.923,14.0595,11.13,11.2413,11.3526,11.4639,9.2705,9.3632,9.45591,9.54861,8.0444,8.12484,8.20529,8.28573,6.596,6.66196,6.72792,6.79388,6.174,6.23574,6.29748,6.35922,5.873,5.93173,5.99046,6.04919,5.6378,5.69418,5.75056,5.80693,5.5615,5.61711,5.67273,5.72834,5.50588,5.4496
-0.98,25.88,26.1388,26.3976,26.6564,21.872,22.09072,22.30944,22.52816,17.304,17.47704,17.65008,17.82312,13.43,13.5643,13.6986,13.8329,10.93,11.0393,11.1486,11.2579,9.0947,9.18565,9.27659,9.36754,7.8846,7.96345,8.04229,8.12114,6.453,6.51753,6.58206,6.64659,6.0352,6.09555,6.1559,6.21626,5.7362,5.79356,5.85092,5.90829,5.5034,5.55843,5.61347,5.6685,5.4281,5.48238,5.53666,5.59094,5.37382,5.3172
-0.978,25.67,25.9267,26.1834,26.4401,21.618,21.83418,22.05036,22.26654,17.056,17.22656,17.39712,17.56768,13.21,13.3421,13.4742,13.6063,10.7358,10.84316,10.95052,11.05787,8.9189,9.00809,9.09728,9.18647,7.7278,7.80508,7.88236,7.95963,6.31,6.3731,6.4362,6.4993,5.8964,5.95536,6.01433,6.07329,5.5994,5.65539,5.71139,5.76738,5.369,5.42269,5.47638,5.53007,5.2947,5.34765,5.40059,5.45354,5.24175,5.1885
-0.976,25.46,25.7146,25.9692,26.2238,21.364,21.57764,21.79128,22.00492,16.808,16.97608,17.14416,17.31224,12.99,13.1199,13.2498,13.3797,10.5416,10.64702,10.75243,10.85785,8.7465,8.83396,8.92143,9.00889,7.571,7.64671,7.72242,7.79813,6.167,6.22867,6.29034,6.35201,5.7609,5.81851,5.87612,5.93373,5.4663,5.52096,5.57563,5.63029,5.2416,5.29402,5.34643,5.39885,5.1651,5.21675,5.2684,5.32005,5.11345,5.0635
-0.974,25.25,25.5025,25.755,26.0075,21.11,21.3211,21.5322,21.7433,16.56,16.7256,16.8912,17.0568,12.77,12.8977,13.0254,13.1531,10.3474,10.45087,10.55435,10.65782,8.5775,8.66327,8.74905,8.83482,7.4142,7.48834,7.56248,7.63663,6.0306,6.09091,6.15121,6.21152,5.6287,5.68499,5.74127,5.79756,5.3369,5.39027,5.44364,5.49701,5.1142,5.16534,5.21648,5.26763,5.0393,5.08969,5.14009,5.19048,4.98891,4.9385
-0.972,25.028,25.27828,25.52856,25.77884,20.856,21.06456,21.27312,21.48168,16.314,16.47714,16.64028,16.80342,12.556,12.68156,12.80712,12.93268,10.1532,10.25473,10.35626,10.4578,8.4085,8.49258,8.57667,8.66075,7.2574,7.32997,7.40255,7.47512,5.8942,5.95314,6.01208,6.07103,5.4965,5.55146,5.60643,5.66139,5.2075,5.25957,5.31165,5.36372,4.9868,5.03667,5.08654,5.1364,4.9135,4.96263,5.01177,5.0609,4.86436,4.8135
-0.97,24.806,25.05406,25.30212,25.55018,20.602,20.80802,21.01404,21.22006,16.068,16.22868,16.38936,16.55004,12.342,12.46542,12.58884,12.71226,9.959,10.05859,10.15818,10.25777,8.2395,8.32189,8.40429,8.48668,7.104,7.17504,7.24608,7.31712,5.7578,5.81538,5.87296,5.93053,5.3643,5.41794,5.47159,5.52523,5.0781,5.12888,5.17966,5.23044,4.8594,4.90799,4.95659,5.00518,4.7877,4.83558,4.88345,4.93133,4.73982,4.6885
-0.968,24.584,24.82984,25.07568,25.32152,20.348,20.55148,20.75496,20.95844,15.822,15.98022,16.13844,16.29666,12.128,12.24928,12.37056,12.49184,9.7726,9.87033,9.96805,10.06578,8.0705,8.1512,8.23191,8.31261,6.954,7.02354,7.09308,7.16262,5.6214,5.67761,5.73383,5.79004,5.2321,5.28442,5.33674,5.38906,4.9487,4.99819,5.04767,5.09716,4.732,4.77932,4.82664,4.87396,4.6619,4.70852,4.75514,4.80176,4.61528,4.5674
-0.966,24.362,24.60562,24.84924,25.09286,20.094,20.29494,20.49588,20.69682,15.576,15.73176,15.88752,16.04328,11.914,12.03314,12.15228,12.27142,9.5862,9.68206,9.77792,9.87379,7.905,7.98405,8.0631,8.14215,6.804,6.87204,6.94008,7.00812,5.485,5.53985,5.5947,5.64955,5.1037,5.15474,5.20577,5.25681,4.8232,4.87143,4.91966,4.9679,4.613,4.65913,4.70526,4.75139,4.5402,4.5856,4.631,4.67641,4.4948,4.4502
-0.964,24.14,24.3814,24.6228,24.8642,19.84,20.0384,20.2368,20.4352,15.33,15.4833,15.6366,15.7899,11.7,11.817,11.934,12.051,9.3998,9.4938,9.5878,9.68179,7.743,7.82043,7.89786,7.97529,6.654,6.72054,6.78708,6.85362,5.356,5.40956,5.46312,5.51668,4.9791,5.02889,5.07868,5.12847,4.7016,4.74862,4.79563,4.84265,4.494,4.53894,4.58388,4.62882,4.4226,4.46683,4.51105,4.55528,4.37837,4.333
-0.962,23.91,24.1491,24.3882,24.6273,19.582,19.77782,19.97364,20.16946,15.092,15.24292,15.39384,15.54476,11.494,11.60894,11.72388,11.83882,9.2134,9.30553,9.39767,9.4898,7.581,7.65681,7.73262,7.80843,6.504,6.56904,6.63408,6.69912,5.227,5.27927,5.33154,5.38381,4.8545,4.90304,4.95159,5.00013,4.58,4.6258,4.6716,4.7174,4.375,4.41875,4.4625,4.50625,4.305,4.34805,4.3911,4.43415,4.26195,4.2158
-0.96,23.68,23.9168,24.1536,24.3904,19.324,19.51724,19.71048,19.90372,14.854,15.00254,15.15108,15.29962,11.288,11.40088,11.51376,11.62664,9.027,9.11727,9.20754,9.29781,7.419,7.49319,7.56738,7.64157,6.3577,6.42128,6.48485,6.54843,5.098,5.14898,5.19996,5.25094,4.7299,4.7772,4.8245,4.8718,4.4584,4.50298,4.54757,4.59215,4.256,4.29856,4.34112,4.38368,4.1874,4.22927,4.27115,4.31302,4.14553,4.0986
-0.958,23.45,23.6845,23.919,24.1535,19.066,19.25666,19.44732,19.63798,14.616,14.76216,14.90832,15.05448,11.082,11.19282,11.30364,11.41446,8.8484,8.93688,9.02537,9.11385,7.257,7.32957,7.40214,7.47471,6.2151,6.27725,6.3394,6.40155,4.969,5.01869,5.06838,5.11807,4.6053,4.65135,4.69741,4.74346,4.3368,4.38017,4.42354,4.4669,4.137,4.17837,4.21974,4.26111,4.0698,4.1105,4.1512,4.19189,4.0291,3.9857
-0.956,23.22,23.4522,23.6844,23.9166,18.808,18.99608,19.18416,19.37224,14.378,14.52178,14.66556,14.80934,10.876,10.98476,11.09352,11.20228,8.6698,8.7565,8.8432,8.92989,7.0988,7.16979,7.24078,7.31176,6.0725,6.13322,6.19395,6.25467,4.84,4.8884,4.9368,4.9852,4.4848,4.52965,4.5745,4.61934,4.2196,4.2618,4.30399,4.34619,4.0264,4.06666,4.10693,4.14719,3.9567,3.99627,4.03583,4.0754,3.91713,3.8771
-0.954,22.99,23.2199,23.4498,23.6797,18.55,18.7355,18.921,19.1065,14.14,14.2814,14.4228,14.5642,10.67,10.7767,10.8834,10.9901,8.4912,8.57611,8.66102,8.74594,6.9444,7.01384,7.08329,7.15273,5.9299,5.9892,6.0485,6.1078,4.719,4.76619,4.81338,4.86057,4.3684,4.41208,4.45577,4.49945,4.1068,4.14787,4.18894,4.23,3.9158,3.95496,3.99412,4.03327,3.8481,3.88658,3.92506,3.96354,3.80962,3.7685
-0.952,22.748,22.97548,23.20296,23.43044,18.294,18.47694,18.65988,18.84282,13.904,14.04304,14.18208,14.32112,10.4704,10.5751,10.67981,10.78451,8.3126,8.39573,8.47885,8.56198,6.79,6.8579,6.9258,6.9937,5.7873,5.84517,5.90305,5.96092,4.598,4.64398,4.68996,4.73594,4.252,4.29452,4.33704,4.37956,3.994,4.03394,4.07388,4.11382,3.8052,3.84325,3.8813,3.91936,3.7395,3.77689,3.81429,3.85168,3.7021,3.6599
-0.95,22.506,22.73106,22.95612,23.18118,18.038,18.21838,18.39876,18.57914,13.668,13.80468,13.94136,14.07804,10.2708,10.37351,10.47622,10.57892,8.134,8.21534,8.29668,8.37802,6.6356,6.70196,6.76831,6.83467,5.6486,5.70509,5.76157,5.81806,4.477,4.52177,4.56654,4.61131,4.1356,4.17696,4.21831,4.25967,3.8812,3.92001,3.95882,3.99764,3.6946,3.73155,3.76849,3.80544,3.6309,3.66721,3.70352,3.73983,3.59459,3.5513
-0.948,22.264,22.48664,22.70928,22.93192,17.782,17.95982,18.13764,18.31546,13.432,13.56632,13.70064,13.83496,10.0712,10.17191,10.27262,10.37334,7.9634,8.04303,8.12267,8.2023,6.4812,6.54601,6.61082,6.67564,5.5138,5.56894,5.62408,5.67921,4.356,4.39956,4.44312,4.48668,4.0192,4.05939,4.09958,4.13978,3.7684,3.80608,3.84377,3.88145,3.584,3.61984,3.65568,3.69152,3.5223,3.55752,3.59275,3.62797,3.48708,3.4473
-0.946,22.022,22.24222,22.46244,22.68266,17.526,17.70126,17.87652,18.05178,13.196,13.32796,13.45992,13.59188,9.8716,9.97032,10.06903,10.16775,7.7928,7.87073,7.94866,8.02658,6.3309,6.39421,6.45752,6.52083,5.379,5.43279,5.48658,5.54037,4.235,4.27735,4.3197,4.36205,3.9072,3.94627,3.98534,4.02442,3.6602,3.6968,3.7334,3.77001,3.4826,3.51743,3.55225,3.58708,3.4183,3.45248,3.48667,3.52085,3.38412,3.3479
-0.944,21.78,21.9978,22.2156,22.4334,17.27,17.4427,17.6154,17.7881,12.96,13.0896,13.2192,13.3488,9.672,9.76872,9.86544,9.96216,7.6222,7.69842,7.77464,7.85087,6.1847,6.24655,6.30839,6.37024,5.2442,5.29664,5.34908,5.40153,4.1228,4.16403,4.20526,4.24648,3.7996,3.8376,3.87559,3.91359,3.5566,3.59217,3.62773,3.6633,3.3812,3.41501,3.44882,3.48264,3.3189,3.35209,3.38528,3.41847,3.28571,3.2485
-0.942,21.534,21.74934,21.96468,22.18002,17.012,17.18212,17.35224,17.52236,12.734,12.86134,12.98868,13.11602,9.4808,9.57561,9.67042,9.76522,7.4516,7.52612,7.60063,7.67515,6.0385,6.09888,6.15927,6.21965,5.1094,5.16049,5.21159,5.26268,4.0106,4.05071,4.09081,4.13092,3.692,3.72892,3.76584,3.80276,3.453,3.48753,3.52206,3.55659,3.2798,3.3126,3.3454,3.37819,3.2195,3.25169,3.28389,3.31608,3.1873,3.1491
-0.94,21.288,21.50088,21.71376,21.92664,16.754,16.92154,17.08908,17.25662,12.508,12.63308,12.75816,12.88324,9.2896,9.3825,9.47539,9.56829,7.281,7.35381,7.42662,7.49943,5.8923,5.95122,6.01015,6.06907,4.979,5.02879,5.07858,5.12837,3.8984,3.93738,3.97637,4.01535,3.5844,3.62024,3.65609,3.69193,3.3494,3.38289,3.41639,3.44988,3.1784,3.21018,3.24197,3.27375,3.1201,3.1513,3.1825,3.2137,3.0889,3.0497
-0.938,21.042,21.25242,21.46284,21.67326,16.496,16.66096,16.82592,16.99088,12.282,12.40482,12.52764,12.65046,9.0984,9.18938,9.28037,9.37135,7.1194,7.19059,7.26179,7.33298,5.7461,5.80356,5.86102,5.91848,4.853,4.90153,4.95006,4.99859,3.7862,3.82406,3.86192,3.89979,3.4768,3.51157,3.54634,3.5811,3.2458,3.27826,3.31072,3.34317,3.077,3.10777,3.13854,3.16931,3.0207,3.05091,3.08111,3.11132,2.99049,2.9548
-0.936,20.796,21.00396,21.21192,21.41988,16.238,16.40038,16.56276,16.72514,12.056,12.17656,12.29712,12.41768,8.9072,8.99627,9.08534,9.17442,6.9578,7.02738,7.09696,7.16653,5.6043,5.66034,5.71639,5.77243,4.727,4.77427,4.82154,4.86881,3.674,3.71074,3.74748,3.78422,3.3738,3.40754,3.44128,3.47501,3.1468,3.17827,3.20974,3.2412,2.9852,3.01505,3.0449,3.07476,2.926,2.95526,2.98452,3.01378,2.89674,2.8644
-0.934,20.55,20.7555,20.961,21.1665,15.98,16.1398,16.2996,16.4594,11.83,11.9483,12.0666,12.1849,8.716,8.80316,8.89032,8.97748,6.7962,6.86416,6.93212,7.00009,5.4669,5.52157,5.57624,5.63091,4.601,4.64701,4.69302,4.73903,3.5708,3.60651,3.64222,3.67792,3.2754,3.30815,3.34091,3.37366,3.0524,3.08292,3.11345,3.14397,2.8934,2.92233,2.95127,2.9802,2.836,2.86436,2.89272,2.92108,2.80764,2.774
-0.932,20.294,20.49694,20.69988,20.90282,15.726,15.88326,16.04052,16.19778,11.608,11.72408,11.84016,11.95624,8.5332,8.61853,8.70386,8.7892,6.6346,6.70095,6.76729,6.83364,5.3295,5.38279,5.43609,5.48938,4.475,4.51975,4.5645,4.60925,3.4676,3.50228,3.53695,3.57163,3.177,3.20877,3.24054,3.27231,2.958,2.98758,3.01716,3.04674,2.8016,2.82962,2.85763,2.88565,2.746,2.77346,2.80092,2.82838,2.71854,2.6836
-0.93,20.038,20.23838,20.43876,20.63914,15.472,15.62672,15.78144,15.93616,11.386,11.49986,11.61372,11.72758,8.3504,8.4339,8.51741,8.60091,6.473,6.53773,6.60246,6.66719,5.1921,5.24402,5.29594,5.34786,4.3535,4.39703,4.44057,4.4841,3.3644,3.39804,3.43169,3.46533,3.0786,3.10939,3.14017,3.17096,2.8636,2.89224,2.92087,2.94951,2.7098,2.7369,2.764,2.79109,2.656,2.68256,2.70912,2.73568,2.62944,2.5932
-0.928,19.782,19.97982,20.17764,20.37546,15.218,15.37018,15.52236,15.67454,11.164,11.27564,11.38728,11.49892,8.1676,8.24928,8.33095,8.41263,6.3208,6.38401,6.44722,6.51042,5.0547,5.10525,5.15579,5.20634,4.2365,4.27886,4.32123,4.36359,3.2612,3.29381,3.32642,3.35904,2.9802,3.01,3.0398,3.06961,2.7692,2.79689,2.82458,2.85228,2.618,2.64418,2.67036,2.69654,2.566,2.59166,2.61732,2.64298,2.54034,2.5076
-0.926,19.526,19.72126,19.91652,20.11178,14.964,15.11364,15.26328,15.41292,10.942,11.05142,11.16084,11.27026,7.9848,8.06465,8.1445,8.22434,6.1686,6.23029,6.29197,6.35366,4.9221,4.97132,5.02054,5.06976,4.1195,4.16069,4.20189,4.24308,3.158,3.18958,3.22116,3.25274,2.8865,2.91536,2.94423,2.97309,2.6796,2.7064,2.73319,2.75999,2.5354,2.56075,2.58611,2.61146,2.4808,2.50561,2.53042,2.55522,2.45599,2.4268
-0.924,19.27,19.4627,19.6554,19.8481,14.71,14.8571,15.0042,15.1513,10.72,10.8272,10.9344,11.0416,7.802,7.88002,7.95804,8.03606,6.0164,6.07656,6.13673,6.19689,4.7943,4.84224,4.89019,4.93813,4.0025,4.04252,4.08255,4.12257,3.0642,3.09484,3.12548,3.15613,2.7975,2.82547,2.85345,2.88142,2.5948,2.62075,2.6467,2.67264,2.4528,2.47733,2.50186,2.52638,2.4004,2.4244,2.44841,2.47241,2.3764,2.346
-0.922,19.012,19.20212,19.39224,19.58236,14.46,14.6046,14.7492,14.8938,10.508,10.61308,10.71816,10.82324,7.6288,7.70509,7.78138,7.85766,5.8642,5.92284,5.98148,6.04013,4.6665,4.71316,4.75983,4.80649,3.8855,3.92435,3.96321,4.00206,2.9704,3.0001,3.02981,3.05951,2.7085,2.73558,2.76267,2.78975,2.51,2.5351,2.5602,2.5853,2.3702,2.3939,2.4176,2.44131,2.32,2.3432,2.3664,2.3896,2.2968,2.2652
-0.92,18.754,18.94154,19.12908,19.31662,14.21,14.3521,14.4942,14.6363,10.296,10.39896,10.50192,10.60488,7.4556,7.53016,7.60471,7.67927,5.712,5.76912,5.82624,5.88336,4.5387,4.58409,4.62947,4.67486,3.7734,3.81113,3.84887,3.8866,2.8766,2.90537,2.93413,2.9629,2.6195,2.64569,2.67189,2.69808,2.4252,2.44945,2.4737,2.49796,2.2876,2.31048,2.33335,2.35623,2.2396,2.262,2.28439,2.30679,2.2172,2.1844
-0.918,18.496,18.68096,18.86592,19.05088,13.96,14.0996,14.2392,14.3788,10.084,10.18484,10.28568,10.38652,7.2824,7.35522,7.42805,7.50087,5.5698,5.6255,5.6812,5.73689,4.4109,4.45501,4.49912,4.54323,3.6662,3.70286,3.73952,3.77619,2.7828,2.81063,2.83846,2.86628,2.5305,2.5558,2.58111,2.60641,2.3404,2.3638,2.38721,2.41061,2.205,2.22705,2.2491,2.27115,2.1592,2.18079,2.20238,2.22398,2.13761,2.1083
-0.916,18.238,18.42038,18.60276,18.78514,13.71,13.8471,13.9842,14.1213,9.872,9.97072,10.06944,10.16816,7.1092,7.18029,7.25138,7.32248,5.4276,5.48188,5.53615,5.59043,4.2881,4.33098,4.37386,4.41674,3.559,3.59459,3.63018,3.66577,2.689,2.71589,2.74278,2.76967,2.4462,2.47066,2.49512,2.51959,2.2603,2.2829,2.30551,2.32811,2.1318,2.15312,2.17444,2.19575,2.0835,2.10433,2.12517,2.146,2.06266,2.0369
-0.914,17.98,18.1598,18.3396,18.5194,13.46,13.5946,13.7292,13.8638,9.66,9.7566,9.8532,9.9498,6.936,7.00536,7.07472,7.14408,5.2854,5.33825,5.39111,5.44396,4.1703,4.212,4.25371,4.29541,3.4518,3.48632,3.52084,3.55535,2.6048,2.63085,2.6569,2.68294,2.3666,2.39027,2.41393,2.4376,2.1849,2.20675,2.2286,2.25045,2.0586,2.07919,2.09977,2.12036,2.0125,2.03262,2.05275,2.07287,1.99237,1.9655
-0.912,17.718,17.89518,18.07236,18.24954,13.216,13.34816,13.48032,13.61248,9.457,9.55157,9.64614,9.74071,6.773,6.84073,6.90846,6.97619,5.1432,5.19463,5.24606,5.2975,4.0525,4.09302,4.13355,4.17407,3.3446,3.37805,3.41149,3.44494,2.5206,2.54581,2.57101,2.59622,2.287,2.30987,2.33274,2.35561,2.1095,2.13059,2.15169,2.17278,1.9854,2.00525,2.02511,2.04496,1.9415,1.96091,1.98033,1.99974,1.92208,1.8941
-0.91,17.456,17.63056,17.80512,17.97968,12.972,13.10172,13.23144,13.36116,9.254,9.34654,9.43908,9.53162,6.61,6.6761,6.7422,6.8083,5.001,5.05101,5.10102,5.15103,3.9347,3.97405,4.01339,4.05274,3.2422,3.27462,3.30704,3.33947,2.4364,2.46076,2.48513,2.50949,2.2074,2.22947,2.25155,2.27362,2.0341,2.05444,2.07478,2.09512,1.9122,1.93132,1.95044,1.96957,1.8705,1.8892,1.90791,1.92661,1.85179,1.8227
-0.908,17.194,17.36594,17.53788,17.70982,12.728,12.85528,12.98256,13.10984,9.051,9.14151,9.23202,9.32253,6.447,6.51147,6.57594,6.64041,4.8694,4.91809,4.96679,5.01548,3.8169,3.85507,3.89324,3.93141,3.1446,3.17605,3.20749,3.23894,2.3522,2.37572,2.39924,2.42277,2.1278,2.14908,2.17036,2.19163,1.9587,1.97829,1.99787,2.01746,1.839,1.85739,1.87578,1.89417,1.7995,1.81749,1.83549,1.85348,1.7815,1.7557
-0.906,16.932,17.10132,17.27064,17.43996,12.484,12.60884,12.73368,12.85852,8.848,8.93648,9.02496,9.11344,6.284,6.34684,6.40968,6.47252,4.7378,4.78518,4.83256,4.87993,3.7041,3.74114,3.77818,3.81522,3.047,3.07747,3.10794,3.13841,2.268,2.29068,2.31336,2.33604,2.0528,2.07333,2.09386,2.11438,1.8879,1.90678,1.92566,1.94454,1.775,1.79275,1.8105,1.82825,1.7329,1.75023,1.76756,1.78489,1.71557,1.6931
-0.904,16.67,16.8367,17.0034,17.1701,12.24,12.3624,12.4848,12.6072,8.645,8.73145,8.8179,8.90435,6.121,6.18221,6.24342,6.30463,4.6062,4.65226,4.69832,4.74439,3.5963,3.63226,3.66823,3.70419,2.9494,2.97889,3.00839,3.03788,2.1934,2.21533,2.23727,2.2592,1.9824,2.00222,2.02205,2.04187,1.8217,1.83992,1.85813,1.87635,1.711,1.72811,1.74522,1.76233,1.6707,1.68741,1.70411,1.72082,1.65399,1.6305
-0.902,16.408,16.57208,16.73616,16.90024,12.004,12.12404,12.24408,12.36412,8.4524,8.53692,8.62145,8.70597,5.9688,6.02849,6.08818,6.14786,4.4746,4.51935,4.56409,4.60884,3.4885,3.52338,3.55827,3.59315,2.8518,2.88032,2.90884,2.93735,2.1188,2.13999,2.16118,2.18236,1.912,1.93112,1.95024,1.96936,1.7555,1.77305,1.79061,1.80816,1.647,1.66347,1.67994,1.69641,1.6085,1.62458,1.64067,1.65675,1.59241,1.5679
-0.9,16.146,16.30746,16.46892,16.63038,11.768,11.88568,12.00336,12.12104,8.2598,8.3424,8.425,8.50759,5.8166,5.87477,5.93293,5.9911,4.343,4.38643,4.42986,4.47329,3.3807,3.41451,3.44831,3.48212,2.7593,2.78689,2.81449,2.84208,2.0442,2.06464,2.08508,2.10553,1.8416,1.86002,1.87843,1.89685,1.6893,1.70619,1.72309,1.73998,1.583,1.59883,1.61466,1.63049,1.5463,1.56176,1.57723,1.59269,1.53084,1.5053
-0.898,15.884,16.04284,16.20168,16.36052,11.532,11.64732,11.76264,11.87796,8.0672,8.14787,8.22854,8.30922,5.6644,5.72104,5.77769,5.83433,4.2224,4.26462,4.30685,4.34907,3.2729,3.30563,3.33836,3.37109,2.6719,2.69862,2.72534,2.75206,1.9696,1.9893,2.00899,2.02869,1.7712,1.78891,1.80662,1.82434,1.6231,1.63933,1.65556,1.67179,1.519,1.53419,1.54938,1.56457,1.4841,1.49894,1.51378,1.52862,1.46926,1.4469
-0.896,15.622,15.77822,15.93444,16.09066,11.296,11.40896,11.52192,11.63488,7.8746,7.95335,8.03209,8.11084,5.5122,5.56732,5.62244,5.67757,4.1018,4.14282,4.18384,4.22485,3.1704,3.2021,3.23381,3.26551,2.5845,2.61034,2.63619,2.66203,1.895,1.91395,1.9329,1.95185,1.7054,1.72245,1.73951,1.75656,1.5613,1.57691,1.59253,1.60814,1.4636,1.47824,1.49287,1.50751,1.4262,1.44046,1.45472,1.46899,1.41194,1.3927
-0.894,15.36,15.5136,15.6672,15.8208,11.06,11.1706,11.2812,11.3918,7.682,7.75882,7.83564,7.91246,5.36,5.4136,5.4672,5.5208,3.9812,4.02101,4.06082,4.10064,3.0732,3.10393,3.13466,3.1654,2.4971,2.52207,2.54704,2.57201,1.8294,1.84769,1.86599,1.88428,1.6442,1.66064,1.67708,1.69353,1.5039,1.51894,1.53398,1.54902,1.4082,1.42228,1.43636,1.45045,1.3726,1.38633,1.40005,1.41378,1.35887,1.3385
-0.892,15.1,15.251,15.402,15.553,10.8314,10.93971,11.04803,11.15634,7.5008,7.57581,7.65082,7.72582,5.2192,5.27139,5.32358,5.37578,3.8606,3.89921,3.93781,3.97642,2.976,3.00576,3.03552,3.06528,2.4097,2.4338,2.45789,2.48199,1.7638,1.78144,1.79908,1.81671,1.583,1.59883,1.61466,1.63049,1.4465,1.46096,1.47543,1.48989,1.3528,1.36633,1.37986,1.39338,1.319,1.33219,1.34538,1.35857,1.30581,1.2843
-0.89,14.84,14.9884,15.1368,15.2852,10.6028,10.70883,10.81486,10.92088,7.3196,7.3928,7.46599,7.53919,5.0784,5.12918,5.17997,5.23075,3.74,3.7774,3.8148,3.8522,2.8788,2.90759,2.93638,2.96516,2.3272,2.35047,2.37374,2.39702,1.6982,1.71518,1.73216,1.74915,1.5218,1.53702,1.55224,1.56745,1.3891,1.40299,1.41688,1.43077,1.2974,1.31037,1.32335,1.33632,1.2654,1.27805,1.29071,1.30336,1.25275,1.2301
-0.888,14.58,14.7258,14.8716,15.0174,10.3742,10.47794,10.58168,10.68543,7.1384,7.20978,7.28117,7.35255,4.9376,4.98698,5.03635,5.08573,3.6304,3.6667,3.70301,3.73931,2.7816,2.80942,2.83723,2.86505,2.2496,2.2721,2.29459,2.31709,1.6326,1.64893,1.66525,1.68158,1.4606,1.47521,1.48981,1.50442,1.3317,1.34502,1.35833,1.37165,1.242,1.25442,1.26684,1.27926,1.2118,1.22392,1.23604,1.24815,1.19968,1.17994
-0.886,14.32,14.4632,14.6064,14.7496,10.1456,10.24706,10.34851,10.44997,6.9572,7.02677,7.09634,7.16592,4.7968,4.84477,4.89274,4.9407,3.5208,3.55601,3.59122,3.62642,2.6896,2.7165,2.74339,2.77029,2.172,2.19372,2.21544,2.23716,1.567,1.58267,1.59834,1.61401,1.4035,1.41753,1.43157,1.4456,1.2784,1.29118,1.30397,1.31675,1.1946,1.20655,1.21849,1.23044,1.16219,1.17381,1.18543,1.19706,1.15057,1.13382
-0.884,14.06,14.2006,14.3412,14.4818,9.917,10.01617,10.11534,10.21451,6.776,6.84376,6.91152,6.97928,4.656,4.70256,4.74912,4.79568,3.4112,3.44531,3.47942,3.51354,2.6028,2.62883,2.65486,2.68088,2.0944,2.11534,2.13629,2.15723,1.5102,1.5253,1.5404,1.55551,1.3505,1.364,1.37751,1.39101,1.2292,1.24149,1.25378,1.26608,1.1472,1.15867,1.17014,1.18162,1.11657,1.12774,1.1389,1.15007,1.1054,1.0877
-0.882,13.806,13.94406,14.08212,14.22018,9.6996,9.7966,9.89359,9.99059,6.607,6.67307,6.73914,6.80521,4.5268,4.57207,4.61734,4.6626,3.3016,3.33462,3.36763,3.40065,2.516,2.54116,2.56632,2.59148,2.0168,2.03697,2.05714,2.0773,1.4534,1.46793,1.48247,1.497,1.2975,1.31047,1.32345,1.33642,1.18,1.1918,1.2036,1.2154,1.0998,1.1108,1.1218,1.13279,1.07095,1.08166,1.09237,1.10308,1.06024,1.04158
-0.88,13.552,13.68752,13.82304,13.95856,9.4822,9.57702,9.67184,9.76667,6.438,6.50238,6.56676,6.63114,4.3976,4.44158,4.48555,4.52953,3.192,3.22392,3.25584,3.28776,2.4292,2.45349,2.47778,2.50208,1.9439,1.96334,1.98278,2.00222,1.3966,1.41057,1.42453,1.4385,1.2445,1.25694,1.26939,1.28183,1.1308,1.14211,1.15342,1.16472,1.0524,1.06292,1.07345,1.08397,1.02533,1.03558,1.04584,1.05609,1.01508,0.99546
-0.878,13.298,13.43098,13.56396,13.69694,9.2648,9.35745,9.4501,9.54274,6.269,6.33169,6.39438,6.45707,4.2684,4.31108,4.35377,4.39645,3.0936,3.12454,3.15547,3.18641,2.3424,2.36582,2.38925,2.41267,1.8757,1.89446,1.91321,1.93197,1.3398,1.3532,1.3666,1.37999,1.1915,1.20341,1.21533,1.22724,1.0816,1.09242,1.10323,1.11405,1.005,1.01505,1.0251,1.03515,0.97971,0.98951,0.9993,1.0091,0.96991,0.95294
-0.876,13.044,13.17444,13.30488,13.43532,9.0474,9.13787,9.22835,9.31882,6.1,6.161,6.222,6.283,4.1392,4.18059,4.22198,4.26338,2.9952,3.02515,3.0551,3.08506,2.2606,2.28321,2.30581,2.32842,1.8075,1.82557,1.84365,1.86172,1.283,1.29583,1.30866,1.32149,1.14251,1.15394,1.16536,1.17679,1.03616,1.04652,1.05688,1.06724,0.96504,0.97469,0.98434,0.99399,0.93767,0.94705,0.95642,0.9658,0.92829,0.91402
-0.874,12.79,12.9179,13.0458,13.1737,8.83,8.9183,9.0066,9.0949,5.931,5.99031,6.04962,6.10893,4.01,4.0501,4.0902,4.1303,2.8968,2.92577,2.95474,2.9837,2.1838,2.20564,2.22748,2.24931,1.7393,1.75669,1.77409,1.79148,1.2344,1.24674,1.25909,1.27143,1.09753,1.10851,1.11948,1.13046,0.99448,1.00442,1.01437,1.02431,0.92508,0.93433,0.94358,0.95283,0.89921,0.9082,0.91719,0.92619,0.89022,0.8751
-0.872,12.54,12.6654,12.7908,12.9162,8.6244,8.71064,8.79689,8.88313,5.7746,5.83235,5.89009,5.94784,3.8928,3.93173,3.97066,4.00958,2.7984,2.82638,2.85437,2.88235,2.107,2.12807,2.14914,2.17021,1.6711,1.68781,1.70452,1.72123,1.1858,1.19766,1.20952,1.22137,1.05255,1.06308,1.0736,1.08413,0.9528,0.96233,0.97186,0.98138,0.88512,0.89397,0.90282,0.91167,0.86075,0.86936,0.87796,0.88657,0.85214,0.83618
-0.87,12.29,12.4129,12.5358,12.6587,8.4188,8.50299,8.58718,8.67136,5.6182,5.67438,5.73056,5.78675,3.7756,3.81336,3.85111,3.88887,2.7,2.727,2.754,2.781,2.0302,2.0505,2.0708,2.09111,1.6074,1.62347,1.63955,1.65562,1.1372,1.14857,1.15994,1.17132,1.00757,1.01765,1.02772,1.0378,0.91112,0.92023,0.92934,0.93845,0.84516,0.85361,0.86206,0.87051,0.82229,0.83051,0.83874,0.84696,0.81407,0.79726
-0.868,12.04,12.1604,12.2808,12.4012,8.2132,8.29533,8.37746,8.4596,5.4618,5.51642,5.57104,5.62565,3.6584,3.69498,3.73157,3.76815,2.6126,2.63873,2.66485,2.69098,1.9534,1.97293,1.99247,2.012,1.5482,1.56368,1.57916,1.59465,1.0886,1.09949,1.11037,1.12126,0.96259,0.97222,0.98184,0.99147,0.86944,0.87813,0.88683,0.89552,0.8052,0.81325,0.8213,0.82936,0.78383,0.79167,0.79951,0.80734,0.77599,0.76158
-0.866,11.79,11.9079,12.0258,12.1437,8.0076,8.08768,8.16775,8.24783,5.3054,5.35845,5.41151,5.46456,3.5412,3.57661,3.61202,3.64744,2.5252,2.55045,2.5757,2.60096,1.8815,1.90031,1.91913,1.93794,1.489,1.50389,1.51878,1.53367,1.04,1.0504,1.0608,1.0712,0.92115,0.93036,0.93957,0.94878,0.83116,0.83947,0.84778,0.85609,0.7718,0.77952,0.78724,0.79495,0.7486,0.75609,0.76357,0.77106,0.74111,0.72914
-0.864,11.54,11.6554,11.7708,11.8862,7.802,7.88002,7.95804,8.03606,5.149,5.20049,5.25198,5.30347,3.424,3.45824,3.49248,3.52672,2.4378,2.46218,2.48656,2.51093,1.8145,1.83264,1.85079,1.86893,1.4298,1.4441,1.4584,1.47269,0.99878,1.00877,1.01876,1.02874,0.88325,0.89208,0.90091,0.90975,0.79628,0.80424,0.81221,0.82017,0.7384,0.74578,0.75317,0.76055,0.7166,0.72377,0.73093,0.7381,0.70943,0.6967
-0.862,11.3,11.413,11.526,11.639,7.6094,7.68549,7.76159,7.83768,5.0058,5.05586,5.10592,5.15597,3.3188,3.35199,3.38518,3.41836,2.3504,2.3739,2.39741,2.42091,1.7475,1.76497,1.78245,1.79992,1.3706,1.38431,1.39801,1.41172,0.95756,0.96714,0.97671,0.98629,0.84535,0.8538,0.86226,0.87071,0.7614,0.76901,0.77663,0.78424,0.705,0.71205,0.7191,0.72615,0.6846,0.69145,0.69829,0.70514,0.67775,0.66426
-0.86,11.06,11.1706,11.2812,11.3918,7.4168,7.49097,7.56514,7.6393,4.8626,4.91123,4.95985,5.00848,3.2136,3.24574,3.27787,3.31001,2.263,2.28563,2.30826,2.33089,1.6805,1.6973,1.71411,1.73091,1.3157,1.32886,1.34201,1.35517,0.91634,0.9255,0.93467,0.94383,0.80745,0.81552,0.8236,0.83167,0.72652,0.73379,0.74105,0.74832,0.6716,0.67832,0.68503,0.69175,0.6526,0.65913,0.66565,0.67218,0.64607,0.63182
-0.858,10.82,10.9282,11.0364,11.1446,7.2242,7.29644,7.36868,7.44093,4.7194,4.76659,4.81379,4.86098,3.1084,3.13948,3.17057,3.20165,2.186,2.20786,2.22972,2.25158,1.6135,1.62963,1.64577,1.6619,1.2651,1.27775,1.2904,1.30305,0.87512,0.88387,0.89262,0.90137,0.76955,0.77725,0.78494,0.79264,0.69164,0.69856,0.70547,0.71239,0.6382,0.64458,0.65096,0.65735,0.6206,0.62681,0.63301,0.63922,0.61439,0.60226
-0.856,10.58,10.6858,10.7916,10.8974,7.0316,7.10192,7.17223,7.24255,4.5762,4.62196,4.66772,4.71349,3.0032,3.03323,3.06326,3.0933,2.109,2.13009,2.15118,2.17227,1.551,1.56651,1.58202,1.59753,1.2145,1.22664,1.23879,1.25093,0.8339,0.84224,0.85058,0.85892,0.73485,0.7422,0.74955,0.7569,0.65979,0.66639,0.67299,0.67958,0.61068,0.61679,0.62289,0.629,0.59145,0.59736,0.60328,0.60919,0.58554,0.57558
-0.854,10.34,10.4434,10.5468,10.6502,6.839,6.90739,6.97578,7.04417,4.433,4.47733,4.52166,4.56599,2.898,2.92698,2.95596,2.98494,2.032,2.05232,2.07264,2.09296,1.493,1.50793,1.52286,1.53779,1.1639,1.17554,1.18718,1.19882,0.79952,0.80752,0.81551,0.82351,0.70335,0.71038,0.71742,0.72445,0.63097,0.63728,0.64359,0.6499,0.58316,0.58899,0.59482,0.60065,0.56515,0.5708,0.57645,0.5821,0.5595,0.5489
-0.852,10.1098,10.2109,10.312,10.41309,6.6606,6.72721,6.79381,6.86042,4.3032,4.34623,4.38926,4.4323,2.8044,2.83244,2.86049,2.88853,1.955,1.97455,1.9941,2.01365,1.435,1.44935,1.4637,1.47805,1.1133,1.12443,1.13557,1.1467,0.76514,0.77279,0.78044,0.78809,0.67185,0.67857,0.68529,0.69201,0.60215,0.60817,0.61419,0.62021,0.55564,0.5612,0.56675,0.57231,0.53885,0.54424,0.54963,0.55502,0.53346,0.52222
-0.85,9.8796,9.9784,10.07719,10.17599,6.4822,6.54702,6.61184,6.67667,4.1734,4.21513,4.25687,4.2986,2.7108,2.73791,2.76502,2.79212,1.878,1.89678,1.91556,1.93434,1.377,1.39077,1.40454,1.41831,1.0666,1.07727,1.08793,1.0986,0.73076,0.73807,0.74538,0.75268,0.64035,0.64675,0.65316,0.65956,0.57333,0.57906,0.5848,0.59053,0.52812,0.5334,0.53868,0.54396,0.51255,0.51768,0.5228,0.52793,0.50742,0.49554
-0.848,9.6494,9.74589,9.84239,9.93888,6.3038,6.36684,6.42988,6.49291,4.0436,4.08404,4.12447,4.16491,2.6172,2.64337,2.66954,2.69572,1.8112,1.82931,1.84742,1.86554,1.319,1.33219,1.34538,1.35857,1.0238,1.03404,1.04428,1.05451,0.69638,0.70334,0.71031,0.71727,0.60885,0.61494,0.62103,0.62712,0.54451,0.54996,0.5554,0.56085,0.5006,0.50561,0.51061,0.51562,0.48625,0.49111,0.49597,0.50084,0.48139,0.47135
-0.846,9.4192,9.51339,9.60758,9.70178,6.1254,6.18665,6.24791,6.30916,3.9138,3.95294,3.99208,4.03121,2.5236,2.54884,2.57407,2.59931,1.7444,1.76184,1.77929,1.79673,1.2654,1.27805,1.29071,1.30336,0.981,0.99081,1.00062,1.01043,0.662,0.66862,0.67524,0.68186,0.58016,0.58596,0.59176,0.59756,0.51834,0.52352,0.52871,0.53389,0.4782,0.48298,0.48776,0.49255,0.46242,0.46704,0.47167,0.47629,0.4578,0.44965
-0.844,9.189,9.28089,9.37278,9.46467,5.947,6.00647,6.06594,6.12541,3.784,3.82184,3.85968,3.89752,2.43,2.4543,2.4786,2.5029,1.6776,1.69438,1.71115,1.72793,1.2162,1.22836,1.24052,1.25269,0.9382,0.94758,0.95696,0.96635,0.6336,0.63994,0.64627,0.65261,0.55428,0.55982,0.56537,0.57091,0.49482,0.49977,0.50472,0.50966,0.4558,0.46036,0.46492,0.46947,0.44106,0.44547,0.44988,0.45429,0.43665,0.42795
-0.842,8.9718,9.06152,9.15124,9.24095,5.7832,5.84103,5.89886,5.9567,3.6676,3.70428,3.74095,3.77763,2.3478,2.37128,2.39476,2.41823,1.6108,1.62691,1.64302,1.65912,1.167,1.17867,1.19034,1.20201,0.8954,0.90435,0.91331,0.92226,0.6052,0.61125,0.6173,0.62336,0.5284,0.53368,0.53897,0.54425,0.4713,0.47601,0.48073,0.48544,0.4334,0.43773,0.44207,0.4464,0.4197,0.4239,0.42809,0.43229,0.4155,0.40625
-0.84,8.7546,8.84215,8.92969,9.01724,5.6194,5.67559,5.73179,5.78798,3.5512,3.58671,3.62222,3.65774,2.2656,2.28826,2.31091,2.33357,1.544,1.55944,1.57488,1.59032,1.1178,1.12898,1.14016,1.15133,0.85607,0.86463,0.87319,0.88175,0.5768,0.58257,0.58834,0.5941,0.50252,0.50755,0.51257,0.5176,0.44778,0.45226,0.45674,0.46121,0.411,0.41511,0.41922,0.42333,0.39834,0.40232,0.40631,0.41029,0.39436,0.38455
-0.838,8.5374,8.62277,8.70815,8.79352,5.4556,5.51016,5.56471,5.61927,3.4348,3.46915,3.5035,3.53784,2.1834,2.20523,2.22707,2.2489,1.4866,1.50147,1.51633,1.5312,1.0686,1.07929,1.08997,1.10066,0.82021,0.82841,0.83661,0.84482,0.5484,0.55388,0.55937,0.56485,0.47664,0.48141,0.48617,0.49094,0.42426,0.4285,0.43275,0.43699,0.3886,0.39249,0.39637,0.40026,0.37698,0.38075,0.38452,0.38829,0.37321,0.36499
-0.836,8.3202,8.4034,8.4866,8.56981,5.2918,5.34472,5.39764,5.45055,3.3184,3.35158,3.38477,3.41795,2.1012,2.12221,2.14322,2.16424,1.4292,1.44349,1.45778,1.47208,1.02314,1.03337,1.0436,1.05383,0.78435,0.79219,0.80004,0.80788,0.52,0.5252,0.5304,0.5356,0.45321,0.45774,0.46227,0.46681,0.403,0.40703,0.41106,0.41509,0.37056,0.37427,0.37797,0.38168,0.35774,0.36132,0.36489,0.36847,0.35416,0.34757
-0.834,8.103,8.18403,8.26506,8.34609,5.128,5.17928,5.23056,5.28184,3.202,3.23402,3.26604,3.29806,2.019,2.03919,2.05938,2.07957,1.3718,1.38552,1.39924,1.41295,0.98142,0.99123,1.00105,1.01086,0.74849,0.75597,0.76346,0.77094,0.49684,0.50181,0.50678,0.51175,0.43223,0.43655,0.44087,0.4452,0.384,0.38784,0.39168,0.39552,0.35252,0.35605,0.35957,0.3631,0.34062,0.34403,0.34743,0.35084,0.33721,0.33015
-0.832,7.8996,7.9786,8.05759,8.13659,4.9792,5.02899,5.07878,5.12858,3.0986,3.12959,3.16057,3.19156,1.9476,1.96708,1.98655,2.00603,1.3144,1.32754,1.34069,1.35383,0.9397,0.9491,0.95849,0.96789,0.71263,0.71976,0.72688,0.73401,0.47368,0.47842,0.48315,0.48789,0.41125,0.41536,0.41947,0.42359,0.365,0.36865,0.3723,0.37595,0.33448,0.33782,0.34117,0.34451,0.3235,0.32673,0.32997,0.3332,0.32026,0.31273
-0.83,7.6962,7.77316,7.85012,7.92709,4.8304,4.8787,4.92701,4.97531,2.9952,3.02515,3.0551,3.08506,1.8762,1.89496,1.91372,1.93249,1.257,1.26957,1.28214,1.29471,0.89798,0.90696,0.91594,0.92492,0.67988,0.68668,0.69348,0.70028,0.45052,0.45503,0.45953,0.46404,0.39027,0.39417,0.39808,0.40198,0.346,0.34946,0.35292,0.35638,0.31644,0.3196,0.32277,0.32593,0.30638,0.30944,0.31251,0.31557,0.30332,0.29531
-0.828,7.4928,7.56773,7.64266,7.71758,4.6816,4.72842,4.77523,4.82205,2.8918,2.92072,2.94964,2.97855,1.8048,1.82285,1.8409,1.85894,1.2084,1.22048,1.23257,1.24465,0.85626,0.86482,0.87339,0.88195,0.65024,0.65674,0.66324,0.66975,0.42736,0.43163,0.43591,0.44018,0.36929,0.37298,0.37668,0.38037,0.327,0.33027,0.33354,0.33681,0.2984,0.30138,0.30437,0.30735,0.28926,0.29215,0.29505,0.29794,0.28637,0.27969
-0.826,7.2894,7.36229,7.43519,7.50808,4.5328,4.57813,4.62346,4.66878,2.7884,2.81628,2.84417,2.87205,1.7334,1.75073,1.76807,1.7854,1.1598,1.1714,1.183,1.19459,0.81806,0.82624,0.83442,0.8426,0.6206,0.62681,0.63301,0.63922,0.4042,0.40824,0.41228,0.41633,0.35039,0.35389,0.3574,0.3609,0.30994,0.31304,0.31614,0.31924,0.28408,0.28692,0.28976,0.2926,0.27391,0.27665,0.27939,0.28213,0.27117,0.26587
-0.824,7.086,7.15686,7.22772,7.29858,4.384,4.42784,4.47168,4.51552,2.685,2.71185,2.7387,2.76555,1.662,1.67862,1.69524,1.71186,1.1112,1.12231,1.13342,1.14454,0.78338,0.79121,0.79905,0.80688,0.59096,0.59687,0.60278,0.60869,0.38554,0.3894,0.39325,0.39711,0.33357,0.33691,0.34024,0.34358,0.29482,0.29777,0.30072,0.30366,0.26976,0.27246,0.27516,0.27785,0.26033,0.26293,0.26554,0.26814,0.25773,0.25205
-0.822,6.8978,6.96678,7.03576,7.10473,4.2502,4.2927,4.3352,4.37771,2.5942,2.62014,2.64608,2.67203,1.6004,1.6164,1.63241,1.64841,1.0626,1.07323,1.08385,1.09448,0.7487,0.75619,0.76367,0.77116,0.56132,0.56693,0.57255,0.57816,0.36688,0.37055,0.37422,0.37789,0.31675,0.31992,0.32308,0.32625,0.2797,0.2825,0.28529,0.28809,0.25544,0.25799,0.26055,0.2631,0.24675,0.24922,0.25168,0.25415,0.24428,0.23823
-0.82,6.7096,6.7767,6.84379,6.91089,4.1164,4.15756,4.19873,4.23989,2.5034,2.52843,2.55347,2.5785,1.5388,1.55419,1.56958,1.58496,1.014,1.02414,1.03428,1.04442,0.71402,0.72116,0.7283,0.73544,0.53439,0.53973,0.54508,0.55042,0.34822,0.3517,0.35518,0.35867,0.29993,0.30293,0.30593,0.30893,0.26458,0.26723,0.26987,0.27252,0.24112,0.24353,0.24594,0.24835,0.23317,0.2355,0.23783,0.24017,0.23084,0.22441
-0.818,6.5214,6.58661,6.65183,6.71704,3.9826,4.02243,4.06225,4.10208,2.4126,2.43673,2.46085,2.48498,1.4772,1.49197,1.50674,1.52152,0.973,0.98273,0.99246,1.00219,0.67934,0.68613,0.69293,0.69972,0.51017,0.51527,0.52037,0.52548,0.32956,0.33286,0.33615,0.33945,0.28311,0.28594,0.28877,0.2916,0.24946,0.25195,0.25445,0.25694,0.2268,0.22907,0.23134,0.2336,0.21959,0.22179,0.22398,0.22618,0.21739,0.21208
-0.816,6.3332,6.39653,6.45986,6.5232,3.8488,3.88729,3.92578,3.96426,2.3218,2.34502,2.36824,2.39145,1.4156,1.42976,1.44391,1.45807,0.932,0.94132,0.95064,0.95996,0.64772,0.6542,0.66067,0.66715,0.48595,0.49081,0.49567,0.50053,0.3109,0.31401,0.31712,0.32023,0.26803,0.27071,0.27339,0.27607,0.23594,0.2383,0.24066,0.24302,0.21554,0.2177,0.21985,0.22201,0.20748,0.20955,0.21163,0.2137,0.20541,0.20124
-0.814,6.145,6.20645,6.2679,6.32935,3.715,3.75215,3.7893,3.82645,2.231,2.25331,2.27562,2.29793,1.354,1.36754,1.38108,1.39462,0.891,0.89991,0.90882,0.91773,0.61916,0.62535,0.63154,0.63773,0.46173,0.46635,0.47096,0.47558,0.29604,0.299,0.30196,0.30492,0.25469,0.25724,0.25978,0.26233,0.22402,0.22626,0.2285,0.23074,0.20428,0.20632,0.20837,0.21041,0.19684,0.19881,0.20078,0.20275,0.19487,0.1904
-0.812,5.9726,6.03233,6.09205,6.15178,3.596,3.63196,3.66792,3.70388,2.1522,2.17372,2.19524,2.21677,1.3018,1.31482,1.32784,1.34085,0.85,0.8585,0.867,0.8755,0.5906,0.59651,0.60241,0.60832,0.43751,0.44189,0.44626,0.45064,0.28118,0.28399,0.2868,0.28962,0.24135,0.24376,0.24618,0.24859,0.2121,0.21422,0.21634,0.21846,0.19302,0.19495,0.19688,0.19881,0.1862,0.18806,0.18992,0.19179,0.18434,0.17956
-0.81,5.8002,5.8582,5.9162,5.97421,3.477,3.51177,3.54654,3.58131,2.0734,2.09413,2.11487,2.1356,1.2496,1.2621,1.27459,1.28709,0.809,0.81709,0.82518,0.83327,0.56204,0.56766,0.57328,0.5789,0.41563,0.41979,0.42394,0.4281,0.26632,0.26898,0.27165,0.27431,0.22801,0.23029,0.23257,0.23485,0.20018,0.20218,0.20418,0.20619,0.18176,0.18358,0.1854,0.18721,0.17556,0.17732,0.17907,0.18083,0.1738,0.16872
-0.808,5.6278,5.68408,5.74036,5.79663,3.358,3.39158,3.42516,3.45874,1.9946,2.01455,2.03449,2.05444,1.1974,1.20937,1.22135,1.23332,0.77502,0.78277,0.79052,0.79827,0.53348,0.53881,0.54415,0.54948,0.39609,0.40005,0.40401,0.40797,0.25146,0.25397,0.25649,0.259,0.21467,0.21682,0.21896,0.22111,0.18826,0.19014,0.19203,0.19391,0.1705,0.1722,0.17391,0.17561,0.16492,0.16657,0.16822,0.16987,0.16327,0.1591
-0.806,5.4554,5.50995,5.56451,5.61906,3.239,3.27139,3.30378,3.33617,1.9158,1.93496,1.95412,1.97327,1.1452,1.15665,1.1681,1.17956,0.74104,0.74845,0.75586,0.76327,0.50758,0.51266,0.51773,0.52281,0.37655,0.38032,0.38408,0.38785,0.2366,0.23897,0.24133,0.2437,0.20279,0.20482,0.20685,0.20887,0.17767,0.17945,0.18122,0.183,0.16176,0.16338,0.165,0.16661,0.15548,0.15703,0.15859,0.16014,0.15393,0.1507
-0.804,5.283,5.33583,5.38866,5.44149,3.12,3.1512,3.1824,3.2136,1.837,1.85537,1.87374,1.89211,1.093,1.10393,1.11486,1.12579,0.70706,0.71413,0.7212,0.72827,0.48434,0.48918,0.49403,0.49887,0.35701,0.36058,0.36415,0.36772,0.22492,0.22717,0.22942,0.23167,0.19237,0.19429,0.19622,0.19814,0.16841,0.17009,0.17178,0.17346,0.15302,0.15455,0.15608,0.15761,0.14724,0.14871,0.15018,0.15166,0.14577,0.1423
-0.802,5.1268,5.17807,5.22934,5.2806,3.0152,3.04535,3.0755,3.10566,1.769,1.78669,1.80438,1.82207,1.04912,1.05961,1.0701,1.08059,0.67308,0.67981,0.68654,0.69327,0.4611,0.46571,0.47032,0.47493,0.33747,0.34084,0.34422,0.34759,0.21324,0.21537,0.2175,0.21964,0.18195,0.18377,0.18559,0.18741,0.15915,0.16074,0.16233,0.16392,0.14428,0.14572,0.14717,0.14861,0.139,0.14039,0.14178,0.14317,0.13761,0.1339
-0.8,4.9706,5.02031,5.07001,5.11972,2.9104,2.9395,2.96861,2.99771,1.701,1.71801,1.73502,1.75203,1.00524,1.01529,1.02534,1.0354,0.6391,0.64549,0.65188,0.65827,0.43786,0.44224,0.44662,0.451,0.31991,0.32311,0.32631,0.32951,0.20156,0.20358,0.20559,0.20761,0.17153,0.17325,0.17496,0.17668,0.14989,0.15139,0.15289,0.15439,0.13554,0.1369,0.13825,0.13961,0.13076,0.13207,0.13338,0.13468,0.12945,0.1255
-0.798,4.8144,4.86254,4.91069,4.95883,2.8056,2.83366,2.86171,2.88977,1.633,1.64933,1.66566,1.68199,0.96136,0.97097,0.98059,0.9902,0.61122,0.61733,0.62344,0.62956,0.41462,0.41877,0.42291,0.42706,0.30433,0.30737,0.31042,0.31346,0.18988,0.19178,0.19368,0.19558,0.16111,0.16272,0.16433,0.16594,0.14063,0.14204,0.14344,0.14485,0.1268,0.12807,0.12934,0.1306,0.12252,0.12375,0.12497,0.1262,0.12129,0.11808
-0.796,4.6582,4.70478,4.75136,4.79795,2.7008,2.72781,2.75482,2.78182,1.565,1.58065,1.5963,1.61195,0.91748,0.92665,0.93583,0.945,0.58334,0.58917,0.59501,0.60084,0.39365,0.39759,0.40152,0.40546,0.28875,0.29164,0.29452,0.29741,0.1782,0.17998,0.18176,0.18355,0.15187,0.15339,0.15491,0.15643,0.13243,0.13375,0.13508,0.1364,0.12011,0.12131,0.12251,0.12372,0.11525,0.11641,0.11756,0.11871,0.1141,0.11164
-0.794,4.502,4.54702,4.59204,4.63706,2.596,2.62196,2.64792,2.67388,1.497,1.51197,1.52694,1.54191,0.8736,0.88234,0.89107,0.89981,0.55546,0.56101,0.56657,0.57212,0.37495,0.3787,0.38245,0.3862,0.27317,0.2759,0.27863,0.28137,0.1691,0.17079,0.17248,0.17417,0.14381,0.14525,0.14669,0.14812,0.12529,0.12654,0.1278,0.12905,0.11342,0.11456,0.11569,0.11683,0.10896,0.11005,0.11114,0.11223,0.10787,0.1052
-0.792,4.362,4.40562,4.44924,4.49286,2.505,2.53005,2.5551,2.58015,1.4394,1.45379,1.46819,1.48258,0.83712,0.84549,0.85386,0.86223,0.52758,0.53286,0.53813,0.54341,0.35625,0.35981,0.36337,0.36694,0.25759,0.26017,0.26274,0.26532,0.16,0.1616,0.1632,0.1648,0.13575,0.13711,0.13846,0.13982,0.11815,0.11933,0.12051,0.12169,0.10674,0.1078,0.10887,0.10994,0.10267,0.1037,0.10472,0.10575,0.10164,0.09876
-0.79,4.222,4.26422,4.30644,4.34866,2.414,2.43814,2.46228,2.48642,1.3818,1.39562,1.40944,1.42325,0.80064,0.80865,0.81665,0.82466,0.4997,0.5047,0.50969,0.51469,0.33755,0.34093,0.3443,0.34768,0.24366,0.2461,0.24853,0.25097,0.1509,0.15241,0.15392,0.15543,0.12769,0.12897,0.13024,0.13152,0.11101,0.11212,0.11323,0.11434,0.10005,0.10105,0.10205,0.10305,0.09638,0.09734,0.09831,0.09927,0.09541,0.09232
-0.788,4.082,4.12282,4.16364,4.20446,2.323,2.34623,2.36946,2.39269,1.3242,1.33744,1.35068,1.36393,0.76416,0.7718,0.77944,0.78708,0.47712,0.48189,0.48666,0.49143,0.31885,0.32204,0.32523,0.32842,0.23138,0.23369,0.23601,0.23832,0.1418,0.14322,0.14464,0.14605,0.11963,0.12083,0.12202,0.12322,0.10387,0.10491,0.10595,0.10699,0.09336,0.09429,0.09523,0.09616,0.09009,0.09099,0.09189,0.09279,0.08919,0.08667
-0.786,3.942,3.98142,4.02084,4.06026,2.232,2.25432,2.27664,2.29896,1.2666,1.27927,1.29193,1.3046,0.72768,0.73496,0.74223,0.74951,0.45454,0.45909,0.46363,0.46818,0.30207,0.30509,0.30811,0.31113,0.2191,0.22129,0.22348,0.22567,0.1327,0.13403,0.13535,0.13668,0.11252,0.11364,0.11477,0.11589,0.09759,0.09857,0.09954,0.10052,0.08828,0.08916,0.09005,0.09093,0.08456,0.08541,0.08625,0.0871,0.08372,0.0818
-0.784,3.802,3.84002,3.87804,3.91606,2.141,2.16241,2.18382,2.20523,1.209,1.22109,1.23318,1.24527,0.6912,0.69811,0.70502,0.71194,0.43196,0.43628,0.4406,0.44492,0.28721,0.29008,0.29295,0.29583,0.20682,0.20889,0.21096,0.21302,0.12573,0.12699,0.12824,0.1295,0.10636,0.10742,0.10848,0.10955,0.09217,0.09309,0.09402,0.09494,0.0832,0.08404,0.08487,0.0857,0.0798,0.0806,0.0814,0.0822,0.079,0.07693
-0.782,3.678,3.71478,3.75156,3.78834,2.0626,2.08323,2.10385,2.12448,1.1606,1.17221,1.18381,1.19542,0.66122,0.66783,0.67444,0.68106,0.40938,0.41347,0.41757,0.42166,0.27235,0.27507,0.2778,0.28052,0.19454,0.19649,0.19843,0.20038,0.11876,0.11995,0.12114,0.12232,0.10019,0.1012,0.1022,0.1032,0.08675,0.08762,0.08849,0.08936,0.07813,0.07891,0.07969,0.08047,0.07504,0.0758,0.07655,0.0773,0.07429,0.07207
-0.78,3.554,3.58954,3.62508,3.66062,1.9842,2.00404,2.02388,2.04373,1.1122,1.12332,1.13444,1.14557,0.63124,0.63755,0.64386,0.65018,0.3868,0.39067,0.39454,0.3984,0.25749,0.26006,0.26264,0.26521,0.18362,0.18546,0.18729,0.18913,0.11179,0.11291,0.11403,0.11514,0.09403,0.09497,0.09591,0.09685,0.08134,0.08215,0.08296,0.08378,0.07305,0.07378,0.07451,0.07524,0.07029,0.07099,0.07169,0.0724,0.06958,0.0672
-0.778,3.43,3.4643,3.4986,3.5329,1.9058,1.92486,1.94392,1.96297,1.0638,1.07444,1.08508,1.09571,0.60126,0.60727,0.61329,0.6193,0.3687,0.37239,0.37607,0.37976,0.24263,0.24506,0.24748,0.24991,0.17406,0.1758,0.17754,0.17928,0.10482,0.10587,0.10692,0.10796,0.08787,0.08875,0.08963,0.09051,0.07592,0.07668,0.07744,0.0782,0.06797,0.06865,0.06933,0.07001,0.06553,0.06618,0.06684,0.06749,0.06487,0.06295
-0.776,3.306,3.33906,3.37212,3.40518,1.8274,1.84567,1.86395,1.88222,1.0154,1.02555,1.03571,1.04586,0.57128,0.57699,0.58271,0.58842,0.3506,0.35411,0.35761,0.36112,0.22937,0.23166,0.23396,0.23625,0.1645,0.16614,0.16779,0.16943,0.09785,0.09883,0.09981,0.10079,0.08246,0.08329,0.08411,0.08494,0.07118,0.07189,0.0726,0.07331,0.06417,0.06481,0.06545,0.0661,0.06137,0.06199,0.0626,0.06321,0.06076,0.05932
-0.774,3.182,3.21382,3.24564,3.27746,1.749,1.76649,1.78398,1.80147,0.967,0.97667,0.98634,0.99601,0.5413,0.54671,0.55213,0.55754,0.3325,0.33582,0.33915,0.34247,0.21771,0.21989,0.22206,0.22424,0.15494,0.15649,0.15804,0.15959,0.09255,0.09348,0.0944,0.09533,0.07781,0.07859,0.07937,0.08015,0.06711,0.06778,0.06845,0.06912,0.06037,0.06097,0.06158,0.06218,0.05782,0.0584,0.05898,0.05955,0.05724,0.05568
-0.772,3.0732,3.10393,3.13466,3.1654,1.6822,1.69902,1.71584,1.73267,0.92674,0.93601,0.94527,0.95454,0.51698,0.52215,0.52732,0.53249,0.3144,0.31754,0.32069,0.32383,0.20605,0.20811,0.21017,0.21223,0.14538,0.14683,0.14829,0.14974,0.08725,0.08813,0.089,0.08987,0.07316,0.0739,0.07463,0.07536,0.06304,0.06367,0.0643,0.06493,0.05657,0.05714,0.0577,0.05827,0.05426,0.05481,0.05535,0.05589,0.05372,0.05204
-0.77,2.9644,2.99404,3.02369,3.05333,1.6154,1.63155,1.64771,1.66386,0.88648,0.89534,0.90421,0.91307,0.49266,0.49759,0.50251,0.50744,0.2963,0.29926,0.30223,0.30519,0.19439,0.19633,0.19828,0.20022,0.13692,0.13829,0.13966,0.14103,0.08196,0.08278,0.0836,0.08441,0.06851,0.0692,0.06989,0.07057,0.05897,0.05956,0.06015,0.06074,0.05277,0.0533,0.05383,0.05435,0.05071,0.05122,0.05173,0.05223,0.0502,0.04841
-0.768,2.8556,2.88416,2.91271,2.94127,1.5486,1.56409,1.57957,1.59506,0.84622,0.85468,0.86314,0.87161,0.46834,0.47302,0.47771,0.48239,0.28196,0.28478,0.2876,0.29042,0.18273,0.18456,0.18638,0.18821,0.12956,0.13086,0.13215,0.13345,0.07666,0.07742,0.07819,0.07896,0.06386,0.0645,0.06514,0.06578,0.0549,0.05545,0.056,0.05655,0.04897,0.04946,0.04995,0.05044,0.04716,0.04763,0.0481,0.04857,0.04669,0.04525
-0.766,2.7468,2.77427,2.80174,2.8292,1.4818,1.49662,1.51144,1.52625,0.80596,0.81402,0.82208,0.83014,0.44402,0.44846,0.4529,0.45734,0.26762,0.2703,0.27297,0.27565,0.17238,0.1741,0.17583,0.17755,0.1222,0.12342,0.12464,0.12587,0.07136,0.07207,0.07279,0.0735,0.0598,0.0604,0.061,0.0616,0.05136,0.05187,0.05239,0.0529,0.04616,0.04662,0.04708,0.04754,0.04407,0.04451,0.04495,0.04539,0.04363,0.04256
-0.764,2.638,2.66438,2.69076,2.71714,1.415,1.42915,1.4433,1.45745,0.7657,0.77336,0.78101,0.78867,0.4197,0.4239,0.42809,0.43229,0.25328,0.25581,0.25835,0.26088,0.16334,0.16497,0.16661,0.16824,0.11484,0.11599,0.11714,0.11829,0.06738,0.06806,0.06873,0.06941,0.05633,0.0569,0.05746,0.05802,0.04834,0.04882,0.04931,0.04979,0.04334,0.04378,0.04421,0.04464,0.04144,0.04186,0.04227,0.04269,0.04103,0.03987
-0.762,2.5438,2.56924,2.59468,2.62011,1.3588,1.37239,1.38598,1.39956,0.73262,0.73995,0.74727,0.7546,0.40016,0.40416,0.40816,0.41216,0.23894,0.24133,0.24372,0.24611,0.1543,0.15584,0.15739,0.15893,0.10748,0.10855,0.10963,0.1107,0.06341,0.06404,0.06468,0.06531,0.05286,0.05339,0.05392,0.05445,0.04532,0.04577,0.04623,0.04668,0.04053,0.04093,0.04134,0.04174,0.03882,0.03921,0.0396,0.03998,0.03843,0.03718
-0.76,2.4496,2.4741,2.49859,2.52309,1.3026,1.31563,1.32865,1.34168,0.69954,0.70654,0.71353,0.72053,0.38062,0.38443,0.38823,0.39204,0.2246,0.22685,0.22909,0.23134,0.14526,0.14671,0.14817,0.14962,0.101,0.10201,0.10302,0.10403,0.05943,0.06003,0.06062,0.06121,0.04939,0.04988,0.05038,0.05087,0.0423,0.04272,0.04315,0.04357,0.03771,0.03809,0.03847,0.03885,0.0362,0.03656,0.03692,0.03728,0.03583,0.03449
-0.758,2.3554,2.37895,2.40251,2.42606,1.2464,1.25886,1.27133,1.28379,0.66646,0.67312,0.67979,0.68645,0.36108,0.36469,0.3683,0.37191,0.21336,0.21549,0.21763,0.21976,0.13622,0.13758,0.13894,0.14031,0.09541,0.09637,0.09732,0.09827,0.05546,0.05601,0.05657,0.05712,0.04592,0.04638,0.04683,0.04729,0.03928,0.03967,0.04007,0.04046,0.0349,0.03525,0.0356,0.03595,0.03357,0.03391,0.03424,0.03458,0.03324,0.03217
-0.756,2.2612,2.28381,2.30642,2.32904,1.1902,1.2021,1.214,1.22591,0.63338,0.63971,0.64605,0.65238,0.34154,0.34496,0.34837,0.35179,0.20212,0.20414,0.20616,0.20818,0.12822,0.12951,0.13079,0.13207,0.08982,0.09072,0.09162,0.09251,0.05148,0.05199,0.05251,0.05302,0.0429,0.04333,0.04376,0.04419,0.03666,0.03703,0.0374,0.03776,0.03284,0.03317,0.0335,0.03383,0.0313,0.03162,0.03193,0.03224,0.03099,0.0302
-0.754,2.167,2.18867,2.21034,2.23201,1.134,1.14534,1.15668,1.16802,0.6003,0.6063,0.61231,0.61831,0.322,0.32522,0.32844,0.33166,0.19088,0.19279,0.1947,0.19661,0.12127,0.12249,0.1237,0.12491,0.08423,0.08507,0.08591,0.08675,0.04853,0.04902,0.0495,0.04999,0.04034,0.04074,0.04115,0.04155,0.03445,0.03479,0.03513,0.03548,0.03078,0.03109,0.0314,0.0317,0.02939,0.02968,0.02998,0.03027,0.0291,0.02824
-0.752,2.0862,2.10706,2.12792,2.14879,1.08708,1.09795,1.10882,1.11969,0.57342,0.57915,0.58489,0.59062,0.30652,0.30959,0.31265,0.31572,0.17964,0.18144,0.18323,0.18503,0.11432,0.11547,0.11661,0.11775,0.07864,0.07942,0.08021,0.081,0.04559,0.04604,0.0465,0.04696,0.03778,0.03816,0.03854,0.03891,0.03223,0.03255,0.03287,0.0332,0.02872,0.02901,0.02929,0.02958,0.02747,0.02775,0.02802,0.0283,0.0272,0.02628
-0.75,2.0054,2.02545,2.04551,2.06556,1.04016,1.05056,1.06096,1.07136,0.54654,0.55201,0.55747,0.56294,0.29104,0.29395,0.29686,0.29977,0.1684,0.17008,0.17177,0.17345,0.10737,0.10845,0.10952,0.1106,0.07374,0.07448,0.07521,0.07595,0.04264,0.04307,0.04349,0.04392,0.03522,0.03557,0.03592,0.03628,0.03001,0.03031,0.03061,0.03091,0.02666,0.02693,0.02719,0.02746,0.02556,0.02582,0.02607,0.02633,0.02531,0.02431
-0.748,1.9246,1.94385,1.96309,1.98234,0.99324,1.00317,1.0131,1.02304,0.51966,0.52486,0.53005,0.53525,0.27556,0.27832,0.28107,0.28383,0.15972,0.16132,0.16291,0.16451,0.10042,0.10143,0.10243,0.10344,0.06953,0.07023,0.07092,0.07162,0.0397,0.04009,0.04049,0.04089,0.03266,0.03299,0.03331,0.03364,0.0278,0.02808,0.02835,0.02863,0.0246,0.02485,0.02509,0.02534,0.02365,0.02388,0.02412,0.02436,0.02341,0.02262
-0.746,1.8438,1.86224,1.88068,1.89911,0.94632,0.95578,0.96525,0.97471,0.49278,0.49771,0.50264,0.50756,0.26008,0.26268,0.26528,0.26788,0.15104,0.15255,0.15406,0.15557,0.09432,0.09526,0.0962,0.09715,0.06533,0.06598,0.06664,0.06729,0.03675,0.03712,0.03748,0.03785,0.03045,0.03075,0.03106,0.03136,0.02589,0.02615,0.0264,0.02666,0.02311,0.02334,0.02357,0.02381,0.022,0.02222,0.02244,0.02266,0.02178,0.02121
-0.744,1.763,1.78063,1.79826,1.81589,0.8994,0.90839,0.91739,0.92638,0.4659,0.47056,0.47522,0.47988,0.2446,0.24705,0.24949,0.25194,0.14236,0.14378,0.14521,0.14663,0.08905,0.08994,0.09084,0.09173,0.06113,0.06174,0.06235,0.06296,0.03459,0.03494,0.03528,0.03563,0.02858,0.02887,0.02915,0.02944,0.02428,0.02452,0.02477,0.02501,0.02162,0.02184,0.02206,0.02227,0.02062,0.02083,0.02103,0.02124,0.02041,0.01979
-0.742,1.6946,1.71155,1.72849,1.74544,0.86086,0.86947,0.87808,0.88669,0.44432,0.44876,0.45321,0.45765,0.23244,0.23476,0.23709,0.23941,0.13368,0.13502,0.13635,0.13769,0.08379,0.08463,0.08547,0.0863,0.05692,0.05749,0.05806,0.05863,0.03243,0.03275,0.03308,0.0334,0.02671,0.02698,0.02725,0.02752,0.02267,0.0229,0.02313,0.02336,0.02014,0.02034,0.02054,0.02074,0.01924,0.01943,0.01962,0.01982,0.01905,0.01837
-0.74,1.6262,1.64246,1.65872,1.67499,0.82232,0.83054,0.83877,0.84699,0.42274,0.42697,0.43119,0.43542,0.22028,0.22248,0.22469,0.22689,0.125,0.12625,0.1275,0.12875,0.07853,0.07931,0.0801,0.08088,0.05326,0.05379,0.05432,0.05486,0.03027,0.03057,0.03088,0.03118,0.02485,0.0251,0.02535,0.02559,0.02107,0.02128,0.02149,0.0217,0.01865,0.01883,0.01902,0.01921,0.01786,0.01804,0.01822,0.0184,0.01768,0.01696
-0.738,1.5578,1.57338,1.58896,1.60453,0.78378,0.79162,0.79946,0.80729,0.40116,0.40517,0.40918,0.41319,0.20812,0.2102,0.21228,0.21436,0.11837,0.11955,0.12073,0.12192,0.07326,0.07399,0.07473,0.07546,0.05013,0.05064,0.05114,0.05164,0.02811,0.02839,0.02867,0.02895,0.02298,0.02321,0.02344,0.02367,0.01946,0.01966,0.01985,0.02005,0.01716,0.01733,0.0175,0.01767,0.01648,0.01664,0.01681,0.01697,0.01632,0.01574
-0.736,1.4894,1.50429,1.51919,1.53408,0.74524,0.75269,0.76014,0.7676,0.37958,0.38338,0.38717,0.39097,0.19596,0.19792,0.19988,0.20184,0.11173,0.11285,0.11397,0.11508,0.06866,0.06934,0.07003,0.07072,0.04701,0.04748,0.04795,0.04842,0.02595,0.02621,0.02647,0.02673,0.02138,0.02159,0.02181,0.02202,0.01808,0.01827,0.01845,0.01863,0.0161,0.01626,0.01642,0.01658,0.0153,0.01545,0.0156,0.01576,0.01515,0.01473
-0.734,1.421,1.43521,1.44942,1.46363,0.7067,0.71377,0.72083,0.7279,0.358,0.36158,0.36516,0.36874,0.1838,0.18564,0.18748,0.18931,0.1051,0.10615,0.1072,0.10825,0.06471,0.06536,0.06601,0.06666,0.04389,0.04432,0.04476,0.0452,0.02439,0.02463,0.02487,0.02512,0.02003,0.02023,0.02043,0.02064,0.01693,0.0171,0.01727,0.01744,0.01503,0.01518,0.01533,0.01548,0.01431,0.01446,0.0146,0.01474,0.01417,0.01372
-0.732,1.3636,1.37724,1.39087,1.40451,0.67532,0.68207,0.68883,0.69558,0.34086,0.34427,0.34768,0.35109,0.17438,0.17612,0.17787,0.17961,0.09846,0.09945,0.10043,0.10142,0.06077,0.06138,0.06199,0.06259,0.04076,0.04117,0.04158,0.04198,0.02282,0.02305,0.02328,0.02351,0.01869,0.01888,0.01906,0.01925,0.01578,0.01594,0.0161,0.01626,0.01397,0.01411,0.01425,0.01439,0.01333,0.01346,0.0136,0.01373,0.0132,0.01271
-0.73,1.3062,1.31926,1.33232,1.34539,0.64394,0.65038,0.65682,0.66326,0.32372,0.32696,0.33019,0.33343,0.16496,0.16661,0.16826,0.16991,0.09183,0.09275,0.09367,0.09458,0.05683,0.05739,0.05796,0.05853,0.03805,0.03843,0.03881,0.03919,0.02126,0.02147,0.02168,0.0219,0.01735,0.01752,0.01769,0.01787,0.01463,0.01478,0.01493,0.01507,0.0129,0.01303,0.01316,0.01329,0.01235,0.01247,0.01259,0.01272,0.01222,0.0117
-0.728,1.2488,1.26129,1.27378,1.28626,0.61256,0.61869,0.62481,0.63094,0.30658,0.30965,0.31271,0.31578,0.15554,0.1571,0.15865,0.16021,0.08681,0.08768,0.08855,0.08941,0.05288,0.05341,0.05394,0.05447,0.03576,0.03612,0.03647,0.03683,0.01969,0.01989,0.02009,0.02028,0.016,0.01616,0.01632,0.01648,0.01348,0.01362,0.01375,0.01389,0.01184,0.01196,0.01208,0.0122,0.01136,0.01148,0.01159,0.0117,0.01125,0.01083
-0.726,1.1914,1.20331,1.21523,1.22714,0.58118,0.58699,0.5928,0.59862,0.28944,0.29233,0.29523,0.29812,0.14612,0.14758,0.14904,0.1505,0.08179,0.08261,0.08343,0.08424,0.04945,0.04994,0.05044,0.05093,0.03346,0.0338,0.03413,0.03447,0.01813,0.01831,0.01849,0.01867,0.01485,0.015,0.01515,0.0153,0.0125,0.01263,0.01275,0.01288,0.01109,0.0112,0.01131,0.01142,0.01052,0.01063,0.01073,0.01084,0.01042,0.01012
-0.724,1.134,1.14534,1.15668,1.16802,0.5498,0.5553,0.5608,0.56629,0.2723,0.27502,0.27775,0.28047,0.1367,0.13807,0.13943,0.1408,0.07677,0.07754,0.07831,0.07907,0.04653,0.047,0.04746,0.04793,0.03117,0.03148,0.03179,0.03211,0.01701,0.01718,0.01735,0.01752,0.01389,0.01403,0.01417,0.01431,0.01169,0.0118,0.01192,0.01204,0.01034,0.01044,0.01054,0.01065,0.00983,0.00993,0.01003,0.01012,0.00973,0.00941
-0.722,1.08638,1.09724,1.10811,1.11897,0.52452,0.52977,0.53501,0.54026,0.25882,0.26141,0.264,0.26658,0.12948,0.13077,0.13207,0.13336,0.07175,0.07247,0.07318,0.0739,0.04361,0.04405,0.04448,0.04492,0.02888,0.02917,0.02945,0.02974,0.01589,0.01605,0.01621,0.01637,0.01293,0.01306,0.01319,0.01332,0.01087,0.01098,0.01109,0.0112,0.00958,0.00968,0.00978,0.00987,0.00913,0.00923,0.00932,0.00941,0.00904,0.0087
-0.72,1.03876,1.04915,1.05954,1.06992,0.49924,0.50423,0.50922,0.51422,0.24534,0.24779,0.25025,0.2527,0.12226,0.12348,0.12471,0.12593,0.06673,0.0674,0.06806,0.06873,0.04069,0.0411,0.0415,0.04191,0.0269,0.02717,0.02744,0.0277,0.01477,0.01492,0.01507,0.01521,0.01198,0.0121,0.01222,0.01234,0.01005,0.01015,0.01026,0.01036,0.00883,0.00892,0.00901,0.0091,0.00844,0.00853,0.00861,0.00869,0.00836,0.00799
-0.718,0.99114,1.00105,1.01096,1.02087,0.47396,0.4787,0.48344,0.48818,0.23186,0.23418,0.2365,0.23882,0.11504,0.11619,0.11734,0.11849,0.06298,0.06361,0.06424,0.06487,0.03777,0.03815,0.03853,0.0389,0.02523,0.02549,0.02574,0.02599,0.01365,0.01379,0.01392,0.01406,0.01102,0.01113,0.01124,0.01135,0.00924,0.00933,0.00942,0.00952,0.00808,0.00816,0.00824,0.00832,0.00775,0.00782,0.0079,0.00798,0.00767,0.00738
-0.716,0.94352,0.95296,0.96239,0.97183,0.44868,0.45317,0.45765,0.46214,0.21838,0.22056,0.22275,0.22493,0.10782,0.1089,0.10998,0.11105,0.05923,0.05982,0.06041,0.06101,0.03524,0.03559,0.03595,0.0363,0.02357,0.02381,0.02404,0.02428,0.01253,0.01266,0.01278,0.01291,0.0102,0.01031,0.01041,0.01051,0.00854,0.00863,0.00872,0.0088,0.00756,0.00763,0.00771,0.00778,0.00716,0.00723,0.0073,0.00737,0.00709,0.00688
-0.714,0.8959,0.90486,0.91382,0.92278,0.4234,0.42763,0.43187,0.4361,0.2049,0.20695,0.209,0.21105,0.1006,0.10161,0.10261,0.10362,0.05548,0.05603,0.05659,0.05714,0.0331,0.03343,0.03377,0.0341,0.02191,0.02213,0.02234,0.02256,0.01174,0.01186,0.01197,0.01209,0.00953,0.00962,0.00972,0.00981,0.00797,0.00805,0.00813,0.00821,0.00703,0.0071,0.00717,0.00724,0.00667,0.00674,0.00681,0.00687,0.00661,0.00638
-0.712,0.85692,0.86549,0.87406,0.88263,0.4033,0.40733,0.41137,0.4154,0.19446,0.1964,0.19835,0.20029,0.09514,0.09609,0.09704,0.09799,0.05173,0.05225,0.05276,0.05328,0.03096,0.03127,0.03158,0.03189,0.02024,0.02044,0.02065,0.02085,0.01095,0.01106,0.01116,0.01127,0.00885,0.00894,0.00903,0.00912,0.0074,0.00748,0.00755,0.00763,0.00651,0.00657,0.00664,0.0067,0.00619,0.00625,0.00631,0.00638,0.00613,0.00589
-0.71,0.81794,0.82612,0.8343,0.84248,0.3832,0.38703,0.39086,0.3947,0.18402,0.18586,0.1877,0.18954,0.08967,0.09057,0.09147,0.09236,0.04798,0.04846,0.04894,0.04942,0.02883,0.02912,0.0294,0.02969,0.01881,0.019,0.01919,0.01938,0.01015,0.01026,0.01036,0.01046,0.00818,0.00826,0.00834,0.00843,0.00683,0.0069,0.00697,0.00704,0.00598,0.00604,0.0061,0.00616,0.00571,0.00576,0.00582,0.00588,0.00565,0.00539
-0.708,0.77896,0.78675,0.79454,0.80233,0.3631,0.36673,0.37036,0.37399,0.17358,0.17532,0.17705,0.17879,0.08421,0.08505,0.08589,0.08673,0.04521,0.04566,0.04612,0.04657,0.02669,0.02696,0.02722,0.02749,0.01762,0.0178,0.01797,0.01815,0.00936,0.00946,0.00955,0.00964,0.00751,0.00758,0.00766,0.00773,0.00626,0.00633,0.00639,0.00645,0.00546,0.00551,0.00557,0.00562,0.00522,0.00527,0.00533,0.00538,0.00517,0.00497
-0.706,0.73998,0.74738,0.75478,0.76218,0.343,0.34643,0.34986,0.35329,0.16314,0.16477,0.1664,0.16803,0.07874,0.07953,0.08032,0.08111,0.04244,0.04287,0.04329,0.04372,0.02485,0.02509,0.02534,0.02559,0.01642,0.01659,0.01675,0.01692,0.00857,0.00866,0.00874,0.00883,0.00694,0.00701,0.00707,0.00714,0.00578,0.00584,0.0059,0.00596,0.0051,0.00515,0.0052,0.00525,0.00481,0.00486,0.00491,0.00496,0.00477,0.00463
-0.704,0.701,0.70801,0.71502,0.72203,0.3229,0.32613,0.32936,0.33259,0.1527,0.15423,0.15575,0.15728,0.07328,0.07401,0.07475,0.07548,0.03968,0.04007,0.04047,0.04087,0.0233,0.02353,0.02376,0.024,0.01523,0.01538,0.01554,0.01569,0.00801,0.00809,0.00817,0.00825,0.00647,0.00653,0.0066,0.00666,0.00539,0.00544,0.0055,0.00555,0.00474,0.00478,0.00483,0.00488,0.00448,0.00453,0.00457,0.00462,0.00444,0.00428
-0.702,0.66942,0.67611,0.68281,0.6895,0.30706,0.31013,0.3132,0.31627,0.14468,0.14613,0.14757,0.14902,0.06919,0.06988,0.07057,0.07126,0.03691,0.03728,0.03765,0.03802,0.02175,0.02197,0.02218,0.0224,0.01404,0.01418,0.01432,0.01446,0.00746,0.00753,0.00761,0.00768,0.006,0.00606,0.00612,0.00618,0.00499,0.00504,0.00509,0.00514,0.00437,0.00442,0.00446,0.00451,0.00415,0.00419,0.00423,0.00427,0.00411,0.00394
-0.7,0.63784,0.64422,0.6506,0.65698,0.29122,0.29413,0.29704,0.29996,0.13666,0.13803,0.13939,0.14076,0.06509,0.06574,0.06639,0.06704,0.03414,0.03448,0.03482,0.03516,0.0202,0.0204,0.02061,0.02081,0.01302,0.01315,0.01328,0.01341,0.0069,0.00697,0.00704,0.00711,0.00553,0.00559,0.00564,0.0057,0.0046,0.00465,0.00469,0.00474,0.00401,0.00405,0.00409,0.00413,0.00382,0.00386,0.00389,0.00393,0.00378,0.0036
-0.698,0.60626,0.61232,0.61839,0.62445,0.27538,0.27813,0.28089,0.28364,0.12864,0.12993,0.13121,0.1325,0.061,0.06161,0.06222,0.06283,0.03212,0.03244,0.03276,0.03308,0.01865,0.01884,0.01903,0.01921,0.01217,0.01229,0.01241,0.01253,0.00635,0.00641,0.00647,0.00654,0.00506,0.00511,0.00517,0.00522,0.00421,0.00425,0.00429,0.00433,0.00365,0.00369,0.00372,0.00376,0.00349,0.00352,0.00356,0.00359,0.00345,0.00331
-0.696,0.57468,0.58043,0.58617,0.59192,0.25954,0.26214,0.26473,0.26733,0.12062,0.12183,0.12303,0.12424,0.0569,0.05747,0.05804,0.05861,0.0301,0.0304,0.0307,0.031,0.01733,0.0175,0.01767,0.01785,0.01132,0.01143,0.01155,0.01166,0.00579,0.00585,0.00591,0.00596,0.00467,0.00472,0.00476,0.00481,0.00387,0.00391,0.00395,0.00399,0.0034,0.00344,0.00347,0.0035,0.00321,0.00324,0.00327,0.0033,0.00317,0.00308
-0.694,0.5431,0.54853,0.55396,0.55939,0.2437,0.24614,0.24857,0.25101,0.1126,0.11373,0.11485,0.11598,0.05281,0.05334,0.05387,0.05439,0.02807,0.02835,0.02864,0.02892,0.01622,0.01638,0.01655,0.01671,0.01047,0.01058,0.01068,0.01079,0.00541,0.00546,0.00552,0.00557,0.00435,0.00439,0.00443,0.00448,0.0036,0.00364,0.00367,0.00371,0.00315,0.00319,0.00322,0.00325,0.00298,0.00301,0.00304,0.00307,0.00295,0.00284
-0.692,0.5178,0.52298,0.52816,0.53333,0.23138,0.23369,0.23601,0.23832,0.10651,0.10758,0.10864,0.10971,0.04978,0.05028,0.05078,0.05127,0.02605,0.02631,0.02657,0.02683,0.01511,0.01527,0.01542,0.01557,0.00962,0.00972,0.00982,0.00991,0.00503,0.00508,0.00513,0.00518,0.00402,0.00407,0.00411,0.00415,0.00333,0.00336,0.0034,0.00343,0.00291,0.00294,0.00296,0.00299,0.00275,0.00278,0.00281,0.00284,0.00273,0.00261
-0.69,0.4925,0.49742,0.50235,0.50727,0.21906,0.22125,0.22344,0.22563,0.10042,0.10143,0.10243,0.10344,0.04675,0.04722,0.04768,0.04815,0.02403,0.02427,0.02451,0.02475,0.01401,0.01415,0.01429,0.01443,0.0089,0.00899,0.00908,0.00917,0.00464,0.00469,0.00474,0.00478,0.0037,0.00374,0.00378,0.00381,0.00306,0.00309,0.00312,0.00315,0.00266,0.00268,0.00271,0.00274,0.00253,0.00255,0.00258,0.0026,0.0025,0.00238
-0.688,0.4672,0.47187,0.47654,0.48122,0.20674,0.20881,0.21087,0.21294,0.09434,0.09528,0.09622,0.09717,0.04372,0.04416,0.04459,0.04503,0.02257,0.0228,0.02302,0.02325,0.0129,0.01303,0.01316,0.01329,0.00831,0.0084,0.00848,0.00856,0.00426,0.0043,0.00435,0.00439,0.00338,0.00341,0.00345,0.00348,0.00279,0.00281,0.00284,0.00287,0.00241,0.00243,0.00246,0.00248,0.0023,0.00233,0.00235,0.00237,0.00228,0.00218
-0.686,0.4419,0.44632,0.45074,0.45516,0.19442,0.19636,0.19831,0.20025,0.08825,0.08913,0.09001,0.0909,0.04069,0.0411,0.0415,0.04191,0.02111,0.02132,0.02153,0.02174,0.01196,0.01208,0.0122,0.01232,0.00772,0.0078,0.00787,0.00795,0.00388,0.00392,0.00396,0.004,0.00311,0.00314,0.00317,0.0032,0.00256,0.00258,0.00261,0.00264,0.00224,0.00227,0.00229,0.00231,0.00211,0.00214,0.00216,0.00218,0.00209,0.00203
-0.684,0.4166,0.42077,0.42493,0.4291,0.1821,0.18392,0.18574,0.18756,0.08216,0.08298,0.0838,0.08462,0.03766,0.03804,0.03841,0.03879,0.01965,0.01985,0.02004,0.02024,0.01118,0.01129,0.0114,0.01151,0.00713,0.0072,0.00727,0.00734,0.00362,0.00365,0.00369,0.00373,0.00289,0.00292,0.00295,0.00298,0.00238,0.0024,0.00242,0.00245,0.00208,0.0021,0.00212,0.00214,0.00196,0.00198,0.002,0.00202,0.00194,0.00187
-0.682,0.39654,0.40051,0.40447,0.40844,0.1726,0.17433,0.17605,0.17778,0.07759,0.07837,0.07915,0.07992,0.03544,0.0358,0.03615,0.03651,0.01819,0.01837,0.01855,0.01874,0.01039,0.0105,0.0106,0.01071,0.00654,0.0066,0.00667,0.00673,0.00336,0.00339,0.00342,0.00346,0.00267,0.0027,0.00272,0.00275,0.00219,0.00222,0.00224,0.00226,0.00191,0.00193,0.00195,0.00197,0.00181,0.00183,0.00185,0.00186,0.00179,0.00171
-0.68,0.37648,0.38024,0.38401,0.38777,0.1631,0.16473,0.16636,0.16799,0.07303,0.07376,0.07449,0.07522,0.03322,0.03356,0.03389,0.03422,0.01673,0.0169,0.01706,0.01723,0.00961,0.00971,0.00981,0.0099,0.00603,0.00609,0.00615,0.00622,0.00309,0.00312,0.00316,0.00319,0.00245,0.00247,0.0025,0.00252,0.00201,0.00203,0.00205,0.00207,0.00175,0.00176,0.00178,0.0018,0.00166,0.00167,0.00169,0.00171,0.00164,0.00156
-0.678,0.35642,0.35998,0.36355,0.36711,0.1536,0.15514,0.15667,0.15821,0.06846,0.06915,0.06983,0.07052,0.03101,0.03132,0.03163,0.03194,0.01569,0.01585,0.016,0.01616,0.00883,0.00892,0.00901,0.0091,0.00562,0.00568,0.00573,0.00579,0.00283,0.00286,0.00289,0.00292,0.00223,0.00225,0.00227,0.0023,0.00183,0.00185,0.00187,0.00189,0.00158,0.0016,0.00161,0.00163,0.00151,0.00152,0.00154,0.00155,0.00149,0.00143
-0.676,0.33636,0.33972,0.34309,0.34645,0.1441,0.14554,0.14698,0.14842,0.0639,0.06453,0.06517,0.06581,0.02879,0.02908,0.02936,0.02965,0.01465,0.0148,0.01494,0.01509,0.00817,0.00825,0.00833,0.00841,0.00521,0.00526,0.00531,0.00537,0.00257,0.0026,0.00262,0.00265,0.00205,0.00207,0.00209,0.00211,0.00168,0.0017,0.00171,0.00173,0.00147,0.00148,0.0015,0.00151,0.00138,0.00139,0.00141,0.00142,0.00137,0.00132
-0.674,0.3163,0.31946,0.32263,0.32579,0.1346,0.13595,0.13729,0.13864,0.05933,0.05992,0.06052,0.06111,0.02657,0.02684,0.0271,0.02737,0.01361,0.01375,0.01388,0.01402,0.00762,0.00769,0.00777,0.00785,0.0048,0.00485,0.00489,0.00494,0.00239,0.00242,0.00244,0.00246,0.0019,0.00192,0.00194,0.00195,0.00156,0.00157,0.00159,0.0016,0.00136,0.00137,0.00138,0.0014,0.00128,0.00129,0.0013,0.00132,0.00126,0.00122
-0.672,0.3006,0.30361,0.30661,0.30962,0.12739,0.12866,0.12994,0.13121,0.05594,0.0565,0.05706,0.05762,0.02497,0.02522,0.02547,0.02571,0.01257,0.0127,0.01282,0.01295,0.00707,0.00714,0.00721,0.00728,0.00439,0.00443,0.00447,0.00452,0.00221,0.00224,0.00226,0.00228,0.00175,0.00177,0.00178,0.0018,0.00143,0.00145,0.00146,0.00148,0.00124,0.00126,0.00127,0.00128,0.00118,0.00119,0.0012,0.00121,0.00116,0.00111
-0.67,0.2849,0.28775,0.2906,0.29345,0.12018,0.12138,0.12258,0.12379,0.05255,0.05308,0.05361,0.05413,0.02336,0.0236,0.02383,0.02406,0.01153,0.01165,0.01176,0.01188,0.00652,0.00659,0.00665,0.00672,0.00404,0.00408,0.00412,0.00416,0.00204,0.00206,0.00208,0.0021,0.0016,0.00162,0.00163,0.00165,0.00131,0.00133,0.00134,0.00135,0.00113,0.00114,0.00115,0.00117,0.00107,0.00108,0.0011,0.00111,0.00106,0.00101
-0.668,0.2692,0.27189,0.27458,0.27728,0.11297,0.1141,0.11523,0.11636,0.04917,0.04966,0.05015,0.05064,0.02176,0.02198,0.02219,0.02241,0.0108,0.0109,0.01101,0.01112,0.00597,0.00603,0.00609,0.00615,0.00376,0.00379,0.00383,0.00387,0.00186,0.00188,0.0019,0.00191,0.00145,0.00147,0.00148,0.0015,0.00119,0.0012,0.00121,0.00123,0.00102,0.00103,0.00104,0.00105,9.72E-04,9.82E-04,9.91E-04,0.001,9.62E-04,9.20E-04
-0.666,0.2535,0.25603,0.25857,0.2611,0.10576,0.10682,0.10788,0.10893,0.04578,0.04624,0.04669,0.04715,0.02015,0.02036,0.02056,0.02076,0.01006,0.01016,0.01026,0.01036,0.00551,0.00557,0.00562,0.00568,0.00347,0.00351,0.00354,0.00358,0.00168,0.0017,0.00171,0.00173,0.00133,0.00134,0.00136,0.00137,0.00109,0.0011,0.00111,0.00112,9.46E-04,9.56E-04,9.65E-04,9.75E-04,8.88E-04,8.97E-04,9.05E-04,9.14E-04,8.79E-04,8.51E-04
-0.664,0.2378,0.24018,0.24256,0.24493,0.09855,0.09954,0.10052,0.10151,0.04239,0.04281,0.04324,0.04366,0.01855,0.01874,0.01892,0.01911,0.00933,0.00942,0.00951,0.00961,0.00513,0.00518,0.00524,0.00529,0.00319,0.00322,0.00326,0.00329,0.00156,0.00158,0.00159,0.00161,0.00123,0.00125,0.00126,0.00127,0.00101,0.00102,0.00103,0.00104,8.73E-04,8.82E-04,8.90E-04,8.99E-04,8.21E-04,8.29E-04,8.38E-04,8.46E-04,8.13E-04,7.82E-04
-0.662,0.22562,0.22788,0.23013,0.23239,0.09312,0.09405,0.09498,0.09591,0.03991,0.04031,0.04071,0.04111,0.0174,0.01758,0.01775,0.01792,0.00859,0.00868,0.00877,0.00885,0.00475,0.0048,0.00485,0.0049,0.00291,0.00294,0.00297,0.003,0.00144,0.00146,0.00147,0.00149,0.00113,0.00115,0.00116,0.00117,9.27E-04,9.36E-04,9.45E-04,9.54E-04,7.99E-04,8.07E-04,8.15E-04,8.23E-04,7.55E-04,7.62E-04,7.70E-04,7.77E-04,7.47E-04,7.13E-04
-0.66,0.21344,0.21557,0.21771,0.21984,0.08769,0.08856,0.08944,0.09032,0.03743,0.0378,0.03817,0.03855,0.01625,0.01642,0.01658,0.01674,0.00786,0.00794,0.00802,0.0081,0.00438,0.00442,0.00446,0.00451,0.00267,0.0027,0.00273,0.00276,0.00133,0.00134,0.00135,0.00137,0.00104,0.00105,0.00106,0.00107,8.45E-04,8.54E-04,8.62E-04,8.70E-04,7.26E-04,7.33E-04,7.40E-04,7.47E-04,6.88E-04,6.95E-04,7.02E-04,7.09E-04,6.81E-04,6.44E-04
-0.658,0.20126,0.20327,0.20529,0.2073,0.08225,0.08308,0.0839,0.08472,0.03494,0.03529,0.03564,0.03599,0.01511,0.01526,0.01541,0.01556,0.00735,0.00742,0.00749,0.00757,0.004,0.00404,0.00408,0.00412,0.00248,0.00251,0.00253,0.00256,0.00121,0.00122,0.00123,0.00124,9.39E-04,9.48E-04,9.58E-04,9.67E-04,7.64E-04,7.71E-04,7.79E-04,7.87E-04,6.52E-04,6.59E-04,6.65E-04,6.72E-04,6.21E-04,6.28E-04,6.34E-04,6.40E-04,6.15E-04,5.88E-04
-0.656,0.18908,0.19097,0.19286,0.19475,0.07682,0.07759,0.07836,0.07913,0.03246,0.03279,0.03311,0.03344,0.01396,0.0141,0.01424,0.01438,0.00684,0.0069,0.00697,0.00704,0.00368,0.00372,0.00375,0.00379,0.00229,0.00232,0.00234,0.00236,0.00109,0.0011,0.00111,0.00112,8.58E-04,8.66E-04,8.75E-04,8.83E-04,6.97E-04,7.04E-04,7.11E-04,7.17E-04,6.04E-04,6.10E-04,6.16E-04,6.22E-04,5.66E-04,5.72E-04,5.78E-04,5.83E-04,5.61E-04,5.43E-04
-0.654,0.1769,0.17867,0.18044,0.18221,0.07139,0.0721,0.07282,0.07353,0.02998,0.03028,0.03058,0.03088,0.01281,0.01294,0.01307,0.01319,0.00632,0.00639,0.00645,0.00651,0.00342,0.00346,0.00349,0.00353,0.0021,0.00213,0.00215,0.00217,0.00101,0.00102,0.00103,0.00104,7.93E-04,8.01E-04,8.09E-04,8.17E-04,6.44E-04,6.50E-04,6.57E-04,6.63E-04,5.56E-04,5.62E-04,5.68E-04,5.73E-04,5.23E-04,5.28E-04,5.33E-04,5.39E-04,5.18E-04,4.98E-04
-0.652,0.16758,0.16926,0.17093,0.17261,0.06735,0.06802,0.06869,0.06937,0.02818,0.02846,0.02874,0.02903,0.012,0.01212,0.01224,0.01236,0.00581,0.00587,0.00593,0.00599,0.00316,0.0032,0.00323,0.00326,0.00191,0.00193,0.00195,0.00197,9.33E-04,9.43E-04,9.52E-04,9.61E-04,7.29E-04,7.36E-04,7.43E-04,7.50E-04,5.91E-04,5.97E-04,6.03E-04,6.09E-04,5.09E-04,5.14E-04,5.19E-04,5.24E-04,4.80E-04,4.84E-04,4.89E-04,4.94E-04,4.75E-04,4.53E-04
-0.65,0.15826,0.15984,0.16143,0.16301,0.06331,0.06394,0.06457,0.06521,0.02638,0.02664,0.02691,0.02717,0.01119,0.0113,0.01141,0.01153,0.0053,0.00535,0.00541,0.00546,0.00291,0.00294,0.00297,0.00299,0.00176,0.00177,0.00179,0.00181,8.55E-04,8.63E-04,8.72E-04,8.80E-04,6.64E-04,6.71E-04,6.77E-04,6.84E-04,5.38E-04,5.44E-04,5.49E-04,5.54E-04,4.61E-04,4.65E-04,4.70E-04,4.75E-04,4.36E-04,4.40E-04,4.45E-04,4.49E-04,4.32E-04,4.08E-04
-0.648,0.14894,0.15043,0.15192,0.15341,0.05926,0.05986,0.06045,0.06104,0.02458,0.02483,0.02507,0.02532,0.01038,0.01048,0.01059,0.01069,0.00495,0.005,0.00505,0.0051,0.00265,0.00268,0.0027,0.00273,0.00163,0.00164,0.00166,0.00168,7.76E-04,7.84E-04,7.92E-04,8.00E-04,5.99E-04,6.05E-04,6.11E-04,6.17E-04,4.85E-04,4.90E-04,4.95E-04,5.00E-04,4.13E-04,4.17E-04,4.21E-04,4.25E-04,3.93E-04,3.97E-04,4.01E-04,4.04E-04,3.89E-04,3.71E-04
-0.646,0.13962,0.14102,0.14241,0.14381,0.05522,0.05577,0.05633,0.05688,0.02278,0.02301,0.02324,0.02346,0.00957,0.00967,0.00976,0.00986,0.0046,0.00464,0.00469,0.00473,0.00243,0.00246,0.00248,0.00251,0.0015,0.00151,0.00153,0.00154,6.98E-04,7.05E-04,7.12E-04,7.19E-04,5.46E-04,5.52E-04,5.57E-04,5.62E-04,4.42E-04,4.46E-04,4.51E-04,4.55E-04,3.82E-04,3.86E-04,3.90E-04,3.93E-04,3.57E-04,3.61E-04,3.64E-04,3.68E-04,3.54E-04,3.42E-04
-0.644,0.1303,0.1316,0.13291,0.13421,0.05118,0.05169,0.0522,0.05272,0.02098,0.02119,0.0214,0.02161,0.00876,0.00885,0.00894,0.00902,0.00424,0.00429,0.00433,0.00437,0.00226,0.00228,0.0023,0.00233,0.00137,0.00139,0.0014,0.00141,6.47E-04,6.53E-04,6.60E-04,6.66E-04,5.04E-04,5.09E-04,5.14E-04,5.19E-04,4.08E-04,4.12E-04,4.16E-04,4.20E-04,3.51E-04,3.55E-04,3.58E-04,3.62E-04,3.29E-04,3.33E-04,3.36E-04,3.39E-04,3.26E-04,3.13E-04
-0.642,0.12324,0.12447,0.1257,0.12694,0.04821,0.04869,0.04917,0.04965,0.01969,0.01988,0.02008,0.02028,0.00819,0.00827,0.00836,0.00844,0.00389,0.00393,0.00397,0.00401,0.00208,0.00211,0.00213,0.00215,0.00124,0.00126,0.00127,0.00128,5.96E-04,6.02E-04,6.08E-04,6.13E-04,4.63E-04,4.67E-04,4.72E-04,4.76E-04,3.74E-04,3.77E-04,3.81E-04,3.85E-04,3.20E-04,3.23E-04,3.26E-04,3.30E-04,3.02E-04,3.05E-04,3.08E-04,3.11E-04,2.98E-04,2.84E-04
-0.64,0.11618,0.11734,0.1185,0.11966,0.04523,0.04568,0.04614,0.04659,0.0184,0.01858,0.01876,0.01895,0.00762,0.0077,0.00778,0.00785,0.00354,0.00358,0.00361,0.00365,0.00191,0.00193,0.00195,0.00197,0.00114,0.00115,0.00116,0.00117,5.44E-04,5.50E-04,5.55E-04,5.61E-04,4.21E-04,4.25E-04,4.29E-04,4.33E-04,3.39E-04,3.43E-04,3.46E-04,3.49E-04,2.89E-04,2.92E-04,2.95E-04,2.98E-04,2.74E-04,2.76E-04,2.79E-04,2.82E-04,2.71E-04,2.55E-04
-0.638,0.10911,0.11021,0.1113,0.11239,0.04226,0.04268,0.0431,0.04353,0.0171,0.01728,0.01745,0.01762,0.00706,0.00713,0.0072,0.00727,0.0033,0.00333,0.00336,0.0034,0.00174,0.00175,0.00177,0.00179,0.00105,0.00106,0.00107,0.00109,4.93E-04,4.98E-04,5.03E-04,5.08E-04,3.79E-04,3.83E-04,3.86E-04,3.90E-04,3.05E-04,3.08E-04,3.11E-04,3.14E-04,2.58E-04,2.61E-04,2.63E-04,2.66E-04,2.46E-04,2.48E-04,2.51E-04,2.53E-04,2.43E-04,2.32E-04
-0.636,0.10205,0.10307,0.10409,0.10511,0.03928,0.03968,0.04007,0.04046,0.01581,0.01597,0.01613,0.01629,0.00649,0.00655,0.00662,0.00668,0.00306,0.00309,0.00312,0.00315,0.00159,0.00161,0.00162,0.00164,9.69E-04,9.79E-04,9.88E-04,9.98E-04,4.42E-04,4.46E-04,4.51E-04,4.55E-04,3.45E-04,3.48E-04,3.51E-04,3.55E-04,2.77E-04,2.80E-04,2.83E-04,2.85E-04,2.38E-04,2.41E-04,2.43E-04,2.46E-04,2.23E-04,2.25E-04,2.28E-04,2.30E-04,2.21E-04,2.13E-04
-0.634,0.09499,0.09594,0.09689,0.09784,0.03631,0.03667,0.03704,0.0374,0.01452,0.01467,0.01481,0.01496,0.00592,0.00598,0.00604,0.0061,0.00281,0.00284,0.00287,0.0029,0.00148,0.00149,0.00151,0.00152,8.85E-04,8.93E-04,9.02E-04,9.11E-04,4.09E-04,4.13E-04,4.17E-04,4.21E-04,3.18E-04,3.21E-04,3.24E-04,3.27E-04,2.55E-04,2.58E-04,2.60E-04,2.63E-04,2.19E-04,2.21E-04,2.23E-04,2.25E-04,2.05E-04,2.07E-04,2.09E-04,2.11E-04,2.03E-04,1.95E-04
-0.632,0.0897,0.0906,0.09149,0.09239,0.03415,0.03449,0.03483,0.03517,0.01361,0.01374,0.01388,0.01401,0.00553,0.00558,0.00564,0.00569,0.00257,0.0026,0.00262,0.00265,0.00136,0.00137,0.00139,0.0014,8.00E-04,8.08E-04,8.16E-04,8.24E-04,3.76E-04,3.80E-04,3.84E-04,3.87E-04,2.91E-04,2.93E-04,2.96E-04,2.99E-04,2.34E-04,2.36E-04,2.38E-04,2.41E-04,1.99E-04,2.01E-04,2.03E-04,2.05E-04,1.88E-04,1.89E-04,1.91E-04,1.93E-04,1.86E-04,1.77E-04
-0.63,0.08441,0.08525,0.0861,0.08694,0.03199,0.03231,0.03263,0.03295,0.01269,0.01282,0.01295,0.01307,0.00514,0.00519,0.00524,0.00529,0.00233,0.00235,0.00238,0.0024,0.00124,0.00126,0.00127,0.00128,7.30E-04,7.38E-04,7.45E-04,7.52E-04,3.43E-04,3.46E-04,3.50E-04,3.53E-04,2.64E-04,2.66E-04,2.69E-04,2.71E-04,2.12E-04,2.14E-04,2.16E-04,2.18E-04,1.80E-04,1.81E-04,1.83E-04,1.85E-04,1.70E-04,1.71E-04,1.73E-04,1.75E-04,1.68E-04,1.58E-04
-0.628,0.07912,0.07991,0.0807,0.08149,0.02982,0.03012,0.03042,0.03072,0.01178,0.0119,0.01201,0.01213,0.00474,0.00479,0.00484,0.00489,0.00217,0.00219,0.00221,0.00223,0.00113,0.00114,0.00115,0.00116,6.75E-04,6.82E-04,6.89E-04,6.95E-04,3.10E-04,3.13E-04,3.16E-04,3.19E-04,2.37E-04,2.39E-04,2.41E-04,2.44E-04,1.90E-04,1.92E-04,1.94E-04,1.96E-04,1.60E-04,1.62E-04,1.63E-04,1.65E-04,1.52E-04,1.53E-04,1.55E-04,1.56E-04,1.50E-04,1.43E-04
-0.626,0.07383,0.07457,0.07531,0.07604,0.02766,0.02794,0.02822,0.02849,0.01086,0.01097,0.01108,0.01119,0.00435,0.0044,0.00444,0.00448,0.00201,0.00203,0.00205,0.00207,0.00103,0.00104,0.00105,0.00106,6.20E-04,6.26E-04,6.32E-04,6.39E-04,2.77E-04,2.80E-04,2.83E-04,2.85E-04,2.15E-04,2.17E-04,2.19E-04,2.21E-04,1.72E-04,1.74E-04,1.76E-04,1.77E-04,1.48E-04,1.49E-04,1.51E-04,1.52E-04,1.37E-04,1.39E-04,1.40E-04,1.42E-04,1.36E-04,1.32E-04
-0.624,0.06854,0.06923,0.06991,0.0706,0.0255,0.02575,0.02601,0.02626,0.00995,0.01005,0.01015,0.01025,0.00396,0.004,0.00404,0.00408,0.00184,0.00186,0.00188,0.0019,9.55E-04,9.64E-04,9.74E-04,9.83E-04,5.65E-04,5.70E-04,5.76E-04,5.82E-04,2.56E-04,2.59E-04,2.61E-04,2.64E-04,1.98E-04,1.99E-04,2.01E-04,2.03E-04,1.58E-04,1.60E-04,1.61E-04,1.63E-04,1.35E-04,1.37E-04,1.38E-04,1.39E-04,1.26E-04,1.28E-04,1.29E-04,1.30E-04,1.25E-04,1.20E-04
-0.622,0.06462,0.06527,0.06591,0.06656,0.02394,0.02418,0.02442,0.02466,0.00931,0.0094,0.00949,0.00959,0.00369,0.00373,0.00377,0.0038,0.00168,0.0017,0.00172,0.00173,8.78E-04,8.86E-04,8.95E-04,9.04E-04,5.10E-04,5.15E-04,5.20E-04,5.25E-04,2.35E-04,2.37E-04,2.40E-04,2.42E-04,1.81E-04,1.82E-04,1.84E-04,1.86E-04,1.45E-04,1.46E-04,1.47E-04,1.49E-04,1.23E-04,1.24E-04,1.25E-04,1.27E-04,1.15E-04,1.16E-04,1.18E-04,1.19E-04,1.14E-04,1.08E-04
-0.62,0.0607,0.06131,0.06191,0.06252,0.02239,0.02261,0.02284,0.02306,0.00867,0.00875,0.00884,0.00893,0.00342,0.00346,0.00349,0.00353,0.00152,0.00154,0.00155,0.00157,8.01E-04,8.09E-04,8.17E-04,8.25E-04,4.64E-04,4.69E-04,4.73E-04,4.78E-04,2.14E-04,2.16E-04,2.18E-04,2.20E-04,1.64E-04,1.65E-04,1.67E-04,1.68E-04,1.31E-04,1.32E-04,1.33E-04,1.35E-04,1.10E-04,1.12E-04,1.13E-04,1.14E-04,1.04E-04,1.05E-04,1.06E-04,1.07E-04,1.03E-04,9.69E-05
-0.618,0.05678,0.05735,0.05792,0.05848,0.02083,0.02104,0.02125,0.02146,0.00802,0.0081,0.00818,0.00826,0.00316,0.00319,0.00322,0.00325,0.00141,0.00143,0.00144,0.00146,7.24E-04,7.31E-04,7.38E-04,7.45E-04,4.28E-04,4.33E-04,4.37E-04,4.41E-04,1.93E-04,1.95E-04,1.97E-04,1.99E-04,1.47E-04,1.48E-04,1.49E-04,1.51E-04,1.17E-04,1.18E-04,1.19E-04,1.20E-04,9.81E-05,9.91E-05,1.00E-04,1.01E-04,9.31E-05,9.41E-05,9.50E-05,9.59E-05,9.22E-05,8.75E-05
-0.616,0.05286,0.05339,0.05392,0.05445,0.01928,0.01947,0.01966,0.01985,0.00738,0.00746,0.00753,0.0076,0.00289,0.00292,0.00295,0.00297,0.00131,0.00132,0.00133,0.00135,6.60E-04,6.66E-04,6.73E-04,6.80E-04,3.93E-04,3.96E-04,4.00E-04,4.04E-04,1.72E-04,1.74E-04,1.75E-04,1.77E-04,1.33E-04,1.34E-04,1.35E-04,1.37E-04,1.06E-04,1.07E-04,1.08E-04,1.09E-04,9.04E-05,9.13E-05,9.22E-05,9.31E-05,8.41E-05,8.50E-05,8.58E-05,8.67E-05,8.33E-05,8.03E-05
-0.614,0.04894,0.04943,0.04992,0.05041,0.01772,0.0179,0.01807,0.01825,0.00674,0.00681,0.00687,0.00694,0.00262,0.00265,0.00267,0.0027,0.0012,0.00121,0.00122,0.00123,6.10E-04,6.16E-04,6.22E-04,6.28E-04,3.57E-04,3.60E-04,3.64E-04,3.67E-04,1.59E-04,1.60E-04,1.62E-04,1.64E-04,1.22E-04,1.23E-04,1.24E-04,1.26E-04,9.70E-05,9.80E-05,9.90E-05,1.00E-04,8.27E-05,8.35E-05,8.43E-05,8.51E-05,7.72E-05,7.80E-05,7.88E-05,7.95E-05,7.64E-05,7.32E-05
-0.612,0.04607,0.04653,0.04699,0.04745,0.01661,0.01678,0.01694,0.01711,0.0063,0.00636,0.00642,0.00648,0.00244,0.00246,0.00249,0.00251,0.00109,0.0011,0.00111,0.00112,5.60E-04,5.65E-04,5.71E-04,5.76E-04,3.21E-04,3.24E-04,3.27E-04,3.31E-04,1.46E-04,1.47E-04,1.49E-04,1.50E-04,1.11E-04,1.12E-04,1.13E-04,1.14E-04,8.84E-05,8.93E-05,9.02E-05,9.11E-05,7.49E-05,7.57E-05,7.64E-05,7.72E-05,7.03E-05,7.10E-05,7.17E-05,7.24E-05,6.96E-05,6.60E-05
-0.61,0.0432,0.04363,0.04406,0.0445,0.0155,0.01566,0.01581,0.01597,0.00585,0.00591,0.00597,0.00603,0.00226,0.00228,0.00231,0.00233,9.85E-04,9.95E-04,0.001,0.00101,5.09E-04,5.14E-04,5.19E-04,5.25E-04,2.92E-04,2.94E-04,2.97E-04,3.00E-04,1.32E-04,1.34E-04,1.35E-04,1.36E-04,1.00E-04,1.01E-04,1.02E-04,1.03E-04,7.98E-05,8.06E-05,8.14E-05,8.22E-05,6.72E-05,6.79E-05,6.86E-05,6.92E-05,6.34E-05,6.40E-05,6.46E-05,6.53E-05,6.27E-05,5.88E-05
-0.608,0.04033,0.04073,0.04114,0.04154,0.0144,0.01454,0.01468,0.01483,0.00541,0.00546,0.00552,0.00557,0.00208,0.0021,0.00212,0.00214,9.14E-04,9.23E-04,9.32E-04,9.41E-04,4.59E-04,4.64E-04,4.68E-04,4.73E-04,2.69E-04,2.71E-04,2.74E-04,2.77E-04,1.19E-04,1.20E-04,1.22E-04,1.23E-04,8.96E-05,9.05E-05,9.14E-05,9.23E-05,7.11E-05,7.18E-05,7.25E-05,7.33E-05,5.95E-05,6.01E-05,6.07E-05,6.13E-05,5.65E-05,5.70E-05,5.76E-05,5.82E-05,5.59E-05,5.30E-05
-0.606,0.03746,0.03783,0.03821,0.03858,0.01329,0.01342,0.01355,0.01369,0.00496,0.00501,0.00506,0.00511,0.0019,0.00192,0.00194,0.00196,8.43E-04,8.51E-04,8.59E-04,8.68E-04,4.18E-04,4.22E-04,4.26E-04,4.30E-04,2.46E-04,2.48E-04,2.50E-04,2.53E-04,1.06E-04,1.07E-04,1.08E-04,1.09E-04,8.09E-05,8.17E-05,8.25E-05,8.33E-05,6.41E-05,6.48E-05,6.54E-05,6.61E-05,5.47E-05,5.53E-05,5.58E-05,5.64E-05,5.09E-05,5.14E-05,5.19E-05,5.24E-05,5.04E-05,4.85E-05
-0.604,0.03459,0.03494,0.03528,0.03563,0.01218,0.0123,0.01242,0.01255,0.00452,0.00457,0.00461,0.00466,0.00172,0.00174,0.00175,0.00177,7.71E-04,7.79E-04,7.87E-04,7.95E-04,3.85E-04,3.89E-04,3.93E-04,3.97E-04,2.23E-04,2.25E-04,2.27E-04,2.29E-04,9.76E-05,9.86E-05,9.96E-05,1.01E-04,7.42E-05,7.50E-05,7.57E-05,7.64E-05,5.88E-05,5.94E-05,6.00E-05,6.06E-05,5.00E-05,5.05E-05,5.10E-05,5.15E-05,4.66E-05,4.71E-05,4.75E-05,4.80E-05,4.61E-05,4.41E-05
-0.602,0.03251,0.03284,0.03316,0.03349,0.0114,0.01152,0.01163,0.01174,0.00422,0.00426,0.0043,0.00434,0.0016,0.00161,0.00163,0.00165,7.00E-04,7.07E-04,7.14E-04,7.21E-04,3.53E-04,3.57E-04,3.60E-04,3.64E-04,2.00E-04,2.01E-04,2.03E-04,2.05E-04,8.92E-05,9.01E-05,9.10E-05,9.19E-05,6.76E-05,6.82E-05,6.89E-05,6.96E-05,5.35E-05,5.40E-05,5.46E-05,5.51E-05,4.52E-05,4.57E-05,4.61E-05,4.66E-05,4.24E-05,4.28E-05,4.32E-05,4.36E-05,4.19E-05,3.97E-05
-0.6,0.03043,0.03073,0.03104,0.03134,0.01062,0.01073,0.01084,0.01094,0.00391,0.00395,0.00399,0.00403,0.00148,0.00149,0.00151,0.00152,6.29E-04,6.35E-04,6.42E-04,6.48E-04,3.21E-04,3.24E-04,3.27E-04,3.30E-04,1.81E-04,1.83E-04,1.84E-04,1.86E-04,8.09E-05,8.17E-05,8.25E-05,8.33E-05,6.09E-05,6.15E-05,6.21E-05,6.27E-05,4.82E-05,4.87E-05,4.91E-05,4.96E-05,4.05E-05,4.09E-05,4.13E-05,4.17E-05,3.81E-05,3.85E-05,3.89E-05,3.92E-05,3.77E-05,3.52E-05
-0.598,0.02835,0.02863,0.02892,0.0292,0.00985,0.00994,0.01004,0.01014,0.00361,0.00364,0.00368,0.00372,0.00135,0.00137,0.00138,0.00139,5.83E-04,5.89E-04,5.94E-04,6.00E-04,2.88E-04,2.91E-04,2.94E-04,2.97E-04,1.66E-04,1.68E-04,1.70E-04,1.71E-04,7.25E-05,7.32E-05,7.39E-05,7.47E-05,5.42E-05,5.48E-05,5.53E-05,5.59E-05,4.29E-05,4.33E-05,4.37E-05,4.41E-05,3.57E-05,3.61E-05,3.64E-05,3.68E-05,3.38E-05,3.42E-05,3.45E-05,3.48E-05,3.35E-05,3.17E-05
-0.596,0.02627,0.02653,0.0268,0.02706,0.00907,0.00916,0.00925,0.00934,0.0033,0.00334,0.00337,0.0034,0.00123,0.00124,0.00126,0.00127,5.37E-04,5.42E-04,5.47E-04,5.53E-04,2.62E-04,2.64E-04,2.67E-04,2.70E-04,1.52E-04,1.54E-04,1.55E-04,1.57E-04,6.41E-05,6.47E-05,6.54E-05,6.60E-05,4.89E-05,4.93E-05,4.98E-05,5.03E-05,3.86E-05,3.90E-05,3.93E-05,3.97E-05,3.28E-05,3.31E-05,3.35E-05,3.38E-05,3.04E-05,3.07E-05,3.10E-05,3.13E-05,3.01E-05,2.90E-05
-0.594,0.02419,0.02443,0.02467,0.02492,0.00829,0.00837,0.00846,0.00854,0.003,0.00303,0.00306,0.00309,0.00111,0.00112,0.00113,0.00114,4.90E-04,4.95E-04,5.00E-04,5.05E-04,2.41E-04,2.44E-04,2.46E-04,2.48E-04,1.38E-04,1.39E-04,1.40E-04,1.42E-04,5.90E-05,5.96E-05,6.02E-05,6.07E-05,4.48E-05,4.52E-05,4.56E-05,4.61E-05,3.53E-05,3.57E-05,3.60E-05,3.64E-05,2.99E-05,3.02E-05,3.05E-05,3.08E-05,2.78E-05,2.81E-05,2.84E-05,2.87E-05,2.76E-05,2.63E-05
-0.592,0.0227,0.02293,0.02315,0.02338,0.00775,0.00783,0.0079,0.00798,0.00279,0.00282,0.00285,0.00288,0.00103,0.00104,0.00105,0.00106,4.44E-04,4.49E-04,4.53E-04,4.58E-04,2.21E-04,2.23E-04,2.25E-04,2.27E-04,1.23E-04,1.24E-04,1.26E-04,1.27E-04,5.39E-05,5.44E-05,5.49E-05,5.55E-05,4.07E-05,4.11E-05,4.15E-05,4.19E-05,3.21E-05,3.24E-05,3.27E-05,3.30E-05,2.70E-05,2.73E-05,2.75E-05,2.78E-05,2.53E-05,2.55E-05,2.58E-05,2.60E-05,2.50E-05,2.36E-05
-0.59,0.02121,0.02142,0.02163,0.02185,0.00721,0.00728,0.00735,0.00742,0.00259,0.00261,0.00264,0.00267,9.51E-04,9.60E-04,9.70E-04,9.79E-04,3.98E-04,4.02E-04,4.06E-04,4.10E-04,2.00E-04,2.02E-04,2.04E-04,2.06E-04,1.11E-04,1.13E-04,1.14E-04,1.15E-04,4.87E-05,4.92E-05,4.97E-05,5.02E-05,3.66E-05,3.69E-05,3.73E-05,3.76E-05,2.88E-05,2.91E-05,2.94E-05,2.97E-05,2.41E-05,2.43E-05,2.46E-05,2.48E-05,2.27E-05,2.29E-05,2.31E-05,2.34E-05,2.24E-05,2.09E-05
-0.588,0.01972,0.01992,0.02011,0.02031,0.00666,0.00673,0.0068,0.00686,0.00238,0.00241,0.00243,0.00245,8.71E-04,8.80E-04,8.89E-04,8.97E-04,3.68E-04,3.72E-04,3.76E-04,3.79E-04,1.79E-04,1.81E-04,1.83E-04,1.85E-04,1.02E-04,1.03E-04,1.04E-04,1.05E-04,4.36E-05,4.41E-05,4.45E-05,4.49E-05,3.25E-05,3.28E-05,3.31E-05,3.34E-05,2.55E-05,2.58E-05,2.60E-05,2.63E-05,2.12E-05,2.14E-05,2.16E-05,2.18E-05,2.01E-05,2.03E-05,2.05E-05,2.07E-05,1.99E-05,1.88E-05
-0.586,0.01823,0.01841,0.01859,0.01878,0.00612,0.00618,0.00624,0.00631,0.00218,0.0022,0.00222,0.00224,7.92E-04,8.00E-04,8.07E-04,8.15E-04,3.38E-04,3.42E-04,3.45E-04,3.49E-04,1.62E-04,1.64E-04,1.66E-04,1.67E-04,9.32E-05,9.41E-05,9.51E-05,9.60E-05,3.85E-05,3.89E-05,3.93E-05,3.97E-05,2.92E-05,2.95E-05,2.97E-05,3.00E-05,2.29E-05,2.31E-05,2.34E-05,2.36E-05,1.94E-05,1.96E-05,1.98E-05,2.00E-05,1.80E-05,1.82E-05,1.84E-05,1.86E-05,1.78E-05,1.72E-05
-0.584,0.01674,0.01691,0.01707,0.01724,0.00558,0.00564,0.00569,0.00575,0.00197,0.00199,0.00201,0.00203,7.12E-04,7.19E-04,7.26E-04,7.33E-04,3.09E-04,3.12E-04,3.15E-04,3.18E-04,1.49E-04,1.51E-04,1.52E-04,1.54E-04,8.41E-05,8.49E-05,8.58E-05,8.66E-05,3.54E-05,3.57E-05,3.61E-05,3.64E-05,2.67E-05,2.69E-05,2.72E-05,2.75E-05,2.10E-05,2.12E-05,2.14E-05,2.16E-05,1.77E-05,1.79E-05,1.80E-05,1.82E-05,1.65E-05,1.66E-05,1.68E-05,1.70E-05,1.63E-05,1.56E-05
-0.582,0.01569,0.01584,0.016,0.01616,0.00521,0.00526,0.00531,0.00536,0.00183,0.00185,0.00187,0.00189,6.60E-04,6.67E-04,6.73E-04,6.80E-04,2.79E-04,2.82E-04,2.84E-04,2.87E-04,1.36E-04,1.37E-04,1.39E-04,1.40E-04,7.50E-05,7.57E-05,7.65E-05,7.72E-05,3.23E-05,3.26E-05,3.29E-05,3.32E-05,2.42E-05,2.44E-05,2.47E-05,2.49E-05,1.90E-05,1.92E-05,1.94E-05,1.96E-05,1.59E-05,1.61E-05,1.62E-05,1.64E-05,1.49E-05,1.50E-05,1.52E-05,1.53E-05,1.48E-05,1.39E-05
-0.58,0.01463,0.01478,0.01492,0.01507,0.00484,0.00488,0.00493,0.00498,0.00169,0.00171,0.00173,0.00174,6.08E-04,6.14E-04,6.20E-04,6.26E-04,2.49E-04,2.51E-04,2.54E-04,2.56E-04,1.23E-04,1.24E-04,1.25E-04,1.26E-04,6.76E-05,6.83E-05,6.90E-05,6.96E-05,2.91E-05,2.94E-05,2.97E-05,3.00E-05,2.17E-05,2.19E-05,2.22E-05,2.24E-05,1.70E-05,1.72E-05,1.74E-05,1.76E-05,1.42E-05,1.43E-05,1.44E-05,1.46E-05,1.33E-05,1.35E-05,1.36E-05,1.37E-05,1.32E-05,1.23E-05
-0.578,0.01358,0.01371,0.01385,0.01399,0.00446,0.00451,0.00455,0.0046,0.00156,0.00157,0.00159,0.0016,5.56E-04,5.62E-04,5.67E-04,5.73E-04,2.30E-04,2.32E-04,2.35E-04,2.37E-04,1.10E-04,1.11E-04,1.12E-04,1.13E-04,6.20E-05,6.26E-05,6.32E-05,6.39E-05,2.60E-05,2.63E-05,2.65E-05,2.68E-05,1.92E-05,1.94E-05,1.96E-05,1.98E-05,1.51E-05,1.52E-05,1.54E-05,1.55E-05,1.24E-05,1.25E-05,1.26E-05,1.28E-05,1.18E-05,1.19E-05,1.20E-05,1.21E-05,1.17E-05,1.10E-05
-0.576,0.01252,0.01265,0.01277,0.0129,0.00409,0.00413,0.00417,0.00421,0.00142,0.00143,0.00145,0.00146,5.04E-04,5.09E-04,5.14E-04,5.19E-04,2.11E-04,2.13E-04,2.15E-04,2.17E-04,9.90E-05,1.00E-04,1.01E-04,1.02E-04,5.64E-05,5.70E-05,5.75E-05,5.81E-05,2.29E-05,2.31E-05,2.34E-05,2.36E-05,1.73E-05,1.74E-05,1.76E-05,1.78E-05,1.35E-05,1.36E-05,1.38E-05,1.39E-05,1.14E-05,1.15E-05,1.16E-05,1.17E-05,1.05E-05,1.06E-05,1.07E-05,1.09E-05,1.04E-05,1.00E-05
-0.574,0.01147,0.01158,0.0117,0.01181,0.00372,0.00376,0.00379,0.00383,0.00128,0.00129,0.00131,0.00132,4.52E-04,4.57E-04,4.61E-04,4.66E-04,1.92E-04,1.94E-04,1.96E-04,1.98E-04,9.09E-05,9.18E-05,9.28E-05,9.37E-05,5.08E-05,5.13E-05,5.18E-05,5.23E-05,2.10E-05,2.12E-05,2.14E-05,2.17E-05,1.58E-05,1.59E-05,1.61E-05,1.62E-05,1.23E-05,1.24E-05,1.26E-05,1.27E-05,1.03E-05,1.04E-05,1.05E-05,1.06E-05,9.61E-06,9.70E-06,9.80E-06,9.90E-06,9.51E-06,9.07E-06
-0.572,0.01073,0.01084,0.01094,0.01105,0.00347,0.0035,0.00354,0.00357,0.00119,0.0012,0.00121,0.00122,4.18E-04,4.22E-04,4.27E-04,4.31E-04,1.73E-04,1.75E-04,1.76E-04,1.78E-04,8.29E-05,8.37E-05,8.46E-05,8.54E-05,4.52E-05,4.57E-05,4.61E-05,4.66E-05,1.91E-05,1.93E-05,1.95E-05,1.97E-05,1.43E-05,1.44E-05,1.45E-05,1.47E-05,1.11E-05,1.13E-05,1.14E-05,1.15E-05,9.29E-06,9.38E-06,9.47E-06,9.56E-06,8.68E-06,8.77E-06,8.85E-06,8.94E-06,8.59E-06,8.10E-06
-0.57,0.00999,0.01009,0.01019,0.01029,0.00321,0.00324,0.00328,0.00331,0.0011,0.00111,0.00112,0.00113,3.84E-04,3.88E-04,3.92E-04,3.96E-04,1.54E-04,1.56E-04,1.57E-04,1.59E-04,7.49E-05,7.56E-05,7.64E-05,7.71E-05,4.07E-05,4.11E-05,4.15E-05,4.19E-05,1.73E-05,1.74E-05,1.76E-05,1.78E-05,1.28E-05,1.29E-05,1.30E-05,1.31E-05,9.96E-06,1.01E-05,1.02E-05,1.03E-05,8.25E-06,8.33E-06,8.41E-06,8.50E-06,7.75E-06,7.83E-06,7.91E-06,7.98E-06,7.67E-06,7.13E-06
-0.568,0.00925,0.00934,0.00943,0.00953,0.00296,0.00299,0.00302,0.00305,0.00101,0.00102,0.00103,0.00104,3.51E-04,3.54E-04,3.58E-04,3.61E-04,1.42E-04,1.43E-04,1.45E-04,1.46E-04,6.68E-05,6.75E-05,6.82E-05,6.88E-05,3.72E-05,3.76E-05,3.80E-05,3.84E-05,1.54E-05,1.55E-05,1.57E-05,1.58E-05,1.13E-05,1.14E-05,1.15E-05,1.16E-05,8.77E-06,8.86E-06,8.95E-06,9.04E-06,7.21E-06,7.28E-06,7.35E-06,7.43E-06,6.82E-06,6.89E-06,6.96E-06,7.03E-06,6.76E-06,6.36E-06
-0.566,0.00851,0.0086,0.00868,0.00877,0.0027,0.00273,0.00276,0.00279,9.14E-04,9.23E-04,9.32E-04,9.41E-04,3.17E-04,3.20E-04,3.23E-04,3.26E-04,1.30E-04,1.31E-04,1.33E-04,1.34E-04,6.03E-05,6.09E-05,6.15E-05,6.21E-05,3.38E-05,3.41E-05,3.45E-05,3.48E-05,1.35E-05,1.36E-05,1.38E-05,1.39E-05,1.01E-05,1.02E-05,1.03E-05,1.04E-05,7.83E-06,7.91E-06,7.99E-06,8.07E-06,6.60E-06,6.66E-06,6.73E-06,6.79E-06,6.09E-06,6.15E-06,6.21E-06,6.27E-06,6.03E-06,5.79E-06
-0.564,0.00777,0.00785,0.00793,0.008,0.00245,0.00247,0.0025,0.00252,8.22E-04,8.30E-04,8.38E-04,8.47E-04,2.83E-04,2.86E-04,2.89E-04,2.91E-04,1.18E-04,1.19E-04,1.21E-04,1.22E-04,5.53E-05,5.58E-05,5.64E-05,5.69E-05,3.04E-05,3.07E-05,3.10E-05,3.13E-05,1.24E-05,1.25E-05,1.26E-05,1.27E-05,9.18E-06,9.27E-06,9.36E-06,9.45E-06,7.14E-06,7.21E-06,7.28E-06,7.35E-06,5.98E-06,6.04E-06,6.10E-06,6.16E-06,5.54E-06,5.60E-06,5.65E-06,5.71E-06,5.49E-06,5.23E-06
-0.562,0.00726,0.00733,0.0074,0.00748,0.00228,0.0023,0.00233,0.00235,7.62E-04,7.70E-04,7.77E-04,7.85E-04,2.62E-04,2.64E-04,2.67E-04,2.69E-04,1.06E-04,1.07E-04,1.08E-04,1.09E-04,5.03E-05,5.08E-05,5.13E-05,5.18E-05,2.69E-05,2.72E-05,2.75E-05,2.77E-05,1.12E-05,1.13E-05,1.15E-05,1.16E-05,8.30E-06,8.38E-06,8.46E-06,8.54E-06,6.45E-06,6.51E-06,6.57E-06,6.64E-06,5.37E-06,5.42E-06,5.48E-06,5.53E-06,5.00E-06,5.05E-06,5.10E-06,5.15E-06,4.95E-06,4.66E-06
-0.56,0.00675,0.00681,0.00688,0.00695,0.00211,0.00213,0.00215,0.00217,7.02E-04,7.09E-04,7.16E-04,7.23E-04,2.40E-04,2.43E-04,2.45E-04,2.47E-04,9.43E-05,9.52E-05,9.62E-05,9.71E-05,4.52E-05,4.57E-05,4.61E-05,4.66E-05,2.42E-05,2.44E-05,2.47E-05,2.49E-05,1.01E-05,1.02E-05,1.03E-05,1.04E-05,7.41E-06,7.49E-06,7.56E-06,7.64E-06,5.75E-06,5.81E-06,5.87E-06,5.92E-06,4.75E-06,4.80E-06,4.85E-06,4.90E-06,4.46E-06,4.50E-06,4.55E-06,4.59E-06,4.41E-06,4.09E-06
-0.558,0.00623,0.0063,0.00636,0.00642,0.00194,0.00196,0.00198,0.002,6.43E-04,6.49E-04,6.55E-04,6.62E-04,2.19E-04,2.21E-04,2.23E-04,2.25E-04,8.69E-05,8.77E-05,8.86E-05,8.95E-05,4.02E-05,4.06E-05,4.10E-05,4.14E-05,2.21E-05,2.23E-05,2.26E-05,2.28E-05,8.96E-06,9.05E-06,9.14E-06,9.22E-06,6.53E-06,6.60E-06,6.66E-06,6.73E-06,5.06E-06,5.11E-06,5.16E-06,5.21E-06,4.14E-06,4.18E-06,4.22E-06,4.26E-06,3.91E-06,3.95E-06,3.99E-06,4.03E-06,3.87E-06,3.65E-06
-0.556,0.00572,0.00578,0.00584,0.00589,0.00177,0.00179,0.00181,0.00182,5.83E-04,5.89E-04,5.94E-04,6.00E-04,1.97E-04,1.99E-04,2.01E-04,2.03E-04,7.94E-05,8.02E-05,8.10E-05,8.18E-05,3.62E-05,3.65E-05,3.69E-05,3.73E-05,2.01E-05,2.03E-05,2.05E-05,2.07E-05,7.82E-06,7.90E-06,7.98E-06,8.05E-06,5.83E-06,5.89E-06,5.95E-06,6.00E-06,4.51E-06,4.55E-06,4.60E-06,4.64E-06,3.78E-06,3.82E-06,3.86E-06,3.90E-06,3.48E-06,3.52E-06,3.55E-06,3.59E-06,3.45E-06,3.32E-06
-0.554,0.00521,0.00526,0.00531,0.00537,0.0016,0.00162,0.00163,0.00165,5.23E-04,5.28E-04,5.33E-04,5.39E-04,1.76E-04,1.78E-04,1.80E-04,1.81E-04,7.20E-05,7.27E-05,7.34E-05,7.41E-05,3.31E-05,3.34E-05,3.38E-05,3.41E-05,1.80E-05,1.82E-05,1.83E-05,1.85E-05,7.16E-06,7.23E-06,7.30E-06,7.37E-06,5.31E-06,5.36E-06,5.41E-06,5.47E-06,4.10E-06,4.14E-06,4.18E-06,4.22E-06,3.42E-06,3.46E-06,3.49E-06,3.53E-06,3.17E-06,3.20E-06,3.23E-06,3.26E-06,3.14E-06,2.99E-06
-0.552,0.00486,0.00491,0.00496,0.00501,0.00149,0.0015,0.00152,0.00153,4.84E-04,4.89E-04,4.94E-04,4.99E-04,1.62E-04,1.64E-04,1.66E-04,1.67E-04,6.45E-05,6.52E-05,6.58E-05,6.65E-05,3.01E-05,3.04E-05,3.07E-05,3.10E-05,1.59E-05,1.61E-05,1.62E-05,1.64E-05,6.49E-06,6.56E-06,6.62E-06,6.69E-06,4.79E-06,4.83E-06,4.88E-06,4.93E-06,3.70E-06,3.73E-06,3.77E-06,3.81E-06,3.07E-06,3.10E-06,3.13E-06,3.16E-06,2.86E-06,2.88E-06,2.91E-06,2.94E-06,2.83E-06,2.66E-06
-0.55,0.00451,0.00456,0.0046,0.00465,0.00137,0.00139,0.0014,0.00141,4.45E-04,4.50E-04,4.54E-04,4.59E-04,1.49E-04,1.50E-04,1.52E-04,1.53E-04,5.71E-05,5.77E-05,5.82E-05,5.88E-05,2.70E-05,2.73E-05,2.75E-05,2.78E-05,1.43E-05,1.44E-05,1.46E-05,1.47E-05,5.83E-06,5.89E-06,5.94E-06,6.00E-06,4.26E-06,4.31E-06,4.35E-06,4.39E-06,3.29E-06,3.32E-06,3.35E-06,3.39E-06,2.71E-06,2.74E-06,2.76E-06,2.79E-06,2.54E-06,2.57E-06,2.59E-06,2.62E-06,2.52E-06,2.33E-06
-0.548,0.00416,0.0042,0.00424,0.00428,0.00126,0.00127,0.00128,0.0013,4.07E-04,4.11E-04,4.15E-04,4.19E-04,1.35E-04,1.37E-04,1.38E-04,1.39E-04,5.25E-05,5.30E-05,5.36E-05,5.41E-05,2.39E-05,2.42E-05,2.44E-05,2.46E-05,1.30E-05,1.32E-05,1.33E-05,1.34E-05,5.16E-06,5.22E-06,5.27E-06,5.32E-06,3.74E-06,3.78E-06,3.82E-06,3.85E-06,2.88E-06,2.91E-06,2.94E-06,2.97E-06,2.35E-06,2.37E-06,2.40E-06,2.42E-06,2.23E-06,2.25E-06,2.27E-06,2.29E-06,2.20E-06,2.07E-06
-0.546,0.00381,0.00385,0.00389,0.00392,0.00114,0.00116,0.00117,0.00118,3.68E-04,3.71E-04,3.75E-04,3.79E-04,1.22E-04,1.23E-04,1.24E-04,1.25E-04,4.79E-05,4.84E-05,4.89E-05,4.94E-05,2.15E-05,2.17E-05,2.19E-05,2.21E-05,1.18E-05,1.19E-05,1.20E-05,1.21E-05,4.50E-06,4.55E-06,4.59E-06,4.64E-06,3.33E-06,3.36E-06,3.40E-06,3.43E-06,2.56E-06,2.59E-06,2.61E-06,2.64E-06,2.14E-06,2.17E-06,2.19E-06,2.21E-06,1.98E-06,2.00E-06,2.02E-06,2.04E-06,1.96E-06,1.88E-06
-0.544,0.00346,0.00349,0.00353,0.00356,0.00103,0.00104,0.00105,0.00106,3.29E-04,3.32E-04,3.36E-04,3.39E-04,1.08E-04,1.09E-04,1.10E-04,1.11E-04,4.34E-05,4.38E-05,4.42E-05,4.47E-05,1.96E-05,1.98E-05,2.00E-05,2.02E-05,1.05E-05,1.06E-05,1.07E-05,1.08E-05,4.11E-06,4.15E-06,4.19E-06,4.24E-06,3.03E-06,3.06E-06,3.09E-06,3.12E-06,2.33E-06,2.35E-06,2.38E-06,2.40E-06,1.94E-06,1.96E-06,1.98E-06,2.00E-06,1.80E-06,1.81E-06,1.83E-06,1.85E-06,1.78E-06,1.69E-06
-0.542,0.00322,0.00325,0.00329,0.00332,9.56E-04,9.65E-04,9.75E-04,9.84E-04,3.04E-04,3.07E-04,3.10E-04,3.13E-04,9.95E-05,1.00E-04,1.01E-04,1.02E-04,3.88E-05,3.92E-05,3.96E-05,3.99E-05,1.78E-05,1.80E-05,1.82E-05,1.83E-05,9.28E-06,9.38E-06,9.47E-06,9.56E-06,3.72E-06,3.76E-06,3.80E-06,3.84E-06,2.73E-06,2.75E-06,2.78E-06,2.81E-06,2.10E-06,2.12E-06,2.14E-06,2.16E-06,1.73E-06,1.75E-06,1.77E-06,1.78E-06,1.62E-06,1.63E-06,1.65E-06,1.66E-06,1.60E-06,1.50E-06
-0.54,0.00298,0.00301,0.00304,0.00307,8.81E-04,8.90E-04,8.99E-04,9.08E-04,2.79E-04,2.82E-04,2.85E-04,2.88E-04,9.10E-05,9.19E-05,9.28E-05,9.37E-05,3.42E-05,3.45E-05,3.49E-05,3.52E-05,1.60E-05,1.61E-05,1.63E-05,1.64E-05,8.29E-06,8.38E-06,8.46E-06,8.54E-06,3.34E-06,3.37E-06,3.40E-06,3.44E-06,2.42E-06,2.45E-06,2.47E-06,2.50E-06,1.86E-06,1.88E-06,1.90E-06,1.92E-06,1.53E-06,1.54E-06,1.56E-06,1.57E-06,1.43E-06,1.45E-06,1.46E-06,1.48E-06,1.42E-06,1.31E-06
-0.538,0.00275,0.00277,0.0028,0.00283,8.07E-04,8.15E-04,8.23E-04,8.31E-04,2.55E-04,2.57E-04,2.60E-04,2.62E-04,8.25E-05,8.33E-05,8.42E-05,8.50E-05,3.14E-05,3.17E-05,3.20E-05,3.24E-05,1.41E-05,1.43E-05,1.44E-05,1.45E-05,7.56E-06,7.63E-06,7.71E-06,7.79E-06,2.95E-06,2.98E-06,3.01E-06,3.04E-06,2.12E-06,2.14E-06,2.16E-06,2.18E-06,1.63E-06,1.64E-06,1.66E-06,1.68E-06,1.32E-06,1.33E-06,1.35E-06,1.36E-06,1.25E-06,1.26E-06,1.28E-06,1.29E-06,1.24E-06,1.16E-06
-0.536,0.00251,0.00253,0.00256,0.00258,7.32E-04,7.40E-04,7.47E-04,7.54E-04,2.30E-04,2.32E-04,2.34E-04,2.37E-04,7.40E-05,7.47E-05,7.55E-05,7.62E-05,2.86E-05,2.89E-05,2.92E-05,2.95E-05,1.26E-05,1.28E-05,1.29E-05,1.30E-05,6.83E-06,6.89E-06,6.96E-06,7.03E-06,2.56E-06,2.59E-06,2.61E-06,2.64E-06,1.88E-06,1.90E-06,1.92E-06,1.94E-06,1.44E-06,1.46E-06,1.47E-06,1.49E-06,1.20E-06,1.22E-06,1.23E-06,1.24E-06,1.11E-06,1.12E-06,1.13E-06,1.14E-06,1.10E-06,1.05E-06
-0.534,0.00227,0.00229,0.00232,0.00234,6.58E-04,6.65E-04,6.71E-04,6.78E-04,2.05E-04,2.07E-04,2.09E-04,2.11E-04,6.55E-05,6.62E-05,6.68E-05,6.75E-05,2.59E-05,2.61E-05,2.64E-05,2.66E-05,1.15E-05,1.16E-05,1.18E-05,1.19E-05,6.09E-06,6.15E-06,6.21E-06,6.27E-06,2.34E-06,2.36E-06,2.38E-06,2.41E-06,1.71E-06,1.73E-06,1.75E-06,1.76E-06,1.31E-06,1.32E-06,1.34E-06,1.35E-06,1.09E-06,1.10E-06,1.11E-06,1.12E-06,1.00E-06,1.01E-06,1.02E-06,1.03E-06,9.95E-07,9.42E-07
-0.532,0.00211,0.00213,0.00215,0.00218,6.10E-04,6.16E-04,6.22E-04,6.28E-04,1.89E-04,1.91E-04,1.93E-04,1.95E-04,6.03E-05,6.09E-05,6.15E-05,6.21E-05,2.31E-05,2.33E-05,2.35E-05,2.38E-05,1.04E-05,1.05E-05,1.06E-05,1.07E-05,5.36E-06,5.41E-06,5.46E-06,5.52E-06,2.11E-06,2.13E-06,2.15E-06,2.18E-06,1.54E-06,1.56E-06,1.57E-06,1.59E-06,1.18E-06,1.19E-06,1.20E-06,1.21E-06,9.69E-07,9.79E-07,9.88E-07,9.98E-07,9.01E-07,9.10E-07,9.19E-07,9.28E-07,8.92E-07,8.34E-07
-0.53,0.00195,0.00197,0.00199,0.00201,5.61E-04,5.67E-04,5.72E-04,5.78E-04,1.73E-04,1.75E-04,1.77E-04,1.79E-04,5.51E-05,5.56E-05,5.62E-05,5.67E-05,2.03E-05,2.05E-05,2.07E-05,2.09E-05,9.31E-06,9.40E-06,9.49E-06,9.59E-06,4.78E-06,4.82E-06,4.87E-06,4.92E-06,1.89E-06,1.91E-06,1.93E-06,1.94E-06,1.37E-06,1.38E-06,1.40E-06,1.41E-06,1.04E-06,1.05E-06,1.06E-06,1.07E-06,8.52E-07,8.61E-07,8.69E-07,8.78E-07,7.97E-07,8.05E-07,8.13E-07,8.21E-07,7.89E-07,7.27E-07
-0.528,0.0018,0.00181,0.00183,0.00185,5.13E-04,5.18E-04,5.23E-04,5.28E-04,1.58E-04,1.59E-04,1.61E-04,1.62E-04,4.98E-05,5.03E-05,5.08E-05,5.13E-05,1.86E-05,1.88E-05,1.90E-05,1.92E-05,8.20E-06,8.28E-06,8.36E-06,8.44E-06,4.35E-06,4.39E-06,4.43E-06,4.48E-06,1.66E-06,1.68E-06,1.70E-06,1.71E-06,1.20E-06,1.21E-06,1.22E-06,1.23E-06,9.09E-07,9.18E-07,9.27E-07,9.36E-07,7.35E-07,7.42E-07,7.50E-07,7.57E-07,6.94E-07,7.01E-07,7.08E-07,7.15E-07,6.87E-07,6.43E-07
-0.526,0.00164,0.00165,0.00167,0.00169,4.64E-04,4.69E-04,4.74E-04,4.78E-04,1.42E-04,1.43E-04,1.45E-04,1.46E-04,4.46E-05,4.51E-05,4.55E-05,4.60E-05,1.69E-05,1.71E-05,1.73E-05,1.74E-05,7.32E-06,7.39E-06,7.46E-06,7.53E-06,3.92E-06,3.96E-06,4.00E-06,4.04E-06,1.44E-06,1.45E-06,1.47E-06,1.48E-06,1.06E-06,1.07E-06,1.08E-06,1.09E-06,8.04E-07,8.12E-07,8.20E-07,8.28E-07,6.69E-07,6.75E-07,6.82E-07,6.89E-07,6.13E-07,6.19E-07,6.25E-07,6.31E-07,6.07E-07,5.82E-07
-0.524,0.00148,0.00149,0.00151,0.00152,4.16E-04,4.20E-04,4.24E-04,4.28E-04,1.26E-04,1.27E-04,1.29E-04,1.30E-04,3.94E-05,3.98E-05,4.02E-05,4.06E-05,1.53E-05,1.54E-05,1.56E-05,1.57E-05,6.67E-06,6.73E-06,6.80E-06,6.86E-06,3.49E-06,3.53E-06,3.56E-06,3.60E-06,1.31E-06,1.33E-06,1.34E-06,1.35E-06,9.61E-07,9.71E-07,9.80E-07,9.90E-07,7.29E-07,7.36E-07,7.43E-07,7.50E-07,6.03E-07,6.09E-07,6.15E-07,6.21E-07,5.55E-07,5.61E-07,5.66E-07,5.72E-07,5.49E-07,5.22E-07
-0.522,0.00137,0.00139,0.0014,0.00142,3.85E-04,3.89E-04,3.92E-04,3.96E-04,1.16E-04,1.17E-04,1.18E-04,1.20E-04,3.62E-05,3.66E-05,3.69E-05,3.73E-05,1.36E-05,1.37E-05,1.39E-05,1.40E-05,6.02E-06,6.08E-06,6.14E-06,6.20E-06,3.06E-06,3.09E-06,3.13E-06,3.16E-06,1.19E-06,1.20E-06,1.21E-06,1.22E-06,8.62E-07,8.70E-07,8.79E-07,8.87E-07,6.53E-07,6.60E-07,6.66E-07,6.73E-07,5.36E-07,5.42E-07,5.47E-07,5.52E-07,4.97E-07,5.02E-07,5.07E-07,5.12E-07,4.92E-07,4.61E-07
-0.52,0.00127,0.00128,0.00129,0.00131,3.54E-04,3.57E-04,3.61E-04,3.64E-04,1.06E-04,1.07E-04,1.08E-04,1.09E-04,3.30E-05,3.33E-05,3.37E-05,3.40E-05,1.19E-05,1.20E-05,1.21E-05,1.23E-05,5.37E-06,5.42E-06,5.47E-06,5.53E-06,2.73E-06,2.75E-06,2.78E-06,2.81E-06,1.06E-06,1.07E-06,1.08E-06,1.09E-06,7.62E-07,7.70E-07,7.77E-07,7.85E-07,5.77E-07,5.83E-07,5.89E-07,5.95E-07,4.70E-07,4.75E-07,4.80E-07,4.84E-07,4.39E-07,4.43E-07,4.48E-07,4.52E-07,4.35E-07,4.00E-07
-0.518,0.00116,0.00117,0.00119,0.0012,3.22E-04,3.26E-04,3.29E-04,3.32E-04,9.64E-05,9.74E-05,9.83E-05,9.93E-05,2.98E-05,3.01E-05,3.04E-05,3.07E-05,1.09E-05,1.10E-05,1.11E-05,1.12E-05,4.72E-06,4.76E-06,4.81E-06,4.86E-06,2.48E-06,2.50E-06,2.53E-06,2.55E-06,9.30E-07,9.40E-07,9.49E-07,9.58E-07,6.63E-07,6.69E-07,6.76E-07,6.83E-07,5.02E-07,5.07E-07,5.12E-07,5.17E-07,4.04E-07,4.08E-07,4.12E-07,4.16E-07,3.81E-07,3.85E-07,3.89E-07,3.92E-07,3.77E-07,3.53E-07
-0.516,0.00106,0.00107,0.00108,0.00109,2.91E-04,2.94E-04,2.97E-04,3.00E-04,8.66E-05,8.74E-05,8.83E-05,8.92E-05,2.66E-05,2.69E-05,2.71E-05,2.74E-05,9.90E-06,9.99E-06,1.01E-05,1.02E-05,4.20E-06,4.24E-06,4.29E-06,4.33E-06,2.23E-06,2.25E-06,2.27E-06,2.30E-06,8.03E-07,8.11E-07,8.19E-07,8.27E-07,5.85E-07,5.91E-07,5.97E-07,6.03E-07,4.43E-07,4.47E-07,4.52E-07,4.56E-07,3.67E-07,3.71E-07,3.75E-07,3.78E-07,3.36E-07,3.39E-07,3.43E-07,3.46E-07,3.33E-07,3.19E-07
-0.514,9.50E-04,9.60E-04,9.69E-04,9.79E-04,2.60E-04,2.63E-04,2.65E-04,2.68E-04,7.67E-05,7.75E-05,7.82E-05,7.90E-05,2.34E-05,2.36E-05,2.39E-05,2.41E-05,8.89E-06,8.98E-06,9.07E-06,9.16E-06,3.82E-06,3.86E-06,3.90E-06,3.94E-06,1.98E-06,2.00E-06,2.02E-06,2.04E-06,7.31E-07,7.38E-07,7.45E-07,7.53E-07,5.30E-07,5.35E-07,5.40E-07,5.46E-07,4.01E-07,4.05E-07,4.09E-07,4.13E-07,3.30E-07,3.34E-07,3.37E-07,3.40E-07,3.04E-07,3.07E-07,3.10E-07,3.13E-07,3.01E-07,2.86E-07
-0.512,8.81E-04,8.90E-04,8.98E-04,9.07E-04,2.40E-04,2.43E-04,2.45E-04,2.47E-04,7.06E-05,7.13E-05,7.20E-05,7.27E-05,2.15E-05,2.17E-05,2.19E-05,2.21E-05,7.89E-06,7.97E-06,8.05E-06,8.13E-06,3.45E-06,3.48E-06,3.51E-06,3.55E-06,1.73E-06,1.75E-06,1.77E-06,1.79E-06,6.59E-07,6.65E-07,6.72E-07,6.78E-07,4.75E-07,4.79E-07,4.84E-07,4.89E-07,3.59E-07,3.62E-07,3.66E-07,3.69E-07,2.94E-07,2.97E-07,2.99E-07,3.02E-07,2.72E-07,2.74E-07,2.77E-07,2.80E-07,2.69E-07,2.52E-07
-0.51,8.12E-04,8.20E-04,8.28E-04,8.36E-04,2.20E-04,2.23E-04,2.25E-04,2.27E-04,6.45E-05,6.51E-05,6.58E-05,6.64E-05,1.96E-05,1.98E-05,2.00E-05,2.01E-05,6.89E-06,6.96E-06,7.03E-06,7.10E-06,3.07E-06,3.10E-06,3.13E-06,3.16E-06,1.54E-06,1.55E-06,1.57E-06,1.58E-06,5.86E-07,5.92E-07,5.98E-07,6.04E-07,4.19E-07,4.23E-07,4.27E-07,4.32E-07,3.16E-07,3.19E-07,3.23E-07,3.26E-07,2.57E-07,2.59E-07,2.62E-07,2.65E-07,2.39E-07,2.42E-07,2.44E-07,2.46E-07,2.37E-07,2.18E-07
-0.508,7.42E-04,7.50E-04,7.57E-04,7.65E-04,2.01E-04,2.03E-04,2.05E-04,2.07E-04,5.84E-05,5.90E-05,5.96E-05,6.02E-05,1.76E-05,1.78E-05,1.80E-05,1.82E-05,6.30E-06,6.37E-06,6.43E-06,6.49E-06,2.69E-06,2.72E-06,2.74E-06,2.77E-06,1.40E-06,1.41E-06,1.42E-06,1.44E-06,5.14E-07,5.19E-07,5.24E-07,5.30E-07,3.64E-07,3.67E-07,3.71E-07,3.75E-07,2.74E-07,2.77E-07,2.80E-07,2.82E-07,2.20E-07,2.22E-07,2.24E-07,2.27E-07,2.07E-07,2.09E-07,2.11E-07,2.13E-07,2.05E-07,1.92E-07
-0.506,6.73E-04,6.80E-04,6.87E-04,6.93E-04,1.81E-04,1.83E-04,1.84E-04,1.86E-04,5.23E-05,5.28E-05,5.33E-05,5.39E-05,1.57E-05,1.59E-05,1.60E-05,1.62E-05,5.72E-06,5.78E-06,5.83E-06,5.89E-06,2.39E-06,2.41E-06,2.44E-06,2.46E-06,1.25E-06,1.27E-06,1.28E-06,1.29E-06,4.42E-07,4.46E-07,4.51E-07,4.55E-07,3.21E-07,3.24E-07,3.27E-07,3.30E-07,2.41E-07,2.44E-07,2.46E-07,2.49E-07,2.00E-07,2.02E-07,2.04E-07,2.06E-07,1.82E-07,1.84E-07,1.86E-07,1.88E-07,1.80E-07,1.73E-07
-0.504,6.04E-04,6.10E-04,6.16E-04,6.22E-04,1.61E-04,1.63E-04,1.64E-04,1.66E-04,4.62E-05,4.67E-05,4.71E-05,4.76E-05,1.38E-05,1.39E-05,1.41E-05,1.42E-05,5.13E-06,5.18E-06,5.23E-06,5.29E-06,2.17E-06,2.19E-06,2.22E-06,2.24E-06,1.11E-06,1.12E-06,1.13E-06,1.14E-06,4.02E-07,4.06E-07,4.10E-07,4.14E-07,2.90E-07,2.93E-07,2.96E-07,2.98E-07,2.18E-07,2.20E-07,2.23E-07,2.25E-07,1.79E-07,1.81E-07,1.83E-07,1.85E-07,1.65E-07,1.66E-07,1.68E-07,1.70E-07,1.63E-07,1.55E-07
-0.502,5.59E-04,5.65E-04,5.70E-04,5.76E-04,1.48E-04,1.50E-04,1.51E-04,1.53E-04,4.25E-05,4.29E-05,4.33E-05,4.38E-05,1.26E-05,1.28E-05,1.29E-05,1.30E-05,4.55E-06,4.59E-06,4.64E-06,4.68E-06,1.96E-06,1.97E-06,1.99E-06,2.01E-06,9.67E-07,9.77E-07,9.87E-07,9.96E-07,3.62E-07,3.65E-07,3.69E-07,3.72E-07,2.59E-07,2.62E-07,2.64E-07,2.67E-07,1.95E-07,1.97E-07,1.99E-07,2.01E-07,1.59E-07,1.60E-07,1.62E-07,1.64E-07,1.47E-07,1.48E-07,1.50E-07,1.51E-07,1.46E-07,1.36E-07
-0.5,5.14E-04,5.20E-04,5.25E-04,5.30E-04,1.36E-04,1.37E-04,1.39E-04,1.40E-04,3.88E-05,3.91E-05,3.95E-05,3.99E-05,1.15E-05,1.16E-05,1.17E-05,1.18E-05,3.96E-06,4.00E-06,4.04E-06,4.08E-06,1.74E-06,1.75E-06,1.77E-06,1.79E-06,8.56E-07,8.64E-07,8.73E-07,8.82E-07,3.21E-07,3.25E-07,3.28E-07,3.31E-07,2.28E-07,2.30E-07,2.33E-07,2.35E-07,1.72E-07,1.74E-07,1.75E-07,1.77E-07,1.38E-07,1.40E-07,1.41E-07,1.43E-07,1.29E-07,1.31E-07,1.32E-07,1.33E-07,1.28E-07,1.17E-07
-0.498,4.70E-04,4.74E-04,4.79E-04,4.84E-04,1.23E-04,1.25E-04,1.26E-04,1.27E-04,3.50E-05,3.54E-05,3.57E-05,3.61E-05,1.03E-05,1.04E-05,1.05E-05,1.06E-05,3.62E-06,3.65E-06,3.69E-06,3.73E-06,1.52E-06,1.53E-06,1.55E-06,1.56E-06,7.76E-07,7.83E-07,7.91E-07,7.99E-07,2.81E-07,2.84E-07,2.87E-07,2.90E-07,1.97E-07,1.99E-07,2.01E-07,2.03E-07,1.49E-07,1.50E-07,1.52E-07,1.53E-07,1.18E-07,1.19E-07,1.20E-07,1.22E-07,1.12E-07,1.13E-07,1.14E-07,1.15E-07,1.11E-07,1.03E-07
-0.496,4.25E-04,4.29E-04,4.33E-04,4.38E-04,1.11E-04,1.12E-04,1.13E-04,1.14E-04,3.13E-05,3.16E-05,3.19E-05,3.23E-05,9.16E-06,9.25E-06,9.34E-06,9.43E-06,3.28E-06,3.31E-06,3.34E-06,3.37E-06,1.35E-06,1.36E-06,1.37E-06,1.39E-06,6.96E-07,7.02E-07,7.09E-07,7.16E-07,2.41E-07,2.43E-07,2.46E-07,2.48E-07,1.74E-07,1.75E-07,1.77E-07,1.79E-07,1.31E-07,1.32E-07,1.33E-07,1.35E-07,1.07E-07,1.08E-07,1.09E-07,1.10E-07,9.82E-08,9.91E-08,1.00E-07,1.01E-07,9.72E-08,9.28E-08
-0.494,3.80E-04,3.84E-04,3.88E-04,3.91E-04,9.83E-05,9.93E-05,1.00E-04,1.01E-04,2.76E-05,2.79E-05,2.82E-05,2.84E-05,8.00E-06,8.08E-06,8.16E-06,8.24E-06,2.93E-06,2.96E-06,2.99E-06,3.02E-06,1.22E-06,1.23E-06,1.25E-06,1.26E-06,6.15E-07,6.21E-07,6.28E-07,6.34E-07,2.19E-07,2.21E-07,2.23E-07,2.25E-07,1.57E-07,1.58E-07,1.60E-07,1.61E-07,1.18E-07,1.19E-07,1.20E-07,1.21E-07,9.60E-08,9.70E-08,9.80E-08,9.89E-08,8.85E-08,8.94E-08,9.02E-08,9.11E-08,8.76E-08,8.27E-08
-0.492,3.51E-04,3.55E-04,3.58E-04,3.62E-04,9.05E-05,9.14E-05,9.24E-05,9.33E-05,2.53E-05,2.56E-05,2.58E-05,2.61E-05,7.32E-06,7.39E-06,7.47E-06,7.54E-06,2.59E-06,2.62E-06,2.64E-06,2.67E-06,1.10E-06,1.11E-06,1.12E-06,1.13E-06,5.35E-07,5.40E-07,5.46E-07,5.51E-07,1.97E-07,1.99E-07,2.01E-07,2.02E-07,1.40E-07,1.41E-07,1.43E-07,1.44E-07,1.05E-07,1.06E-07,1.07E-07,1.08E-07,8.51E-08,8.59E-08,8.68E-08,8.76E-08,7.88E-08,7.96E-08,8.04E-08,8.12E-08,7.80E-08,7.26E-08
-0.49,3.23E-04,3.26E-04,3.29E-04,3.32E-04,8.28E-05,8.36E-05,8.44E-05,8.53E-05,2.31E-05,2.33E-05,2.35E-05,2.38E-05,6.64E-06,6.71E-06,6.77E-06,6.84E-06,2.25E-06,2.27E-06,2.30E-06,2.32E-06,9.71E-07,9.81E-07,9.91E-07,1.00E-06,4.73E-07,4.77E-07,4.82E-07,4.87E-07,1.74E-07,1.76E-07,1.78E-07,1.80E-07,1.23E-07,1.24E-07,1.25E-07,1.27E-07,9.22E-08,9.31E-08,9.40E-08,9.50E-08,7.41E-08,7.48E-08,7.56E-08,7.63E-08,6.91E-08,6.98E-08,7.05E-08,7.12E-08,6.84E-08,6.25E-08
-0.488,2.94E-04,2.97E-04,3.00E-04,3.03E-04,7.50E-05,7.58E-05,7.65E-05,7.73E-05,2.08E-05,2.10E-05,2.12E-05,2.14E-05,5.96E-06,6.02E-06,6.08E-06,6.14E-06,2.05E-06,2.07E-06,2.09E-06,2.11E-06,8.46E-07,8.54E-07,8.63E-07,8.71E-07,4.28E-07,4.32E-07,4.36E-07,4.40E-07,1.52E-07,1.54E-07,1.55E-07,1.57E-07,1.06E-07,1.07E-07,1.08E-07,1.09E-07,7.94E-08,8.02E-08,8.10E-08,8.18E-08,6.31E-08,6.37E-08,6.44E-08,6.50E-08,5.94E-08,6.00E-08,6.06E-08,6.12E-08,5.88E-08,5.47E-08
-0.486,2.66E-04,2.68E-04,2.71E-04,2.74E-04,6.73E-05,6.79E-05,6.86E-05,6.93E-05,1.86E-05,1.87E-05,1.89E-05,1.91E-05,5.28E-06,5.33E-06,5.39E-06,5.44E-06,1.85E-06,1.87E-06,1.89E-06,1.91E-06,7.48E-07,7.55E-07,7.63E-07,7.70E-07,3.83E-07,3.86E-07,3.90E-07,3.94E-07,1.30E-07,1.31E-07,1.33E-07,1.34E-07,9.31E-08,9.41E-08,9.50E-08,9.59E-08,6.96E-08,7.02E-08,7.09E-08,7.16E-08,5.71E-08,5.77E-08,5.83E-08,5.88E-08,5.20E-08,5.25E-08,5.31E-08,5.36E-08,5.15E-08,4.92E-08
-0.484,2.37E-04,2.39E-04,2.42E-04,2.44E-04,5.95E-05,6.01E-05,6.07E-05,6.13E-05,1.63E-05,1.65E-05,1.66E-05,1.68E-05,4.60E-06,4.65E-06,4.69E-06,4.74E-06,1.66E-06,1.67E-06,1.69E-06,1.71E-06,6.77E-07,6.84E-07,6.91E-07,6.98E-07,3.38E-07,3.41E-07,3.44E-07,3.48E-07,1.18E-07,1.19E-07,1.20E-07,1.21E-07,8.40E-08,8.48E-08,8.56E-08,8.65E-08,6.27E-08,6.33E-08,6.39E-08,6.45E-08,5.11E-08,5.17E-08,5.22E-08,5.27E-08,4.68E-08,4.73E-08,4.78E-08,4.82E-08,4.64E-08,4.38E-08
-0.482,2.19E-04,2.21E-04,2.23E-04,2.25E-04,5.47E-05,5.53E-05,5.58E-05,5.64E-05,1.49E-05,1.51E-05,1.52E-05,1.54E-05,4.20E-06,4.25E-06,4.29E-06,4.33E-06,1.46E-06,1.47E-06,1.49E-06,1.50E-06,6.07E-07,6.13E-07,6.19E-07,6.25E-07,2.93E-07,2.95E-07,2.98E-07,3.01E-07,1.06E-07,1.07E-07,1.08E-07,1.09E-07,7.48E-08,7.55E-08,7.63E-08,7.70E-08,5.58E-08,5.63E-08,5.69E-08,5.74E-08,4.52E-08,4.56E-08,4.61E-08,4.65E-08,4.17E-08,4.21E-08,4.25E-08,4.29E-08,4.12E-08,3.84E-08
-0.48,2.01E-04,2.03E-04,2.05E-04,2.07E-04,4.99E-05,5.04E-05,5.09E-05,5.14E-05,1.36E-05,1.37E-05,1.38E-05,1.40E-05,3.81E-06,3.85E-06,3.88E-06,3.92E-06,1.26E-06,1.27E-06,1.29E-06,1.30E-06,5.37E-07,5.42E-07,5.47E-07,5.53E-07,2.58E-07,2.60E-07,2.63E-07,2.65E-07,9.36E-08,9.45E-08,9.55E-08,9.64E-08,6.56E-08,6.63E-08,6.70E-08,6.76E-08,4.89E-08,4.93E-08,4.98E-08,5.03E-08,3.92E-08,3.96E-08,4.00E-08,4.04E-08,3.65E-08,3.68E-08,3.72E-08,3.76E-08,3.61E-08,3.29E-08
-0.478,1.82E-04,1.84E-04,1.86E-04,1.88E-04,4.52E-05,4.56E-05,4.61E-05,4.65E-05,1.22E-05,1.23E-05,1.25E-05,1.26E-05,3.41E-06,3.45E-06,3.48E-06,3.51E-06,1.15E-06,1.16E-06,1.17E-06,1.18E-06,4.66E-07,4.71E-07,4.76E-07,4.80E-07,2.33E-07,2.35E-07,2.37E-07,2.40E-07,8.14E-08,8.23E-08,8.31E-08,8.39E-08,5.65E-08,5.70E-08,5.76E-08,5.82E-08,4.20E-08,4.24E-08,4.28E-08,4.32E-08,3.32E-08,3.35E-08,3.39E-08,3.42E-08,3.13E-08,3.16E-08,3.19E-08,3.22E-08,3.10E-08,2.88E-08
-0.476,1.64E-04,1.66E-04,1.67E-04,1.69E-04,4.04E-05,4.08E-05,4.12E-05,4.16E-05,1.08E-05,1.10E-05,1.11E-05,1.12E-05,3.02E-06,3.05E-06,3.08E-06,3.11E-06,1.04E-06,1.05E-06,1.06E-06,1.07E-06,4.11E-07,4.16E-07,4.20E-07,4.24E-07,2.08E-07,2.10E-07,2.12E-07,2.14E-07,6.93E-08,7.00E-08,7.07E-08,7.14E-08,4.94E-08,4.99E-08,5.04E-08,5.09E-08,3.67E-08,3.70E-08,3.74E-08,3.78E-08,3.00E-08,3.03E-08,3.06E-08,3.09E-08,2.73E-08,2.76E-08,2.79E-08,2.81E-08,2.70E-08,2.59E-08
-0.474,1.46E-04,1.47E-04,1.49E-04,1.50E-04,3.56E-05,3.60E-05,3.63E-05,3.67E-05,9.48E-06,9.57E-06,9.67E-06,9.76E-06,2.62E-06,2.65E-06,2.67E-06,2.70E-06,9.24E-07,9.33E-07,9.42E-07,9.52E-07,3.72E-07,3.76E-07,3.80E-07,3.83E-07,1.83E-07,1.85E-07,1.87E-07,1.89E-07,6.28E-08,6.34E-08,6.40E-08,6.46E-08,4.45E-08,4.49E-08,4.54E-08,4.58E-08,3.30E-08,3.33E-08,3.36E-08,3.40E-08,2.68E-08,2.71E-08,2.74E-08,2.76E-08,2.46E-08,2.48E-08,2.51E-08,2.53E-08,2.43E-08,2.30E-08
-0.472,1.35E-04,1.36E-04,1.37E-04,1.39E-04,3.27E-05,3.30E-05,3.34E-05,3.37E-05,8.68E-06,8.76E-06,8.85E-06,8.94E-06,2.39E-06,2.42E-06,2.44E-06,2.46E-06,8.12E-07,8.20E-07,8.28E-07,8.36E-07,3.33E-07,3.36E-07,3.40E-07,3.43E-07,1.58E-07,1.60E-07,1.62E-07,1.63E-07,5.62E-08,5.68E-08,5.73E-08,5.79E-08,3.96E-08,3.99E-08,4.03E-08,4.07E-08,2.93E-08,2.96E-08,2.99E-08,3.02E-08,2.37E-08,2.39E-08,2.41E-08,2.44E-08,2.18E-08,2.20E-08,2.22E-08,2.25E-08,2.16E-08,2.01E-08
-0.47,1.23E-04,1.24E-04,1.26E-04,1.27E-04,2.98E-05,3.01E-05,3.04E-05,3.07E-05,7.88E-06,7.95E-06,8.03E-06,8.11E-06,2.16E-06,2.19E-06,2.21E-06,2.23E-06,7.00E-07,7.07E-07,7.14E-07,7.21E-07,2.94E-07,2.97E-07,3.00E-07,3.03E-07,1.39E-07,1.41E-07,1.42E-07,1.43E-07,4.97E-08,5.02E-08,5.07E-08,5.12E-08,3.46E-08,3.50E-08,3.53E-08,3.56E-08,2.56E-08,2.59E-08,2.61E-08,2.64E-08,2.05E-08,2.07E-08,2.09E-08,2.11E-08,1.90E-08,1.92E-08,1.94E-08,1.96E-08,1.88E-08,1.72E-08
-0.468,1.12E-04,1.13E-04,1.14E-04,1.15E-04,2.69E-05,2.72E-05,2.74E-05,2.77E-05,7.07E-06,7.14E-06,7.22E-06,7.29E-06,1.94E-06,1.96E-06,1.97E-06,1.99E-06,6.37E-07,6.43E-07,6.50E-07,6.56E-07,2.55E-07,2.57E-07,2.60E-07,2.62E-07,1.26E-07,1.27E-07,1.28E-07,1.29E-07,4.31E-08,4.36E-08,4.40E-08,4.44E-08,2.97E-08,3.00E-08,3.03E-08,3.06E-08,2.19E-08,2.22E-08,2.24E-08,2.26E-08,1.73E-08,1.75E-08,1.76E-08,1.78E-08,1.63E-08,1.64E-08,1.66E-08,1.68E-08,1.61E-08,1.49E-08
-0.466,1.00E-04,1.01E-04,1.02E-04,1.03E-04,2.40E-05,2.42E-05,2.45E-05,2.47E-05,6.27E-06,6.33E-06,6.40E-06,6.46E-06,1.71E-06,1.73E-06,1.74E-06,1.76E-06,5.74E-07,5.80E-07,5.85E-07,5.91E-07,2.24E-07,2.26E-07,2.29E-07,2.31E-07,1.12E-07,1.13E-07,1.14E-07,1.15E-07,3.66E-08,3.70E-08,3.73E-08,3.77E-08,2.59E-08,2.61E-08,2.64E-08,2.67E-08,1.91E-08,1.93E-08,1.95E-08,1.97E-08,1.56E-08,1.58E-08,1.59E-08,1.61E-08,1.42E-08,1.43E-08,1.45E-08,1.46E-08,1.40E-08,1.34E-08
-0.464,8.90E-05,8.99E-05,9.08E-05,9.17E-05,2.11E-05,2.13E-05,2.15E-05,2.17E-05,5.47E-06,5.52E-06,5.58E-06,5.63E-06,1.48E-06,1.49E-06,1.51E-06,1.52E-06,5.11E-07,5.16E-07,5.21E-07,5.26E-07,2.03E-07,2.05E-07,2.07E-07,2.09E-07,9.84E-08,9.94E-08,1.00E-07,1.01E-07,3.31E-08,3.34E-08,3.38E-08,3.41E-08,2.33E-08,2.35E-08,2.37E-08,2.40E-08,1.72E-08,1.74E-08,1.75E-08,1.77E-08,1.39E-08,1.41E-08,1.42E-08,1.44E-08,1.27E-08,1.29E-08,1.30E-08,1.31E-08,1.26E-08,1.19E-08
-0.462,8.19E-05,8.28E-05,8.36E-05,8.44E-05,1.94E-05,1.96E-05,1.97E-05,1.99E-05,5.00E-06,5.05E-06,5.10E-06,5.15E-06,1.35E-06,1.36E-06,1.38E-06,1.39E-06,4.48E-07,4.52E-07,4.57E-07,4.61E-07,1.81E-07,1.83E-07,1.85E-07,1.86E-07,8.48E-08,8.56E-08,8.65E-08,8.73E-08,2.96E-08,2.99E-08,3.02E-08,3.05E-08,2.07E-08,2.09E-08,2.11E-08,2.13E-08,1.53E-08,1.54E-08,1.56E-08,1.57E-08,1.23E-08,1.24E-08,1.25E-08,1.26E-08,1.13E-08,1.14E-08,1.15E-08,1.16E-08,1.12E-08,1.04E-08
-0.46,7.49E-05,7.56E-05,7.64E-05,7.71E-05,1.76E-05,1.78E-05,1.80E-05,1.81E-05,4.53E-06,4.58E-06,4.62E-06,4.67E-06,1.22E-06,1.23E-06,1.24E-06,1.25E-06,3.85E-07,3.89E-07,3.93E-07,3.97E-07,1.59E-07,1.61E-07,1.63E-07,1.64E-07,7.43E-08,7.51E-08,7.58E-08,7.65E-08,2.61E-08,2.64E-08,2.66E-08,2.69E-08,1.80E-08,1.82E-08,1.84E-08,1.86E-08,1.33E-08,1.34E-08,1.36E-08,1.37E-08,1.06E-08,1.07E-08,1.08E-08,1.09E-08,9.83E-09,9.93E-09,1.00E-08,1.01E-08,9.73E-09,8.84E-09
-0.458,6.78E-05,6.85E-05,6.92E-05,6.99E-05,1.59E-05,1.60E-05,1.62E-05,1.64E-05,4.07E-06,4.11E-06,4.15E-06,4.19E-06,1.09E-06,1.10E-06,1.11E-06,1.12E-06,3.50E-07,3.53E-07,3.57E-07,3.60E-07,1.38E-07,1.39E-07,1.41E-07,1.42E-07,6.70E-08,6.76E-08,6.83E-08,6.90E-08,2.26E-08,2.28E-08,2.31E-08,2.33E-08,1.54E-08,1.56E-08,1.57E-08,1.59E-08,1.14E-08,1.15E-08,1.16E-08,1.17E-08,8.92E-09,9.01E-09,9.10E-09,9.19E-09,8.38E-09,8.47E-09,8.55E-09,8.64E-09,8.30E-09,7.68E-09
-0.456,6.08E-05,6.14E-05,6.20E-05,6.26E-05,1.41E-05,1.43E-05,1.44E-05,1.46E-05,3.60E-06,3.63E-06,3.67E-06,3.71E-06,9.54E-07,9.63E-07,9.73E-07,9.82E-07,3.15E-07,3.18E-07,3.21E-07,3.24E-07,1.21E-07,1.22E-07,1.23E-07,1.25E-07,5.96E-08,6.02E-08,6.08E-08,6.14E-08,1.91E-08,1.93E-08,1.95E-08,1.97E-08,1.34E-08,1.36E-08,1.37E-08,1.38E-08,9.89E-09,9.99E-09,1.01E-08,1.02E-08,8.05E-09,8.13E-09,8.21E-09,8.29E-09,7.28E-09,7.36E-09,7.43E-09,7.50E-09,7.21E-09,6.89E-09
-0.454,5.37E-05,5.42E-05,5.48E-05,5.53E-05,1.24E-05,1.25E-05,1.26E-05,1.28E-05,3.13E-06,3.16E-06,3.19E-06,3.22E-06,8.22E-07,8.30E-07,8.38E-07,8.47E-07,2.79E-07,2.82E-07,2.85E-07,2.88E-07,1.09E-07,1.10E-07,1.11E-07,1.12E-07,5.22E-08,5.28E-08,5.33E-08,5.38E-08,1.73E-08,1.74E-08,1.76E-08,1.78E-08,1.21E-08,1.22E-08,1.23E-08,1.24E-08,8.88E-09,8.96E-09,9.05E-09,9.14E-09,7.17E-09,7.24E-09,7.32E-09,7.39E-09,6.53E-09,6.60E-09,6.66E-09,6.73E-09,6.47E-09,6.10E-09
-0.452,4.94E-05,4.99E-05,5.04E-05,5.09E-05,1.14E-05,1.15E-05,1.16E-05,1.17E-05,2.86E-06,2.89E-06,2.92E-06,2.94E-06,7.48E-07,7.56E-07,7.63E-07,7.71E-07,2.44E-07,2.47E-07,2.49E-07,2.52E-07,9.73E-08,9.82E-08,9.92E-08,1.00E-07,4.49E-08,4.53E-08,4.58E-08,4.62E-08,1.54E-08,1.56E-08,1.57E-08,1.59E-08,1.07E-08,1.08E-08,1.09E-08,1.10E-08,7.86E-09,7.94E-09,8.02E-09,8.10E-09,6.30E-09,6.36E-09,6.42E-09,6.49E-09,5.78E-09,5.84E-09,5.90E-09,5.95E-09,5.72E-09,5.30E-09
-0.45,4.51E-05,4.55E-05,4.60E-05,4.64E-05,1.03E-05,1.04E-05,1.05E-05,1.06E-05,2.59E-06,2.61E-06,2.64E-06,2.66E-06,6.74E-07,6.81E-07,6.88E-07,6.95E-07,2.09E-07,2.11E-07,2.13E-07,2.15E-07,8.54E-08,8.62E-08,8.71E-08,8.79E-08,3.92E-08,3.96E-08,4.00E-08,4.04E-08,1.36E-08,1.37E-08,1.38E-08,1.40E-08,9.32E-09,9.41E-09,9.51E-09,9.60E-09,6.84E-09,6.91E-09,6.98E-09,7.05E-09,5.42E-09,5.48E-09,5.53E-09,5.59E-09,5.03E-09,5.08E-09,5.13E-09,5.18E-09,4.98E-09,4.51E-09
-0.448,4.07E-05,4.11E-05,4.16E-05,4.20E-05,9.27E-06,9.36E-06,9.45E-06,9.55E-06,2.31E-06,2.34E-06,2.36E-06,2.38E-06,6.01E-07,6.07E-07,6.13E-07,6.19E-07,1.90E-07,1.92E-07,1.94E-07,1.95E-07,7.35E-08,7.42E-08,7.49E-08,7.57E-08,3.53E-08,3.57E-08,3.60E-08,3.64E-08,1.17E-08,1.18E-08,1.19E-08,1.21E-08,7.95E-09,8.03E-09,8.11E-09,8.19E-09,5.83E-09,5.89E-09,5.94E-09,6.00E-09,4.55E-09,4.60E-09,4.64E-09,4.69E-09,4.28E-09,4.32E-09,4.36E-09,4.40E-09,4.23E-09,3.91E-09
-0.446,3.64E-05,3.68E-05,3.71E-05,3.75E-05,8.22E-06,8.31E-06,8.39E-06,8.47E-06,2.04E-06,2.06E-06,2.08E-06,2.10E-06,5.27E-07,5.32E-07,5.37E-07,5.43E-07,1.71E-07,1.72E-07,1.74E-07,1.76E-07,6.43E-08,6.50E-08,6.56E-08,6.62E-08,3.14E-08,3.17E-08,3.20E-08,3.23E-08,9.86E-09,9.96E-09,1.01E-08,1.02E-08,6.91E-09,6.98E-09,7.05E-09,7.12E-09,5.06E-09,5.11E-09,5.16E-09,5.21E-09,4.10E-09,4.14E-09,4.18E-09,4.22E-09,3.71E-09,3.74E-09,3.78E-09,3.82E-09,3.67E-09,3.50E-09
-0.444,3.21E-05,3.24E-05,3.27E-05,3.31E-05,7.18E-06,7.25E-06,7.32E-06,7.40E-06,1.77E-06,1.79E-06,1.81E-06,1.82E-06,4.53E-07,4.58E-07,4.62E-07,4.67E-07,1.51E-07,1.53E-07,1.54E-07,1.56E-07,5.79E-08,5.85E-08,5.91E-08,5.97E-08,2.75E-08,2.78E-08,2.80E-08,2.83E-08,8.90E-09,8.98E-09,9.07E-09,9.16E-09,6.20E-09,6.26E-09,6.32E-09,6.38E-09,4.53E-09,4.58E-09,4.62E-09,4.67E-09,3.65E-09,3.69E-09,3.72E-09,3.76E-09,3.32E-09,3.35E-09,3.38E-09,3.42E-09,3.28E-09,3.09E-09
-0.442,2.95E-05,2.98E-05,3.00E-05,3.03E-05,6.57E-06,6.63E-06,6.70E-06,6.77E-06,1.61E-06,1.63E-06,1.65E-06,1.66E-06,4.12E-07,4.16E-07,4.20E-07,4.24E-07,1.32E-07,1.34E-07,1.35E-07,1.36E-07,5.16E-08,5.21E-08,5.26E-08,5.31E-08,2.36E-08,2.38E-08,2.40E-08,2.43E-08,7.93E-09,8.01E-09,8.09E-09,8.17E-09,5.48E-09,5.53E-09,5.59E-09,5.64E-09,4.01E-09,4.05E-09,4.09E-09,4.13E-09,3.20E-09,3.23E-09,3.26E-09,3.30E-09,2.93E-09,2.96E-09,2.99E-09,3.02E-09,2.90E-09,2.68E-09
-0.44,2.68E-05,2.71E-05,2.74E-05,2.76E-05,5.96E-06,6.02E-06,6.08E-06,6.13E-06,1.46E-06,1.47E-06,1.49E-06,1.50E-06,3.71E-07,3.74E-07,3.78E-07,3.82E-07,1.13E-07,1.14E-07,1.15E-07,1.16E-07,4.52E-08,4.56E-08,4.61E-08,4.65E-08,2.06E-08,2.08E-08,2.10E-08,2.12E-08,6.97E-09,7.04E-09,7.11E-09,7.18E-09,4.76E-09,4.81E-09,4.86E-09,4.91E-09,3.48E-09,3.51E-09,3.55E-09,3.58E-09,2.75E-09,2.78E-09,2.81E-09,2.83E-09,2.54E-09,2.57E-09,2.59E-09,2.62E-09,2.52E-09,2.27E-09
-0.438,2.42E-05,2.44E-05,2.47E-05,2.49E-05,5.34E-06,5.40E-06,5.45E-06,5.50E-06,1.30E-06,1.31E-06,1.33E-06,1.34E-06,3.29E-07,3.33E-07,3.36E-07,3.39E-07,1.02E-07,1.03E-07,1.04E-07,1.05E-07,3.88E-08,3.92E-08,3.96E-08,4.00E-08,1.85E-08,1.87E-08,1.88E-08,1.90E-08,6.00E-09,6.06E-09,6.12E-09,6.18E-09,4.05E-09,4.09E-09,4.13E-09,4.17E-09,2.95E-09,2.98E-09,3.01E-09,3.04E-09,2.30E-09,2.32E-09,2.35E-09,2.37E-09,2.15E-09,2.18E-09,2.20E-09,2.22E-09,2.13E-09,1.97E-09
-0.436,2.15E-05,2.18E-05,2.20E-05,2.22E-05,4.73E-06,4.78E-06,4.83E-06,4.87E-06,1.14E-06,1.16E-06,1.17E-06,1.18E-06,2.88E-07,2.91E-07,2.94E-07,2.97E-07,9.17E-08,9.26E-08,9.36E-08,9.45E-08,3.39E-08,3.42E-08,3.46E-08,3.49E-08,1.64E-08,1.66E-08,1.67E-08,1.69E-08,5.04E-09,5.09E-09,5.14E-09,5.19E-09,3.51E-09,3.54E-09,3.58E-09,3.61E-09,2.56E-09,2.58E-09,2.61E-09,2.63E-09,2.07E-09,2.09E-09,2.11E-09,2.13E-09,1.86E-09,1.88E-09,1.90E-09,1.92E-09,1.84E-09,1.76E-09
-0.434,1.89E-05,1.91E-05,1.93E-05,1.95E-05,4.12E-06,4.16E-06,4.20E-06,4.24E-06,9.87E-07,9.97E-07,1.01E-06,1.02E-06,2.47E-07,2.49E-07,2.52E-07,2.54E-07,8.11E-08,8.19E-08,8.27E-08,8.35E-08,3.05E-08,3.08E-08,3.11E-08,3.14E-08,1.43E-08,1.45E-08,1.46E-08,1.47E-08,4.54E-09,4.59E-09,4.63E-09,4.68E-09,3.14E-09,3.17E-09,3.20E-09,3.24E-09,2.29E-09,2.31E-09,2.33E-09,2.36E-09,1.84E-09,1.86E-09,1.88E-09,1.90E-09,1.67E-09,1.68E-09,1.70E-09,1.72E-09,1.65E-09,1.55E-09
-0.432,1.73E-05,1.75E-05,1.77E-05,1.79E-05,3.76E-06,3.80E-06,3.84E-06,3.88E-06,8.99E-07,9.08E-07,9.17E-07,9.26E-07,2.24E-07,2.26E-07,2.29E-07,2.31E-07,7.04E-08,7.11E-08,7.18E-08,7.26E-08,2.71E-08,2.74E-08,2.76E-08,2.79E-08,1.22E-08,1.24E-08,1.25E-08,1.26E-08,4.04E-09,4.08E-09,4.12E-09,4.17E-09,2.78E-09,2.80E-09,2.83E-09,2.86E-09,2.02E-09,2.04E-09,2.06E-09,2.08E-09,1.61E-09,1.63E-09,1.64E-09,1.66E-09,1.47E-09,1.48E-09,1.50E-09,1.51E-09,1.45E-09,1.34E-09
-0.43,1.58E-05,1.59E-05,1.61E-05,1.63E-05,3.41E-06,3.44E-06,3.48E-06,3.51E-06,8.11E-07,8.19E-07,8.27E-07,8.35E-07,2.01E-07,2.03E-07,2.05E-07,2.07E-07,5.98E-08,6.04E-08,6.10E-08,6.16E-08,2.37E-08,2.39E-08,2.42E-08,2.44E-08,1.07E-08,1.08E-08,1.09E-08,1.10E-08,3.55E-09,3.58E-09,3.62E-09,3.65E-09,2.41E-09,2.43E-09,2.46E-09,2.48E-09,1.75E-09,1.77E-09,1.79E-09,1.80E-09,1.38E-09,1.39E-09,1.41E-09,1.42E-09,1.27E-09,1.28E-09,1.30E-09,1.31E-09,1.26E-09,1.13E-09
-0.428,1.42E-05,1.44E-05,1.45E-05,1.46E-05,3.05E-06,3.08E-06,3.11E-06,3.14E-06,7.22E-07,7.30E-07,7.37E-07,7.44E-07,1.79E-07,1.80E-07,1.82E-07,1.84E-07,5.41E-08,5.47E-08,5.52E-08,5.58E-08,2.03E-08,2.05E-08,2.07E-08,2.09E-08,9.55E-09,9.65E-09,9.74E-09,9.84E-09,3.05E-09,3.08E-09,3.11E-09,3.14E-09,2.04E-09,2.06E-09,2.08E-09,2.10E-09,1.48E-09,1.50E-09,1.51E-09,1.53E-09,1.15E-09,1.16E-09,1.17E-09,1.18E-09,1.08E-09,1.09E-09,1.10E-09,1.11E-09,1.06E-09,9.78E-10
-0.426,1.27E-05,1.28E-05,1.29E-05,1.30E-05,2.70E-06,2.72E-06,2.75E-06,2.78E-06,6.34E-07,6.41E-07,6.47E-07,6.53E-07,1.56E-07,1.57E-07,1.59E-07,1.60E-07,4.85E-08,4.90E-08,4.94E-08,4.99E-08,1.77E-08,1.79E-08,1.81E-08,1.82E-08,8.46E-09,8.54E-09,8.62E-09,8.71E-09,2.55E-09,2.58E-09,2.60E-09,2.63E-09,1.77E-09,1.78E-09,1.80E-09,1.82E-09,1.28E-09,1.29E-09,1.31E-09,1.32E-09,1.03E-09,1.04E-09,1.05E-09,1.06E-09,9.27E-10,9.37E-10,9.46E-10,9.55E-10,9.18E-10,8.74E-10
-0.424,1.11E-05,1.12E-05,1.13E-05,1.14E-05,2.34E-06,2.36E-06,2.39E-06,2.41E-06,5.46E-07,5.51E-07,5.57E-07,5.62E-07,1.33E-07,1.34E-07,1.36E-07,1.37E-07,4.28E-08,4.32E-08,4.37E-08,4.41E-08,1.59E-08,1.61E-08,1.62E-08,1.64E-08,7.36E-09,7.43E-09,7.50E-09,7.58E-09,2.29E-09,2.32E-09,2.34E-09,2.36E-09,1.58E-09,1.59E-09,1.61E-09,1.63E-09,1.14E-09,1.16E-09,1.17E-09,1.18E-09,9.16E-10,9.26E-10,9.35E-10,9.44E-10,8.28E-10,8.36E-10,8.45E-10,8.53E-10,8.20E-10,7.70E-10
-0.422,1.02E-05,1.03E-05,1.04E-05,1.05E-05,2.13E-06,2.16E-06,2.18E-06,2.20E-06,4.96E-07,5.01E-07,5.06E-07,5.11E-07,1.21E-07,1.22E-07,1.23E-07,1.24E-07,3.72E-08,3.75E-08,3.79E-08,3.83E-08,1.41E-08,1.42E-08,1.44E-08,1.45E-08,6.26E-09,6.32E-09,6.38E-09,6.45E-09,2.04E-09,2.06E-09,2.08E-09,2.10E-09,1.39E-09,1.41E-09,1.42E-09,1.43E-09,1.01E-09,1.02E-09,1.03E-09,1.04E-09,8.00E-10,8.08E-10,8.16E-10,8.24E-10,7.29E-10,7.36E-10,7.44E-10,7.51E-10,7.22E-10,6.65E-10
-0.42,9.22E-06,9.31E-06,9.40E-06,9.50E-06,1.93E-06,1.95E-06,1.97E-06,1.99E-06,4.47E-07,4.51E-07,4.56E-07,4.60E-07,1.08E-07,1.09E-07,1.10E-07,1.11E-07,3.15E-08,3.18E-08,3.21E-08,3.24E-08,1.23E-08,1.24E-08,1.25E-08,1.27E-08,5.43E-09,5.48E-09,5.54E-09,5.59E-09,1.78E-09,1.80E-09,1.82E-09,1.84E-09,1.20E-09,1.22E-09,1.23E-09,1.24E-09,8.71E-10,8.80E-10,8.89E-10,8.97E-10,6.83E-10,6.90E-10,6.96E-10,7.03E-10,6.30E-10,6.36E-10,6.42E-10,6.49E-10,6.24E-10,5.61E-10
-0.418,8.28E-06,8.36E-06,8.45E-06,8.53E-06,1.72E-06,1.74E-06,1.76E-06,1.77E-06,3.97E-07,4.01E-07,4.05E-07,4.09E-07,9.58E-08,9.68E-08,9.77E-08,9.87E-08,2.85E-08,2.88E-08,2.90E-08,2.93E-08,1.05E-08,1.06E-08,1.07E-08,1.08E-08,4.86E-09,4.91E-09,4.96E-09,5.01E-09,1.53E-09,1.54E-09,1.56E-09,1.57E-09,1.02E-09,1.03E-09,1.04E-09,1.05E-09,7.34E-10,7.42E-10,7.49E-10,7.56E-10,5.66E-10,5.72E-10,5.77E-10,5.83E-10,5.31E-10,5.36E-10,5.41E-10,5.47E-10,5.25E-10,4.83E-10
-0.416,7.34E-06,7.41E-06,7.49E-06,7.56E-06,1.52E-06,1.53E-06,1.55E-06,1.56E-06,3.48E-07,3.51E-07,3.55E-07,3.58E-07,8.34E-08,8.42E-08,8.51E-08,8.59E-08,2.55E-08,2.57E-08,2.60E-08,2.62E-08,9.11E-09,9.20E-09,9.29E-09,9.38E-09,4.30E-09,4.34E-09,4.39E-09,4.43E-09,1.27E-09,1.28E-09,1.30E-09,1.31E-09,8.77E-10,8.86E-10,8.95E-10,9.03E-10,6.32E-10,6.38E-10,6.45E-10,6.51E-10,5.08E-10,5.13E-10,5.18E-10,5.23E-10,4.56E-10,4.61E-10,4.65E-10,4.70E-10,4.52E-10,4.31E-10
-0.414,6.40E-06,6.46E-06,6.53E-06,6.59E-06,1.31E-06,1.32E-06,1.34E-06,1.35E-06,2.98E-07,3.01E-07,3.04E-07,3.07E-07,7.10E-08,7.17E-08,7.24E-08,7.31E-08,2.24E-08,2.27E-08,2.29E-08,2.31E-08,8.17E-09,8.25E-09,8.34E-09,8.42E-09,3.74E-09,3.77E-09,3.81E-09,3.85E-09,1.14E-09,1.15E-09,1.16E-09,1.18E-09,7.83E-10,7.91E-10,7.99E-10,8.06E-10,5.64E-10,5.70E-10,5.75E-10,5.81E-10,4.50E-10,4.55E-10,4.59E-10,4.64E-10,4.07E-10,4.11E-10,4.15E-10,4.19E-10,4.03E-10,3.79E-10
-0.412,5.85E-06,5.91E-06,5.97E-06,6.03E-06,1.19E-06,1.21E-06,1.22E-06,1.23E-06,2.71E-07,2.73E-07,2.76E-07,2.79E-07,6.43E-08,6.49E-08,6.56E-08,6.62E-08,1.94E-08,1.96E-08,1.98E-08,2.00E-08,7.24E-09,7.31E-09,7.38E-09,7.45E-09,3.17E-09,3.20E-09,3.24E-09,3.27E-09,1.01E-09,1.02E-09,1.03E-09,1.04E-09,6.89E-10,6.96E-10,7.03E-10,7.10E-10,4.96E-10,5.01E-10,5.06E-10,5.11E-10,3.92E-10,3.96E-10,4.00E-10,4.04E-10,3.58E-10,3.61E-10,3.65E-10,3.68E-10,3.54E-10,3.26E-10
-0.41,5.30E-06,5.36E-06,5.41E-06,5.46E-06,1.08E-06,1.09E-06,1.10E-06,1.11E-06,2.43E-07,2.46E-07,2.48E-07,2.50E-07,5.76E-08,5.82E-08,5.88E-08,5.93E-08,1.64E-08,1.66E-08,1.67E-08,1.69E-08,6.30E-09,6.36E-09,6.42E-09,6.49E-09,2.75E-09,2.77E-09,2.80E-09,2.83E-09,8.85E-10,8.94E-10,9.03E-10,9.12E-10,5.95E-10,6.01E-10,6.07E-10,6.13E-10,4.28E-10,4.32E-10,4.37E-10,4.41E-10,3.34E-10,3.37E-10,3.41E-10,3.44E-10,3.08E-10,3.11E-10,3.14E-10,3.17E-10,3.05E-10,2.74E-10
-0.408,4.76E-06,4.80E-06,4.85E-06,4.90E-06,9.61E-07,9.71E-07,9.81E-07,9.90E-07,2.16E-07,2.18E-07,2.20E-07,2.22E-07,5.09E-08,5.14E-08,5.19E-08,5.24E-08,1.48E-08,1.50E-08,1.51E-08,1.53E-08,5.36E-09,5.41E-09,5.47E-09,5.52E-09,2.46E-09,2.48E-09,2.51E-09,2.53E-09,7.57E-10,7.65E-10,7.72E-10,7.80E-10,5.01E-10,5.06E-10,5.11E-10,5.16E-10,3.60E-10,3.64E-10,3.67E-10,3.71E-10,2.76E-10,2.79E-10,2.82E-10,2.84E-10,2.59E-10,2.61E-10,2.64E-10,2.66E-10,2.56E-10,2.35E-10
-0.406,4.21E-06,4.25E-06,4.29E-06,4.33E-06,8.45E-07,8.54E-07,8.62E-07,8.71E-07,1.88E-07,1.90E-07,1.92E-07,1.94E-07,4.42E-08,4.46E-08,4.51E-08,4.55E-08,1.32E-08,1.34E-08,1.35E-08,1.36E-08,4.65E-09,4.69E-09,4.74E-09,4.79E-09,2.17E-09,2.19E-09,2.21E-09,2.24E-09,6.29E-10,6.35E-10,6.42E-10,6.48E-10,4.31E-10,4.35E-10,4.39E-10,4.44E-10,3.09E-10,3.12E-10,3.15E-10,3.18E-10,2.48E-10,2.50E-10,2.53E-10,2.55E-10,2.22E-10,2.24E-10,2.26E-10,2.29E-10,2.20E-10,2.10E-10
-0.404,3.66E-06,3.70E-06,3.73E-06,3.77E-06,7.29E-07,7.36E-07,7.44E-07,7.51E-07,1.61E-07,1.63E-07,1.64E-07,1.66E-07,3.75E-08,3.79E-08,3.83E-08,3.86E-08,1.16E-08,1.17E-08,1.19E-08,1.20E-08,4.16E-09,4.21E-09,4.25E-09,4.29E-09,1.88E-09,1.90E-09,1.92E-09,1.94E-09,5.65E-10,5.70E-10,5.76E-10,5.82E-10,3.84E-10,3.88E-10,3.92E-10,3.96E-10,2.76E-10,2.78E-10,2.81E-10,2.84E-10,2.19E-10,2.21E-10,2.24E-10,2.26E-10,1.98E-10,2.00E-10,2.02E-10,2.04E-10,1.96E-10,1.84E-10
-0.402,3.34E-06,3.38E-06,3.41E-06,3.44E-06,6.63E-07,6.70E-07,6.76E-07,6.83E-07,1.46E-07,1.48E-07,1.49E-07,1.50E-07,3.39E-08,3.43E-08,3.46E-08,3.49E-08,1.00E-08,1.01E-08,1.02E-08,1.03E-08,3.68E-09,3.72E-09,3.75E-09,3.79E-09,1.59E-09,1.61E-09,1.63E-09,1.64E-09,5.01E-10,5.06E-10,5.11E-10,5.16E-10,3.38E-10,3.41E-10,3.44E-10,3.48E-10,2.42E-10,2.44E-10,2.47E-10,2.49E-10,1.91E-10,1.93E-10,1.95E-10,1.97E-10,1.74E-10,1.75E-10,1.77E-10,1.79E-10,1.72E-10,1.58E-10
-0.4,3.02E-06,3.05E-06,3.08E-06,3.11E-06,5.97E-07,6.03E-07,6.09E-07,6.15E-07,1.31E-07,1.32E-07,1.34E-07,1.35E-07,3.03E-08,3.06E-08,3.09E-08,3.13E-08,8.45E-09,8.53E-09,8.62E-09,8.70E-09,3.20E-09,3.23E-09,3.26E-09,3.29E-09,1.38E-09,1.39E-09,1.40E-09,1.42E-09,4.36E-10,4.41E-10,4.45E-10,4.49E-10,2.91E-10,2.94E-10,2.97E-10,3.00E-10,2.08E-10,2.10E-10,2.13E-10,2.15E-10,1.62E-10,1.64E-10,1.66E-10,1.67E-10,1.49E-10,1.51E-10,1.52E-10,1.54E-10,1.48E-10,1.33E-10
-0.398,2.71E-06,2.73E-06,2.76E-06,2.79E-06,5.32E-07,5.37E-07,5.42E-07,5.48E-07,1.16E-07,1.17E-07,1.19E-07,1.20E-07,2.68E-08,2.70E-08,2.73E-08,2.76E-08,7.62E-09,7.70E-09,7.77E-09,7.85E-09,2.71E-09,2.74E-09,2.77E-09,2.79E-09,1.23E-09,1.24E-09,1.25E-09,1.27E-09,3.72E-10,3.76E-10,3.80E-10,3.83E-10,2.44E-10,2.47E-10,2.49E-10,2.52E-10,1.75E-10,1.77E-10,1.78E-10,1.80E-10,1.34E-10,1.35E-10,1.37E-10,1.38E-10,1.25E-10,1.26E-10,1.28E-10,1.29E-10,1.24E-10,1.14E-10
-0.396,2.39E-06,2.41E-06,2.44E-06,2.46E-06,4.66E-07,4.70E-07,4.75E-07,4.80E-07,1.01E-07,1.02E-07,1.03E-07,1.04E-07,2.32E-08,2.34E-08,2.36E-08,2.39E-08,6.79E-09,6.86E-09,6.93E-09,6.99E-09,2.35E-09,2.37E-09,2.39E-09,2.42E-09,1.08E-09,1.09E-09,1.11E-09,1.12E-09,3.08E-10,3.11E-10,3.14E-10,3.17E-10,2.10E-10,2.12E-10,2.14E-10,2.16E-10,1.50E-10,1.51E-10,1.53E-10,1.54E-10,1.20E-10,1.21E-10,1.22E-10,1.24E-10,1.07E-10,1.08E-10,1.09E-10,1.10E-10,1.06E-10,1.01E-10
-0.394,2.07E-06,2.09E-06,2.11E-06,2.13E-06,4.00E-07,4.04E-07,4.08E-07,4.12E-07,8.64E-08,8.73E-08,8.81E-08,8.90E-08,1.96E-08,1.98E-08,2.00E-08,2.02E-08,5.96E-09,6.02E-09,6.08E-09,6.14E-09,2.10E-09,2.12E-09,2.14E-09,2.16E-09,9.37E-10,9.46E-10,9.56E-10,9.65E-10,2.76E-10,2.79E-10,2.82E-10,2.84E-10,1.87E-10,1.89E-10,1.91E-10,1.92E-10,1.33E-10,1.35E-10,1.36E-10,1.37E-10,1.06E-10,1.07E-10,1.08E-10,1.09E-10,9.53E-11,9.62E-11,9.72E-11,9.81E-11,9.43E-11,8.86E-11
-0.392,1.89E-06,1.91E-06,1.93E-06,1.94E-06,3.64E-07,3.67E-07,3.71E-07,3.75E-07,7.83E-08,7.91E-08,7.98E-08,8.06E-08,1.77E-08,1.79E-08,1.81E-08,1.82E-08,5.13E-09,5.18E-09,5.23E-09,5.28E-09,1.85E-09,1.87E-09,1.89E-09,1.91E-09,7.90E-10,7.98E-10,8.06E-10,8.14E-10,2.44E-10,2.47E-10,2.49E-10,2.52E-10,1.64E-10,1.66E-10,1.67E-10,1.69E-10,1.17E-10,1.18E-10,1.19E-10,1.20E-10,9.19E-11,9.28E-11,9.37E-11,9.46E-11,8.35E-11,8.43E-11,8.51E-11,8.60E-11,8.26E-11,7.60E-11
-0.39,1.71E-06,1.72E-06,1.74E-06,1.76E-06,3.27E-07,3.30E-07,3.34E-07,3.37E-07,7.02E-08,7.09E-08,7.16E-08,7.23E-08,1.58E-08,1.60E-08,1.61E-08,1.63E-08,4.30E-09,4.34E-09,4.39E-09,4.43E-09,1.60E-09,1.62E-09,1.63E-09,1.65E-09,6.81E-10,6.87E-10,6.94E-10,7.01E-10,2.13E-10,2.15E-10,2.17E-10,2.19E-10,1.41E-10,1.43E-10,1.44E-10,1.45E-10,1.00E-10,1.01E-10,1.02E-10,1.03E-10,7.78E-11,7.86E-11,7.94E-11,8.02E-11,7.16E-11,7.23E-11,7.31E-11,7.38E-11,7.09E-11,6.34E-11
-0.388,1.52E-06,1.54E-06,1.55E-06,1.57E-06,2.91E-07,2.94E-07,2.97E-07,3.00E-07,6.20E-08,6.27E-08,6.33E-08,6.39E-08,1.39E-08,1.40E-08,1.42E-08,1.43E-08,3.87E-09,3.91E-09,3.95E-09,3.99E-09,1.35E-09,1.37E-09,1.38E-09,1.39E-09,6.08E-10,6.14E-10,6.20E-10,6.26E-10,1.81E-10,1.83E-10,1.84E-10,1.86E-10,1.18E-10,1.20E-10,1.21E-10,1.22E-10,8.39E-11,8.48E-11,8.56E-11,8.64E-11,6.38E-11,6.44E-11,6.51E-11,6.57E-11,5.98E-11,6.04E-11,6.10E-11,6.16E-11,5.92E-11,5.41E-11
-0.386,1.34E-06,1.36E-06,1.37E-06,1.38E-06,2.54E-07,2.57E-07,2.59E-07,2.62E-07,5.39E-08,5.45E-08,5.50E-08,5.55E-08,1.20E-08,1.21E-08,1.22E-08,1.24E-08,3.45E-09,3.48E-09,3.52E-09,3.55E-09,1.17E-09,1.18E-09,1.19E-09,1.20E-09,5.35E-10,5.40E-10,5.45E-10,5.51E-10,1.49E-10,1.50E-10,1.52E-10,1.53E-10,1.01E-10,1.02E-10,1.03E-10,1.04E-10,7.17E-11,7.24E-11,7.32E-11,7.39E-11,5.71E-11,5.77E-11,5.82E-11,5.88E-11,5.11E-11,5.16E-11,5.21E-11,5.26E-11,5.05E-11,4.81E-11
-0.384,1.16E-06,1.17E-06,1.18E-06,1.19E-06,2.18E-07,2.20E-07,2.22E-07,2.25E-07,4.58E-08,4.63E-08,4.67E-08,4.72E-08,1.01E-08,1.02E-08,1.03E-08,1.04E-08,3.02E-09,3.05E-09,3.08E-09,3.11E-09,1.04E-09,1.05E-09,1.06E-09,1.08E-09,4.62E-10,4.66E-10,4.71E-10,4.75E-10,1.33E-10,1.35E-10,1.36E-10,1.37E-10,9.01E-11,9.10E-11,9.19E-11,9.28E-11,6.38E-11,6.44E-11,6.50E-11,6.57E-11,5.04E-11,5.09E-11,5.14E-11,5.19E-11,4.54E-11,4.58E-11,4.63E-11,4.67E-11,4.49E-11,4.21E-11
-0.382,1.06E-06,1.07E-06,1.08E-06,1.09E-06,1.98E-07,2.00E-07,2.02E-07,2.04E-07,4.14E-08,4.19E-08,4.23E-08,4.27E-08,9.11E-09,9.21E-09,9.30E-09,9.39E-09,2.60E-09,2.62E-09,2.65E-09,2.67E-09,9.20E-10,9.29E-10,9.38E-10,9.48E-10,3.89E-10,3.92E-10,3.96E-10,4.00E-10,1.18E-10,1.19E-10,1.20E-10,1.21E-10,7.89E-11,7.97E-11,8.05E-11,8.13E-11,5.58E-11,5.64E-11,5.69E-11,5.75E-11,4.36E-11,4.41E-11,4.45E-11,4.49E-11,3.97E-11,4.00E-11,4.04E-11,4.08E-11,3.93E-11,3.60E-11
-0.38,9.53E-07,9.62E-07,9.72E-07,9.81E-07,1.78E-07,1.79E-07,1.81E-07,1.83E-07,3.71E-08,3.75E-08,3.78E-08,3.82E-08,8.13E-09,8.21E-09,8.29E-09,8.37E-09,2.17E-09,2.19E-09,2.21E-09,2.24E-09,7.96E-10,8.04E-10,8.12E-10,8.20E-10,3.34E-10,3.37E-10,3.41E-10,3.44E-10,1.02E-10,1.03E-10,1.04E-10,1.05E-10,6.77E-11,6.83E-11,6.90E-11,6.97E-11,4.78E-11,4.83E-11,4.88E-11,4.93E-11,3.69E-11,3.73E-11,3.77E-11,3.80E-11,3.40E-11,3.43E-11,3.46E-11,3.50E-11,3.36E-11,3.00E-11
-0.378,8.49E-07,8.58E-07,8.66E-07,8.75E-07,1.57E-07,1.59E-07,1.61E-07,1.62E-07,3.27E-08,3.30E-08,3.34E-08,3.37E-08,7.14E-09,7.21E-09,7.28E-09,7.36E-09,1.95E-09,1.97E-09,1.99E-09,2.01E-09,6.72E-10,6.79E-10,6.85E-10,6.92E-10,2.98E-10,3.01E-10,3.04E-10,3.07E-10,8.68E-11,8.77E-11,8.86E-11,8.94E-11,5.64E-11,5.70E-11,5.75E-11,5.81E-11,3.99E-11,4.03E-11,4.07E-11,4.11E-11,3.02E-11,3.05E-11,3.08E-11,3.11E-11,2.83E-11,2.85E-11,2.88E-11,2.91E-11,2.80E-11,2.56E-11
-0.376,7.46E-07,7.53E-07,7.61E-07,7.68E-07,1.37E-07,1.39E-07,1.40E-07,1.41E-07,2.84E-08,2.86E-08,2.89E-08,2.92E-08,6.16E-09,6.22E-09,6.28E-09,6.34E-09,1.73E-09,1.75E-09,1.77E-09,1.79E-09,5.79E-10,5.85E-10,5.90E-10,5.96E-10,2.62E-10,2.64E-10,2.67E-10,2.69E-10,7.13E-11,7.20E-11,7.27E-11,7.34E-11,4.81E-11,4.86E-11,4.91E-11,4.96E-11,3.40E-11,3.43E-11,3.47E-11,3.50E-11,2.70E-11,2.72E-11,2.75E-11,2.78E-11,2.41E-11,2.43E-11,2.45E-11,2.48E-11,2.38E-11,2.27E-11
-0.374,6.42E-07,6.48E-07,6.55E-07,6.61E-07,1.17E-07,1.18E-07,1.19E-07,1.21E-07,2.40E-08,2.42E-08,2.45E-08,2.47E-08,5.17E-09,5.22E-09,5.27E-09,5.33E-09,1.52E-09,1.53E-09,1.55E-09,1.56E-09,5.16E-10,5.22E-10,5.27E-10,5.32E-10,2.25E-10,2.28E-10,2.30E-10,2.32E-10,6.38E-11,6.44E-11,6.51E-11,6.57E-11,4.27E-11,4.32E-11,4.36E-11,4.40E-11,3.02E-11,3.05E-11,3.08E-11,3.11E-11,2.38E-11,2.40E-11,2.42E-11,2.45E-11,2.14E-11,2.16E-11,2.18E-11,2.20E-11,2.11E-11,1.98E-11
-0.372,5.84E-07,5.90E-07,5.96E-07,6.02E-07,1.06E-07,1.07E-07,1.08E-07,1.09E-07,2.17E-08,2.19E-08,2.21E-08,2.23E-08,4.66E-09,4.70E-09,4.75E-09,4.80E-09,1.30E-09,1.31E-09,1.32E-09,1.34E-09,4.54E-10,4.59E-10,4.63E-10,4.68E-10,1.89E-10,1.91E-10,1.93E-10,1.95E-10,5.63E-11,5.69E-11,5.74E-11,5.80E-11,3.74E-11,3.77E-11,3.81E-11,3.85E-11,2.64E-11,2.66E-11,2.69E-11,2.71E-11,2.05E-11,2.07E-11,2.10E-11,2.12E-11,1.87E-11,1.88E-11,1.90E-11,1.92E-11,1.85E-11,1.69E-11
-0.37,5.26E-07,5.31E-07,5.37E-07,5.42E-07,9.51E-08,9.61E-08,9.70E-08,9.80E-08,1.94E-08,1.96E-08,1.97E-08,1.99E-08,4.15E-09,4.19E-09,4.23E-09,4.27E-09,1.08E-09,1.09E-09,1.10E-09,1.11E-09,3.92E-10,3.96E-10,3.99E-10,4.03E-10,1.62E-10,1.64E-10,1.65E-10,1.67E-10,4.88E-11,4.93E-11,4.98E-11,5.03E-11,3.20E-11,3.23E-11,3.26E-11,3.29E-11,2.25E-11,2.28E-11,2.30E-11,2.32E-11,1.73E-11,1.75E-11,1.77E-11,1.78E-11,1.60E-11,1.61E-11,1.63E-11,1.64E-11,1.58E-11,1.40E-11
-0.368,4.68E-07,4.73E-07,4.77E-07,4.82E-07,8.42E-08,8.50E-08,8.59E-08,8.67E-08,1.70E-08,1.72E-08,1.74E-08,1.76E-08,3.63E-09,3.67E-09,3.71E-09,3.74E-09,9.71E-10,9.81E-10,9.90E-10,1.00E-09,3.29E-10,3.32E-10,3.36E-10,3.39E-10,1.44E-10,1.46E-10,1.47E-10,1.49E-10,4.13E-11,4.17E-11,4.21E-11,4.25E-11,2.66E-11,2.69E-11,2.71E-11,2.74E-11,1.87E-11,1.89E-11,1.91E-11,1.93E-11,1.41E-11,1.42E-11,1.44E-11,1.45E-11,1.33E-11,1.34E-11,1.35E-11,1.36E-11,1.31E-11,1.19E-11
-0.366,4.10E-07,4.14E-07,4.18E-07,4.22E-07,7.32E-08,7.40E-08,7.47E-08,7.54E-08,1.47E-08,1.49E-08,1.50E-08,1.52E-08,3.12E-09,3.15E-09,3.18E-09,3.22E-09,8.62E-10,8.70E-10,8.79E-10,8.87E-10,2.83E-10,2.85E-10,2.88E-10,2.91E-10,1.26E-10,1.28E-10,1.29E-10,1.30E-10,3.38E-11,3.41E-11,3.45E-11,3.48E-11,2.26E-11,2.29E-11,2.31E-11,2.33E-11,1.59E-11,1.61E-11,1.62E-11,1.64E-11,1.26E-11,1.27E-11,1.28E-11,1.30E-11,1.13E-11,1.14E-11,1.15E-11,1.16E-11,1.11E-11,1.06E-11
-0.364,3.52E-07,3.56E-07,3.59E-07,3.63E-07,6.23E-08,6.29E-08,6.35E-08,6.42E-08,1.24E-08,1.25E-08,1.26E-08,1.28E-08,2.61E-09,2.64E-09,2.66E-09,2.69E-09,7.52E-10,7.60E-10,7.67E-10,7.75E-10,2.52E-10,2.54E-10,2.57E-10,2.59E-10,1.09E-10,1.10E-10,1.11E-10,1.12E-10,3.02E-11,3.05E-11,3.08E-11,3.11E-11,2.01E-11,2.03E-11,2.05E-11,2.07E-11,1.41E-11,1.42E-11,1.44E-11,1.45E-11,1.11E-11,1.12E-11,1.13E-11,1.14E-11,9.97E-12,1.01E-11,1.02E-11,1.03E-11,9.87E-12,9.21E-12
-0.362,3.20E-07,3.23E-07,3.26E-07,3.29E-07,5.64E-08,5.70E-08,5.75E-08,5.81E-08,1.12E-08,1.13E-08,1.14E-08,1.15E-08,2.35E-09,2.37E-09,2.40E-09,2.42E-09,6.43E-10,6.50E-10,6.56E-10,6.62E-10,2.21E-10,2.23E-10,2.25E-10,2.28E-10,9.07E-11,9.16E-11,9.25E-11,9.34E-11,2.66E-11,2.69E-11,2.71E-11,2.74E-11,1.76E-11,1.77E-11,1.79E-11,1.81E-11,1.23E-11,1.24E-11,1.26E-11,1.27E-11,9.56E-12,9.65E-12,9.75E-12,9.84E-12,8.69E-12,8.77E-12,8.86E-12,8.95E-12,8.60E-12,7.85E-12
-0.36,2.88E-07,2.90E-07,2.93E-07,2.96E-07,5.05E-08,5.10E-08,5.15E-08,5.20E-08,9.99E-09,1.01E-08,1.02E-08,1.03E-08,2.09E-09,2.11E-09,2.13E-09,2.15E-09,5.34E-10,5.39E-10,5.45E-10,5.50E-10,1.90E-10,1.92E-10,1.94E-10,1.96E-10,7.75E-11,7.83E-11,7.91E-11,7.98E-11,2.30E-11,2.32E-11,2.35E-11,2.37E-11,1.50E-11,1.52E-11,1.53E-11,1.55E-11,1.05E-11,1.06E-11,1.07E-11,1.08E-11,8.04E-12,8.12E-12,8.20E-12,8.29E-12,7.40E-12,7.47E-12,7.55E-12,7.62E-12,7.33E-12,6.50E-12
-0.358,2.55E-07,2.58E-07,2.61E-07,2.63E-07,4.46E-08,4.50E-08,4.55E-08,4.59E-08,8.78E-09,8.87E-09,8.96E-09,9.05E-09,1.83E-09,1.85E-09,1.87E-09,1.88E-09,4.79E-10,4.84E-10,4.89E-10,4.94E-10,1.59E-10,1.61E-10,1.63E-10,1.64E-10,6.89E-11,6.96E-11,7.03E-11,7.10E-11,1.94E-11,1.96E-11,1.98E-11,2.00E-11,1.25E-11,1.26E-11,1.27E-11,1.28E-11,8.71E-12,8.80E-12,8.88E-12,8.97E-12,6.53E-12,6.60E-12,6.66E-12,6.73E-12,6.11E-12,6.17E-12,6.24E-12,6.30E-12,6.05E-12,5.50E-12
-0.356,2.23E-07,2.25E-07,2.28E-07,2.30E-07,3.87E-08,3.91E-08,3.95E-08,3.99E-08,7.58E-09,7.65E-09,7.73E-09,7.80E-09,1.57E-09,1.59E-09,1.60E-09,1.62E-09,4.24E-10,4.29E-10,4.33E-10,4.37E-10,1.37E-10,1.38E-10,1.39E-10,1.41E-10,6.03E-11,6.09E-11,6.15E-11,6.21E-11,1.58E-11,1.60E-11,1.61E-11,1.63E-11,1.06E-11,1.07E-11,1.08E-11,1.09E-11,7.39E-12,7.46E-12,7.53E-12,7.61E-12,5.82E-12,5.88E-12,5.94E-12,6.00E-12,5.17E-12,5.22E-12,5.28E-12,5.33E-12,5.12E-12,4.87E-12
-0.354,1.91E-07,1.93E-07,1.95E-07,1.97E-07,3.28E-08,3.31E-08,3.35E-08,3.38E-08,6.37E-09,6.43E-09,6.50E-09,6.56E-09,1.31E-09,1.32E-09,1.34E-09,1.35E-09,3.70E-10,3.73E-10,3.77E-10,3.81E-10,1.22E-10,1.23E-10,1.24E-10,1.25E-10,5.17E-11,5.22E-11,5.27E-11,5.33E-11,1.41E-11,1.42E-11,1.44E-11,1.45E-11,9.38E-12,9.48E-12,9.57E-12,9.66E-12,6.54E-12,6.61E-12,6.67E-12,6.74E-12,5.11E-12,5.17E-12,5.22E-12,5.27E-12,4.58E-12,4.62E-12,4.67E-12,4.72E-12,4.53E-12,4.24E-12
-0.352,1.73E-07,1.75E-07,1.77E-07,1.78E-07,2.97E-08,3.00E-08,3.03E-08,3.05E-08,5.74E-09,5.80E-09,5.86E-09,5.91E-09,1.18E-09,1.19E-09,1.20E-09,1.21E-09,3.15E-10,3.18E-10,3.21E-10,3.24E-10,1.07E-10,1.08E-10,1.09E-10,1.10E-10,4.31E-11,4.35E-11,4.40E-11,4.44E-11,1.24E-11,1.25E-11,1.27E-11,1.28E-11,8.17E-12,8.25E-12,8.33E-12,8.42E-12,5.70E-12,5.75E-12,5.81E-12,5.87E-12,4.41E-12,4.45E-12,4.49E-12,4.54E-12,3.99E-12,4.02E-12,4.06E-12,4.10E-12,3.95E-12,3.61E-12
-0.35,1.55E-07,1.57E-07,1.59E-07,1.60E-07,2.65E-08,2.68E-08,2.71E-08,2.73E-08,5.11E-09,5.17E-09,5.22E-09,5.27E-09,1.04E-09,1.05E-09,1.07E-09,1.08E-09,2.60E-10,2.63E-10,2.65E-10,2.68E-10,9.15E-11,9.24E-11,9.33E-11,9.42E-11,3.67E-11,3.71E-11,3.75E-11,3.78E-11,1.07E-11,1.08E-11,1.09E-11,1.10E-11,6.96E-12,7.03E-12,7.10E-12,7.17E-12,4.85E-12,4.90E-12,4.95E-12,4.99E-12,3.70E-12,3.73E-12,3.77E-12,3.81E-12,3.39E-12,3.42E-12,3.46E-12,3.49E-12,3.36E-12,2.98E-12
-0.348,1.38E-07,1.39E-07,1.40E-07,1.42E-07,2.34E-08,2.36E-08,2.38E-08,2.41E-08,4.49E-09,4.53E-09,4.58E-09,4.62E-09,9.12E-10,9.21E-10,9.30E-10,9.39E-10,2.33E-10,2.36E-10,2.38E-10,2.40E-10,7.65E-11,7.73E-11,7.80E-11,7.88E-11,3.26E-11,3.29E-11,3.33E-11,3.36E-11,9.02E-12,9.11E-12,9.20E-12,9.29E-12,5.75E-12,5.80E-12,5.86E-12,5.92E-12,4.00E-12,4.04E-12,4.08E-12,4.12E-12,2.99E-12,3.02E-12,3.05E-12,3.08E-12,2.80E-12,2.82E-12,2.85E-12,2.88E-12,2.77E-12,2.51E-12
-0.346,1.20E-07,1.21E-07,1.22E-07,1.23E-07,2.02E-08,2.04E-08,2.06E-08,2.08E-08,3.86E-09,3.90E-09,3.94E-09,3.97E-09,7.79E-10,7.87E-10,7.94E-10,8.02E-10,2.06E-10,2.08E-10,2.11E-10,2.13E-10,6.54E-11,6.60E-11,6.67E-11,6.73E-11,2.85E-11,2.88E-11,2.91E-11,2.94E-11,7.33E-12,7.40E-12,7.48E-12,7.55E-12,4.86E-12,4.91E-12,4.96E-12,5.01E-12,3.39E-12,3.42E-12,3.45E-12,3.49E-12,2.66E-12,2.69E-12,2.72E-12,2.74E-12,2.36E-12,2.39E-12,2.41E-12,2.43E-12,2.34E-12,2.22E-12
-0.344,1.02E-07,1.03E-07,1.04E-07,1.05E-07,1.71E-08,1.73E-08,1.74E-08,1.76E-08,3.23E-09,3.26E-09,3.29E-09,3.33E-09,6.46E-10,6.52E-10,6.59E-10,6.65E-10,1.80E-10,1.81E-10,1.83E-10,1.85E-10,5.81E-11,5.87E-11,5.93E-11,5.99E-11,2.44E-11,2.46E-11,2.49E-11,2.51E-11,6.54E-12,6.60E-12,6.67E-12,6.73E-12,4.30E-12,4.35E-12,4.39E-12,4.43E-12,3.00E-12,3.02E-12,3.05E-12,3.08E-12,2.33E-12,2.36E-12,2.38E-12,2.40E-12,2.09E-12,2.11E-12,2.13E-12,2.15E-12,2.07E-12,1.93E-12
-0.342,9.24E-08,9.34E-08,9.43E-08,9.52E-08,1.54E-08,1.56E-08,1.57E-08,1.59E-08,2.91E-09,2.94E-09,2.97E-09,3.00E-09,5.80E-10,5.86E-10,5.92E-10,5.97E-10,1.53E-10,1.54E-10,1.56E-10,1.57E-10,5.09E-11,5.14E-11,5.19E-11,5.24E-11,2.03E-11,2.05E-11,2.07E-11,2.09E-11,5.74E-12,5.80E-12,5.86E-12,5.91E-12,3.75E-12,3.78E-12,3.82E-12,3.86E-12,2.61E-12,2.63E-12,2.66E-12,2.68E-12,2.01E-12,2.03E-12,2.05E-12,2.07E-12,1.82E-12,1.83E-12,1.85E-12,1.87E-12,1.80E-12,1.64E-12
-0.34,8.29E-08,8.37E-08,8.45E-08,8.54E-08,1.38E-08,1.39E-08,1.41E-08,1.42E-08,2.59E-09,2.61E-09,2.64E-09,2.66E-09,5.14E-10,5.19E-10,5.24E-10,5.29E-10,1.26E-10,1.27E-10,1.29E-10,1.30E-10,4.36E-11,4.40E-11,4.45E-11,4.49E-11,1.72E-11,1.74E-11,1.76E-11,1.77E-11,4.95E-12,5.00E-12,5.05E-12,5.10E-12,3.19E-12,3.22E-12,3.25E-12,3.28E-12,2.22E-12,2.24E-12,2.26E-12,2.28E-12,1.68E-12,1.69E-12,1.71E-12,1.73E-12,1.54E-12,1.56E-12,1.57E-12,1.59E-12,1.53E-12,1.35E-12
-0.338,7.33E-08,7.41E-08,7.48E-08,7.55E-08,1.21E-08,1.22E-08,1.24E-08,1.25E-08,2.26E-09,2.29E-09,2.31E-09,2.33E-09,4.48E-10,4.52E-10,4.57E-10,4.61E-10,1.13E-10,1.14E-10,1.15E-10,1.16E-10,3.63E-11,3.67E-11,3.71E-11,3.74E-11,1.53E-11,1.54E-11,1.56E-11,1.57E-11,4.15E-12,4.20E-12,4.24E-12,4.28E-12,2.63E-12,2.66E-12,2.68E-12,2.71E-12,1.83E-12,1.84E-12,1.86E-12,1.88E-12,1.35E-12,1.36E-12,1.38E-12,1.39E-12,1.27E-12,1.28E-12,1.29E-12,1.31E-12,1.25E-12,1.13E-12
-0.336,6.38E-08,6.44E-08,6.50E-08,6.57E-08,1.05E-08,1.06E-08,1.07E-08,1.08E-08,1.94E-09,1.96E-09,1.98E-09,2.00E-09,3.82E-10,3.86E-10,3.90E-10,3.93E-10,9.96E-11,1.01E-10,1.02E-10,1.03E-10,3.10E-11,3.13E-11,3.16E-11,3.19E-11,1.33E-11,1.35E-11,1.36E-11,1.37E-11,3.36E-12,3.39E-12,3.43E-12,3.46E-12,2.22E-12,2.24E-12,2.27E-12,2.29E-12,1.54E-12,1.56E-12,1.57E-12,1.59E-12,1.20E-12,1.21E-12,1.23E-12,1.24E-12,1.07E-12,1.08E-12,1.09E-12,1.10E-12,1.06E-12,1.00E-12
-0.334,5.42E-08,5.47E-08,5.53E-08,5.58E-08,8.80E-09,8.89E-09,8.98E-09,9.06E-09,1.62E-09,1.64E-09,1.65E-09,1.67E-09,3.16E-10,3.19E-10,3.22E-10,3.25E-10,8.64E-11,8.73E-11,8.81E-11,8.90E-11,2.75E-11,2.78E-11,2.80E-11,2.83E-11,1.14E-11,1.15E-11,1.16E-11,1.17E-11,2.99E-12,3.02E-12,3.05E-12,3.08E-12,1.96E-12,1.98E-12,2.00E-12,2.02E-12,1.36E-12,1.37E-12,1.39E-12,1.40E-12,1.05E-12,1.06E-12,1.07E-12,1.08E-12,9.42E-13,9.52E-13,9.61E-13,9.70E-13,9.33E-13,8.69E-13
-0.332,4.91E-08,4.96E-08,5.00E-08,5.05E-08,7.94E-09,8.02E-09,8.09E-09,8.17E-09,1.46E-09,1.47E-09,1.49E-09,1.50E-09,2.83E-10,2.86E-10,2.89E-10,2.92E-10,7.32E-11,7.39E-11,7.47E-11,7.54E-11,2.40E-11,2.42E-11,2.45E-11,2.47E-11,9.43E-12,9.53E-12,9.62E-12,9.72E-12,2.63E-12,2.65E-12,2.68E-12,2.71E-12,1.71E-12,1.72E-12,1.74E-12,1.76E-12,1.18E-12,1.19E-12,1.20E-12,1.22E-12,9.04E-13,9.13E-13,9.22E-13,9.31E-13,8.17E-13,8.25E-13,8.33E-13,8.42E-13,8.09E-13,7.37E-13
-0.33,4.39E-08,4.44E-08,4.48E-08,4.52E-08,7.07E-09,7.14E-09,7.21E-09,7.28E-09,1.29E-09,1.31E-09,1.32E-09,1.33E-09,2.51E-10,2.53E-10,2.56E-10,2.58E-10,6.00E-11,6.06E-11,6.12E-11,6.18E-11,2.05E-11,2.07E-11,2.09E-11,2.11E-11,8.00E-12,8.08E-12,8.16E-12,8.24E-12,2.26E-12,2.28E-12,2.31E-12,2.33E-12,1.45E-12,1.46E-12,1.48E-12,1.49E-12,1.00E-12,1.01E-12,1.02E-12,1.03E-12,7.55E-13,7.62E-13,7.70E-13,7.77E-13,6.92E-13,6.99E-13,7.06E-13,7.13E-13,6.85E-13,6.04E-13
-0.328,3.88E-08,3.92E-08,3.96E-08,3.99E-08,6.21E-09,6.27E-09,6.33E-09,6.39E-09,1.13E-09,1.14E-09,1.15E-09,1.16E-09,2.18E-10,2.20E-10,2.23E-10,2.25E-10,5.37E-11,5.42E-11,5.48E-11,5.53E-11,1.70E-11,1.72E-11,1.74E-11,1.76E-11,7.09E-12,7.16E-12,7.23E-12,7.30E-12,1.90E-12,1.91E-12,1.93E-12,1.95E-12,1.19E-12,1.20E-12,1.21E-12,1.22E-12,8.20E-13,8.28E-13,8.36E-13,8.45E-13,6.06E-13,6.12E-13,6.18E-13,6.24E-13,5.67E-13,5.72E-13,5.78E-13,5.84E-13,5.61E-13,5.08E-13
-0.326,3.36E-08,3.40E-08,3.43E-08,3.46E-08,5.34E-09,5.40E-09,5.45E-09,5.50E-09,9.67E-10,9.77E-10,9.87E-10,9.96E-10,1.86E-10,1.87E-10,1.89E-10,1.91E-10,4.74E-11,4.78E-11,4.83E-11,4.88E-11,1.45E-11,1.46E-11,1.48E-11,1.49E-11,6.18E-12,6.24E-12,6.30E-12,6.36E-12,1.53E-12,1.55E-12,1.56E-12,1.58E-12,1.00E-12,1.01E-12,1.02E-12,1.03E-12,6.89E-13,6.96E-13,7.03E-13,7.10E-13,5.39E-13,5.44E-13,5.49E-13,5.55E-13,4.76E-13,4.81E-13,4.85E-13,4.90E-13,4.71E-13,4.48E-13
-0.324,2.85E-08,2.88E-08,2.91E-08,2.94E-08,4.48E-09,4.52E-09,4.57E-09,4.61E-09,8.04E-10,8.12E-10,8.20E-10,8.28E-10,1.53E-10,1.55E-10,1.56E-10,1.58E-10,4.10E-11,4.15E-11,4.19E-11,4.23E-11,1.28E-11,1.30E-11,1.31E-11,1.32E-11,5.26E-12,5.31E-12,5.37E-12,5.42E-12,1.36E-12,1.37E-12,1.39E-12,1.40E-12,8.84E-13,8.93E-13,9.02E-13,9.10E-13,6.08E-13,6.14E-13,6.20E-13,6.26E-13,4.71E-13,4.76E-13,4.81E-13,4.85E-13,4.20E-13,4.24E-13,4.28E-13,4.32E-13,4.16E-13,3.88E-13
-0.322,2.58E-08,2.60E-08,2.63E-08,2.65E-08,4.04E-09,4.08E-09,4.12E-09,4.16E-09,7.22E-10,7.29E-10,7.37E-10,7.44E-10,1.37E-10,1.38E-10,1.40E-10,1.41E-10,3.47E-11,3.51E-11,3.54E-11,3.58E-11,1.12E-11,1.13E-11,1.14E-11,1.15E-11,4.35E-12,4.39E-12,4.43E-12,4.48E-12,1.19E-12,1.20E-12,1.22E-12,1.23E-12,7.67E-13,7.74E-13,7.82E-13,7.89E-13,5.27E-13,5.32E-13,5.38E-13,5.43E-13,4.04E-13,4.08E-13,4.12E-13,4.16E-13,3.64E-13,3.67E-13,3.71E-13,3.74E-13,3.60E-13,3.28E-13
-0.32,2.30E-08,2.33E-08,2.35E-08,2.37E-08,3.59E-09,3.63E-09,3.66E-09,3.70E-09,6.40E-10,6.47E-10,6.53E-10,6.60E-10,1.21E-10,1.22E-10,1.24E-10,1.25E-10,2.84E-11,2.87E-11,2.90E-11,2.93E-11,9.55E-12,9.65E-12,9.74E-12,9.84E-12,3.68E-12,3.71E-12,3.75E-12,3.79E-12,1.02E-12,1.03E-12,1.04E-12,1.05E-12,6.49E-13,6.56E-13,6.62E-13,6.69E-13,4.46E-13,4.50E-13,4.55E-13,4.59E-13,3.36E-13,3.40E-13,3.43E-13,3.46E-13,3.07E-13,3.10E-13,3.13E-13,3.17E-13,3.04E-13,2.68E-13
-0.318,2.03E-08,2.05E-08,2.07E-08,2.09E-08,3.15E-09,3.18E-09,3.21E-09,3.24E-09,5.59E-10,5.64E-10,5.70E-10,5.75E-10,1.05E-10,1.06E-10,1.07E-10,1.08E-10,2.54E-11,2.56E-11,2.59E-11,2.61E-11,7.91E-12,7.99E-12,8.07E-12,8.15E-12,3.25E-12,3.29E-12,3.32E-12,3.35E-12,8.53E-13,8.62E-13,8.70E-13,8.79E-13,5.32E-13,5.37E-13,5.42E-13,5.48E-13,3.65E-13,3.68E-13,3.72E-13,3.76E-13,2.69E-13,2.72E-13,2.74E-13,2.77E-13,2.51E-13,2.54E-13,2.56E-13,2.59E-13,2.49E-13,2.25E-13
-0.316,1.75E-08,1.77E-08,1.79E-08,1.81E-08,2.70E-09,2.73E-09,2.76E-09,2.79E-09,4.77E-10,4.82E-10,4.86E-10,4.91E-10,8.92E-11,9.01E-11,9.10E-11,9.19E-11,2.24E-11,2.26E-11,2.28E-11,2.30E-11,6.71E-12,6.77E-12,6.84E-12,6.91E-12,2.83E-12,2.86E-12,2.89E-12,2.91E-12,6.84E-13,6.91E-13,6.98E-13,7.05E-13,4.47E-13,4.51E-13,4.56E-13,4.60E-13,3.06E-13,3.09E-13,3.12E-13,3.15E-13,2.39E-13,2.41E-13,2.44E-13,2.46E-13,2.10E-13,2.13E-13,2.15E-13,2.17E-13,2.08E-13,1.98E-13
-0.314,1.48E-08,1.49E-08,1.51E-08,1.52E-08,2.26E-09,2.28E-09,2.31E-09,2.33E-09,3.95E-10,3.99E-10,4.03E-10,4.07E-10,7.33E-11,7.40E-11,7.48E-11,7.55E-11,1.93E-11,1.95E-11,1.97E-11,1.99E-11,5.94E-12,6.00E-12,6.06E-12,6.12E-12,2.41E-12,2.43E-12,2.45E-12,2.48E-12,6.08E-13,6.14E-13,6.20E-13,6.26E-13,3.94E-13,3.98E-13,4.02E-13,4.06E-13,2.70E-13,2.72E-13,2.75E-13,2.78E-13,2.09E-13,2.11E-13,2.13E-13,2.15E-13,1.85E-13,1.87E-13,1.89E-13,1.91E-13,1.83E-13,1.71E-13
-0.312,1.34E-08,1.35E-08,1.36E-08,1.38E-08,2.03E-09,2.05E-09,2.07E-09,2.10E-09,3.54E-10,3.58E-10,3.61E-10,3.65E-10,6.56E-11,6.62E-11,6.69E-11,6.75E-11,1.63E-11,1.65E-11,1.66E-11,1.68E-11,5.17E-12,5.22E-12,5.27E-12,5.33E-12,1.98E-12,2.00E-12,2.02E-12,2.04E-12,5.32E-13,5.37E-13,5.43E-13,5.48E-13,3.41E-13,3.44E-13,3.48E-13,3.51E-13,2.34E-13,2.36E-13,2.38E-13,2.41E-13,1.78E-13,1.80E-13,1.82E-13,1.84E-13,1.60E-13,1.62E-13,1.63E-13,1.65E-13,1.59E-13,1.44E-13
-0.31,1.19E-08,1.20E-08,1.22E-08,1.23E-08,1.81E-09,1.83E-09,1.84E-09,1.86E-09,3.14E-10,3.17E-10,3.20E-10,3.23E-10,5.79E-11,5.84E-11,5.90E-11,5.96E-11,1.33E-11,1.34E-11,1.36E-11,1.37E-11,4.40E-12,4.45E-12,4.49E-12,4.53E-12,1.67E-12,1.69E-12,1.71E-12,1.72E-12,4.56E-13,4.61E-13,4.65E-13,4.70E-13,2.88E-13,2.91E-13,2.94E-13,2.97E-13,1.97E-13,1.99E-13,2.01E-13,2.03E-13,1.48E-13,1.50E-13,1.51E-13,1.53E-13,1.35E-13,1.37E-13,1.38E-13,1.39E-13,1.34E-13,1.17E-13
-0.308,1.05E-08,1.06E-08,1.07E-08,1.08E-08,1.58E-09,1.60E-09,1.61E-09,1.63E-09,2.73E-10,2.76E-10,2.79E-10,2.81E-10,5.01E-11,5.06E-11,5.11E-11,5.16E-11,1.19E-11,1.20E-11,1.21E-11,1.22E-11,3.63E-12,3.67E-12,3.71E-12,3.74E-12,1.48E-12,1.49E-12,1.51E-12,1.52E-12,3.80E-13,3.84E-13,3.88E-13,3.91E-13,2.35E-13,2.38E-13,2.40E-13,2.42E-13,1.61E-13,1.63E-13,1.64E-13,1.66E-13,1.18E-13,1.19E-13,1.20E-13,1.22E-13,1.10E-13,1.11E-13,1.12E-13,1.13E-13,1.09E-13,9.81E-14
-0.306,9.03E-09,9.12E-09,9.21E-09,9.30E-09,1.36E-09,1.37E-09,1.38E-09,1.40E-09,2.33E-10,2.35E-10,2.37E-10,2.40E-10,4.24E-11,4.28E-11,4.33E-11,4.37E-11,1.04E-11,1.05E-11,1.06E-11,1.07E-11,3.07E-12,3.10E-12,3.13E-12,3.16E-12,1.28E-12,1.29E-12,1.31E-12,1.32E-12,3.04E-13,3.07E-13,3.10E-13,3.13E-13,1.97E-13,1.99E-13,2.01E-13,2.03E-13,1.35E-13,1.36E-13,1.38E-13,1.39E-13,1.05E-13,1.06E-13,1.07E-13,1.08E-13,9.20E-14,9.29E-14,9.38E-14,9.47E-14,9.11E-14,8.63E-14
-0.304,7.59E-09,7.67E-09,7.74E-09,7.82E-09,1.13E-09,1.14E-09,1.15E-09,1.16E-09,1.92E-10,1.94E-10,1.96E-10,1.98E-10,3.47E-11,3.50E-11,3.54E-11,3.57E-11,8.99E-12,9.08E-12,9.17E-12,9.26E-12,2.72E-12,2.74E-12,2.77E-12,2.80E-12,1.09E-12,1.10E-12,1.11E-12,1.12E-12,2.70E-13,2.72E-13,2.75E-13,2.78E-13,1.74E-13,1.75E-13,1.77E-13,1.79E-13,1.19E-13,1.20E-13,1.21E-13,1.22E-13,9.12E-14,9.22E-14,9.31E-14,9.40E-14,8.09E-14,8.17E-14,8.25E-14,8.33E-14,8.01E-14,7.46E-14
-0.302,6.84E-09,6.91E-09,6.98E-09,7.05E-09,1.02E-09,1.03E-09,1.04E-09,1.05E-09,1.72E-10,1.74E-10,1.75E-10,1.77E-10,3.10E-11,3.13E-11,3.16E-11,3.20E-11,7.56E-12,7.63E-12,7.71E-12,7.78E-12,2.36E-12,2.38E-12,2.41E-12,2.43E-12,8.92E-13,9.01E-13,9.09E-13,9.18E-13,2.36E-13,2.38E-13,2.40E-13,2.43E-13,1.50E-13,1.52E-13,1.53E-13,1.55E-13,1.03E-13,1.04E-13,1.05E-13,1.06E-13,7.79E-14,7.86E-14,7.94E-14,8.02E-14,6.99E-14,7.05E-14,7.12E-14,7.19E-14,6.92E-14,6.28E-14
-0.3,6.10E-09,6.16E-09,6.22E-09,6.28E-09,9.01E-10,9.10E-10,9.19E-10,9.28E-10,1.52E-10,1.54E-10,1.55E-10,1.57E-10,2.73E-11,2.76E-11,2.79E-11,2.82E-11,6.12E-12,6.18E-12,6.24E-12,6.30E-12,2.00E-12,2.02E-12,2.04E-12,2.06E-12,7.50E-13,7.57E-13,7.65E-13,7.72E-13,2.01E-13,2.03E-13,2.05E-13,2.07E-13,1.27E-13,1.28E-13,1.29E-13,1.30E-13,8.63E-14,8.72E-14,8.80E-14,8.89E-14,6.45E-14,6.51E-14,6.58E-14,6.64E-14,5.88E-14,5.94E-14,6.00E-14,6.06E-14,5.82E-14,5.10E-14
-0.298,5.35E-09,5.41E-09,5.46E-09,5.51E-09,7.86E-10,7.94E-10,8.02E-10,8.10E-10,1.32E-10,1.33E-10,1.35E-10,1.36E-10,2.37E-11,2.39E-11,2.41E-11,2.44E-11,5.46E-12,5.51E-12,5.57E-12,5.62E-12,1.65E-12,1.66E-12,1.68E-12,1.70E-12,6.62E-13,6.68E-13,6.75E-13,6.82E-13,1.67E-13,1.69E-13,1.71E-13,1.72E-13,1.03E-13,1.04E-13,1.05E-13,1.06E-13,7.01E-14,7.08E-14,7.15E-14,7.22E-14,5.11E-14,5.16E-14,5.21E-14,5.26E-14,4.77E-14,4.82E-14,4.87E-14,4.92E-14,4.73E-14,4.25E-14
-0.296,4.61E-09,4.65E-09,4.70E-09,4.74E-09,6.72E-10,6.78E-10,6.85E-10,6.92E-10,1.12E-10,1.13E-10,1.14E-10,1.15E-10,2.00E-11,2.02E-11,2.04E-11,2.06E-11,4.79E-12,4.84E-12,4.89E-12,4.94E-12,1.39E-12,1.40E-12,1.42E-12,1.43E-12,5.74E-13,5.79E-13,5.85E-13,5.91E-13,1.33E-13,1.34E-13,1.36E-13,1.37E-13,8.60E-14,8.69E-14,8.77E-14,8.86E-14,5.85E-14,5.91E-14,5.96E-14,6.02E-14,4.53E-14,4.57E-14,4.62E-14,4.66E-14,3.98E-14,4.02E-14,4.06E-14,4.10E-14,3.94E-14,3.74E-14
-0.294,3.86E-09,3.90E-09,3.94E-09,3.98E-09,5.57E-10,5.63E-10,5.68E-10,5.74E-10,9.21E-11,9.30E-11,9.39E-11,9.49E-11,1.63E-11,1.65E-11,1.66E-11,1.68E-11,4.13E-12,4.17E-12,4.21E-12,4.25E-12,1.23E-12,1.24E-12,1.25E-12,1.26E-12,4.85E-13,4.90E-13,4.95E-13,5.00E-13,1.18E-13,1.19E-13,1.20E-13,1.22E-13,7.57E-14,7.64E-14,7.72E-14,7.79E-14,5.14E-14,5.19E-14,5.24E-14,5.30E-14,3.94E-14,3.98E-14,4.02E-14,4.06E-14,3.50E-14,3.53E-14,3.57E-14,3.60E-14,3.46E-14,3.22E-14
-0.292,3.48E-09,3.51E-09,3.55E-09,3.58E-09,5.00E-10,5.05E-10,5.10E-10,5.15E-10,8.24E-11,8.33E-11,8.41E-11,8.49E-11,1.46E-11,1.47E-11,1.48E-11,1.50E-11,3.46E-12,3.50E-12,3.53E-12,3.57E-12,1.07E-12,1.08E-12,1.09E-12,1.10E-12,3.97E-13,4.01E-13,4.05E-13,4.09E-13,1.03E-13,1.04E-13,1.05E-13,1.06E-13,6.53E-14,6.60E-14,6.66E-14,6.73E-14,4.44E-14,4.48E-14,4.52E-14,4.57E-14,3.36E-14,3.39E-14,3.43E-14,3.46E-14,3.02E-14,3.05E-14,3.08E-14,3.11E-14,2.98E-14,2.70E-14
-0.29,3.09E-09,3.12E-09,3.15E-09,3.18E-09,4.43E-10,4.47E-10,4.52E-10,4.56E-10,7.28E-11,7.35E-11,7.42E-11,7.50E-11,1.28E-11,1.29E-11,1.31E-11,1.32E-11,2.80E-12,2.83E-12,2.86E-12,2.88E-12,9.03E-13,9.12E-13,9.21E-13,9.30E-13,3.33E-13,3.37E-13,3.40E-13,3.43E-13,8.79E-14,8.88E-14,8.97E-14,9.06E-14,5.49E-14,5.55E-14,5.60E-14,5.66E-14,3.73E-14,3.77E-14,3.80E-14,3.84E-14,2.77E-14,2.80E-14,2.83E-14,2.86E-14,2.53E-14,2.56E-14,2.58E-14,2.61E-14,2.51E-14,2.19E-14
-0.288,2.71E-09,2.74E-09,2.76E-09,2.79E-09,3.86E-10,3.90E-10,3.94E-10,3.98E-10,6.31E-11,6.38E-11,6.44E-11,6.50E-11,1.11E-11,1.12E-11,1.13E-11,1.14E-11,2.49E-12,2.52E-12,2.54E-12,2.57E-12,7.41E-13,7.48E-13,7.56E-13,7.63E-13,2.94E-13,2.97E-13,2.99E-13,3.02E-13,7.29E-14,7.36E-14,7.44E-14,7.51E-14,4.46E-14,4.50E-14,4.55E-14,4.59E-14,3.02E-14,3.05E-14,3.08E-14,3.11E-14,2.19E-14,2.21E-14,2.23E-14,2.26E-14,2.05E-14,2.07E-14,2.09E-14,2.11E-14,2.03E-14,1.82E-14
-0.286,2.32E-09,2.35E-09,2.37E-09,2.39E-09,3.29E-10,3.32E-10,3.36E-10,3.39E-10,5.35E-11,5.40E-11,5.45E-11,5.51E-11,9.30E-12,9.39E-12,9.49E-12,9.58E-12,2.19E-12,2.21E-12,2.23E-12,2.25E-12,6.23E-13,6.30E-13,6.36E-13,6.42E-13,2.54E-13,2.57E-13,2.59E-13,2.62E-13,5.79E-14,5.85E-14,5.91E-14,5.96E-14,3.72E-14,3.75E-14,3.79E-14,3.83E-14,2.52E-14,2.54E-14,2.57E-14,2.59E-14,1.94E-14,1.96E-14,1.98E-14,2.00E-14,1.71E-14,1.72E-14,1.74E-14,1.76E-14,1.69E-14,1.60E-14
-0.284,1.94E-09,1.96E-09,1.98E-09,2.00E-09,2.72E-10,2.75E-10,2.77E-10,2.80E-10,4.38E-11,4.42E-11,4.47E-11,4.51E-11,7.55E-12,7.63E-12,7.70E-12,7.78E-12,1.88E-12,1.90E-12,1.92E-12,1.94E-12,5.50E-13,5.55E-13,5.61E-13,5.66E-13,2.14E-13,2.17E-13,2.19E-13,2.21E-13,5.13E-14,5.18E-14,5.23E-14,5.28E-14,3.27E-14,3.30E-14,3.33E-14,3.36E-14,2.21E-14,2.23E-14,2.25E-14,2.27E-14,1.69E-14,1.70E-14,1.72E-14,1.74E-14,1.50E-14,1.51E-14,1.53E-14,1.54E-14,1.48E-14,1.37E-14
-0.282,1.75E-09,1.76E-09,1.78E-09,1.80E-09,2.44E-10,2.46E-10,2.49E-10,2.51E-10,3.92E-11,3.96E-11,3.99E-11,4.03E-11,6.73E-12,6.80E-12,6.87E-12,6.93E-12,1.58E-12,1.59E-12,1.61E-12,1.62E-12,4.77E-13,4.81E-13,4.86E-13,4.91E-13,1.75E-13,1.77E-13,1.78E-13,1.80E-13,4.47E-14,4.51E-14,4.56E-14,4.60E-14,2.82E-14,2.84E-14,2.87E-14,2.90E-14,1.90E-14,1.92E-14,1.94E-14,1.96E-14,1.43E-14,1.45E-14,1.46E-14,1.48E-14,1.29E-14,1.30E-14,1.31E-14,1.33E-14,1.27E-14,1.15E-14
-0.28,1.55E-09,1.57E-09,1.58E-09,1.60E-09,2.16E-10,2.18E-10,2.20E-10,2.22E-10,3.45E-11,3.49E-11,3.52E-11,3.56E-11,5.91E-12,5.97E-12,6.03E-12,6.09E-12,1.27E-12,1.28E-12,1.30E-12,1.31E-12,4.03E-13,4.07E-13,4.11E-13,4.15E-13,1.46E-13,1.48E-13,1.49E-13,1.51E-13,3.81E-14,3.85E-14,3.89E-14,3.92E-14,2.37E-14,2.39E-14,2.41E-14,2.44E-14,1.59E-14,1.61E-14,1.62E-14,1.64E-14,1.18E-14,1.19E-14,1.21E-14,1.22E-14,1.08E-14,1.09E-14,1.10E-14,1.11E-14,1.07E-14,9.29E-15
-0.278,1.36E-09,1.37E-09,1.38E-09,1.40E-09,1.87E-10,1.89E-10,1.91E-10,1.93E-10,2.99E-11,3.02E-11,3.05E-11,3.08E-11,5.10E-12,5.15E-12,5.20E-12,5.25E-12,1.13E-12,1.14E-12,1.15E-12,1.16E-12,3.30E-13,3.33E-13,3.36E-13,3.40E-13,1.29E-13,1.30E-13,1.31E-13,1.33E-13,3.15E-14,3.18E-14,3.21E-14,3.24E-14,1.92E-14,1.93E-14,1.95E-14,1.97E-14,1.28E-14,1.30E-14,1.31E-14,1.32E-14,9.30E-15,9.39E-15,9.49E-15,9.58E-15,8.69E-15,8.77E-15,8.86E-15,8.95E-15,8.60E-15,7.71E-15
-0.276,1.16E-09,1.17E-09,1.18E-09,1.19E-09,1.59E-10,1.61E-10,1.62E-10,1.64E-10,2.52E-11,2.55E-11,2.57E-11,2.60E-11,4.28E-12,4.32E-12,4.36E-12,4.41E-12,9.89E-13,9.99E-13,1.01E-12,1.02E-12,2.77E-13,2.79E-13,2.82E-13,2.85E-13,1.11E-13,1.12E-13,1.14E-13,1.15E-13,2.49E-14,2.51E-14,2.54E-14,2.56E-14,1.59E-14,1.61E-14,1.62E-14,1.64E-14,1.06E-14,1.08E-14,1.09E-14,1.10E-14,8.22E-15,8.30E-15,8.38E-15,8.47E-15,7.20E-15,7.27E-15,7.34E-15,7.41E-15,7.12E-15,6.76E-15
-0.274,9.65E-10,9.75E-10,9.84E-10,9.94E-10,1.31E-10,1.32E-10,1.34E-10,1.35E-10,2.06E-11,2.08E-11,2.10E-11,2.12E-11,3.46E-12,3.49E-12,3.53E-12,3.56E-12,8.48E-13,8.57E-13,8.65E-13,8.74E-13,2.44E-13,2.46E-13,2.49E-13,2.51E-13,9.39E-14,9.48E-14,9.58E-14,9.67E-14,2.20E-14,2.23E-14,2.25E-14,2.27E-14,1.40E-14,1.41E-14,1.42E-14,1.44E-14,9.34E-15,9.43E-15,9.53E-15,9.62E-15,7.14E-15,7.21E-15,7.28E-15,7.35E-15,6.31E-15,6.37E-15,6.43E-15,6.50E-15,6.24E-15,5.81E-15
-0.272,8.67E-10,8.76E-10,8.84E-10,8.93E-10,1.17E-10,1.19E-10,1.20E-10,1.21E-10,1.84E-11,1.86E-11,1.88E-11,1.89E-11,3.08E-12,3.11E-12,3.14E-12,3.17E-12,7.08E-13,7.15E-13,7.22E-13,7.29E-13,2.11E-13,2.13E-13,2.15E-13,2.17E-13,7.64E-14,7.72E-14,7.80E-14,7.87E-14,1.92E-14,1.94E-14,1.96E-14,1.98E-14,1.20E-14,1.21E-14,1.23E-14,1.24E-14,8.04E-15,8.12E-15,8.20E-15,8.28E-15,6.06E-15,6.12E-15,6.18E-15,6.24E-15,5.42E-15,5.47E-15,5.53E-15,5.58E-15,5.37E-15,4.86E-15
-0.27,7.69E-10,7.77E-10,7.84E-10,7.92E-10,1.04E-10,1.05E-10,1.06E-10,1.07E-10,1.62E-11,1.64E-11,1.65E-11,1.67E-11,2.70E-12,2.73E-12,2.76E-12,2.79E-12,5.67E-13,5.73E-13,5.78E-13,5.84E-13,1.78E-13,1.80E-13,1.82E-13,1.84E-13,6.38E-14,6.45E-14,6.51E-14,6.58E-14,1.63E-14,1.65E-14,1.66E-14,1.68E-14,1.01E-14,1.02E-14,1.03E-14,1.04E-14,6.73E-15,6.80E-15,6.86E-15,6.93E-15,4.98E-15,5.03E-15,5.08E-15,5.13E-15,4.53E-15,4.58E-15,4.62E-15,4.67E-15,4.49E-15,3.91E-15
-0.268,6.71E-10,6.78E-10,6.84E-10,6.91E-10,9.00E-11,9.09E-11,9.18E-11,9.27E-11,1.40E-11,1.41E-11,1.43E-11,1.44E-11,2.33E-12,2.35E-12,2.37E-12,2.40E-12,5.04E-13,5.09E-13,5.14E-13,5.19E-13,1.45E-13,1.47E-13,1.48E-13,1.50E-13,5.61E-14,5.67E-14,5.72E-14,5.78E-14,1.35E-14,1.36E-14,1.37E-14,1.39E-14,8.11E-15,8.19E-15,8.27E-15,8.35E-15,5.42E-15,5.48E-15,5.53E-15,5.59E-15,3.90E-15,3.94E-15,3.98E-15,4.02E-15,3.64E-15,3.68E-15,3.72E-15,3.75E-15,3.61E-15,3.23E-15
-0.266,5.73E-10,5.79E-10,5.84E-10,5.90E-10,7.64E-11,7.71E-11,7.79E-11,7.87E-11,1.18E-11,1.19E-11,1.20E-11,1.21E-11,1.95E-12,1.97E-12,1.99E-12,2.01E-12,4.41E-13,4.45E-13,4.49E-13,4.54E-13,1.22E-13,1.23E-13,1.24E-13,1.25E-13,4.84E-14,4.89E-14,4.94E-14,4.99E-14,1.06E-14,1.07E-14,1.08E-14,1.09E-14,6.72E-15,6.78E-15,6.85E-15,6.92E-15,4.49E-15,4.54E-15,4.58E-15,4.63E-15,3.44E-15,3.48E-15,3.51E-15,3.55E-15,3.01E-15,3.04E-15,3.07E-15,3.10E-15,2.98E-15,2.83E-15
-0.264,4.75E-10,4.80E-10,4.85E-10,4.89E-10,6.27E-11,6.33E-11,6.40E-11,6.46E-11,9.58E-12,9.68E-12,9.77E-12,9.87E-12,1.57E-12,1.59E-12,1.60E-12,1.62E-12,3.77E-13,3.81E-13,3.85E-13,3.89E-13,1.07E-13,1.08E-13,1.09E-13,1.10E-13,4.07E-14,4.11E-14,4.15E-14,4.19E-14,9.37E-15,9.46E-15,9.56E-15,9.65E-15,5.89E-15,5.95E-15,6.01E-15,6.06E-15,3.94E-15,3.98E-15,4.01E-15,4.05E-15,2.99E-15,3.02E-15,3.05E-15,3.08E-15,2.64E-15,2.67E-15,2.69E-15,2.72E-15,2.61E-15,2.43E-15
-0.262,4.26E-10,4.30E-10,4.35E-10,4.39E-10,5.61E-11,5.66E-11,5.72E-11,5.78E-11,8.55E-12,8.63E-12,8.72E-12,8.80E-12,1.40E-12,1.41E-12,1.42E-12,1.44E-12,3.14E-13,3.17E-13,3.20E-13,3.24E-13,9.24E-14,9.33E-14,9.42E-14,9.52E-14,3.30E-14,3.33E-14,3.36E-14,3.39E-14,8.14E-15,8.22E-15,8.30E-15,8.38E-15,5.06E-15,5.11E-15,5.16E-15,5.21E-15,3.38E-15,3.41E-15,3.45E-15,3.48E-15,2.53E-15,2.56E-15,2.58E-15,2.61E-15,2.27E-15,2.29E-15,2.31E-15,2.33E-15,2.24E-15,2.02E-15
-0.26,3.77E-10,3.81E-10,3.85E-10,3.89E-10,4.95E-11,5.00E-11,5.04E-11,5.09E-11,7.51E-12,7.59E-12,7.66E-12,7.74E-12,1.22E-12,1.24E-12,1.25E-12,1.26E-12,2.51E-13,2.54E-13,2.56E-13,2.59E-13,7.78E-14,7.85E-14,7.93E-14,8.01E-14,2.74E-14,2.77E-14,2.80E-14,2.83E-14,6.91E-15,6.98E-15,7.05E-15,7.12E-15,4.23E-15,4.27E-15,4.32E-15,4.36E-15,2.82E-15,2.85E-15,2.88E-15,2.91E-15,2.08E-15,2.10E-15,2.12E-15,2.14E-15,1.89E-15,1.91E-15,1.93E-15,1.95E-15,1.87E-15,1.62E-15
-0.258,3.29E-10,3.32E-10,3.35E-10,3.38E-10,4.28E-11,4.33E-11,4.37E-11,4.41E-11,6.48E-12,6.54E-12,6.61E-12,6.67E-12,1.05E-12,1.06E-12,1.07E-12,1.08E-12,2.23E-13,2.25E-13,2.27E-13,2.29E-13,6.31E-14,6.38E-14,6.44E-14,6.50E-14,2.41E-14,2.43E-14,2.46E-14,2.48E-14,5.68E-15,5.74E-15,5.79E-15,5.85E-15,3.40E-15,3.44E-15,3.47E-15,3.51E-15,2.27E-15,2.29E-15,2.31E-15,2.34E-15,1.62E-15,1.64E-15,1.65E-15,1.67E-15,1.52E-15,1.53E-15,1.55E-15,1.56E-15,1.50E-15,1.34E-15
-0.256,2.80E-10,2.83E-10,2.85E-10,2.88E-10,3.62E-11,3.66E-11,3.69E-11,3.73E-11,5.44E-12,5.50E-12,5.55E-12,5.61E-12,8.78E-13,8.87E-13,8.96E-13,9.04E-13,1.95E-13,1.97E-13,1.98E-13,2.00E-13,5.26E-14,5.31E-14,5.37E-14,5.42E-14,2.08E-14,2.10E-14,2.12E-14,2.14E-14,4.45E-15,4.49E-15,4.54E-15,4.58E-15,2.82E-15,2.84E-15,2.87E-15,2.90E-15,1.87E-15,1.89E-15,1.91E-15,1.93E-15,1.43E-15,1.44E-15,1.46E-15,1.47E-15,1.25E-15,1.26E-15,1.28E-15,1.29E-15,1.24E-15,1.17E-15
-0.254,2.31E-10,2.33E-10,2.36E-10,2.38E-10,2.96E-11,2.99E-11,3.02E-11,3.05E-11,4.41E-12,4.45E-12,4.50E-12,4.54E-12,7.05E-13,7.12E-13,7.19E-13,7.26E-13,1.66E-13,1.68E-13,1.70E-13,1.71E-13,4.63E-14,4.67E-14,4.72E-14,4.76E-14,1.74E-14,1.76E-14,1.78E-14,1.79E-14,3.93E-15,3.97E-15,4.01E-15,4.05E-15,2.47E-15,2.49E-15,2.51E-15,2.54E-15,1.64E-15,1.66E-15,1.67E-15,1.69E-15,1.24E-15,1.25E-15,1.26E-15,1.28E-15,1.09E-15,1.10E-15,1.12E-15,1.13E-15,1.08E-15,1.00E-15
-0.252,2.07E-10,2.09E-10,2.11E-10,2.13E-10,2.65E-11,2.67E-11,2.70E-11,2.73E-11,3.93E-12,3.97E-12,4.01E-12,4.05E-12,6.27E-13,6.33E-13,6.39E-13,6.45E-13,1.38E-13,1.40E-13,1.41E-13,1.42E-13,3.99E-14,4.03E-14,4.07E-14,4.11E-14,1.41E-14,1.42E-14,1.44E-14,1.45E-14,3.41E-15,3.44E-15,3.48E-15,3.51E-15,2.12E-15,2.14E-15,2.16E-15,2.18E-15,1.40E-15,1.42E-15,1.43E-15,1.45E-15,1.05E-15,1.06E-15,1.07E-15,1.08E-15,9.37E-16,9.46E-16,9.55E-16,9.65E-16,9.27E-16,8.34E-16
-0.25,1.83E-10,1.85E-10,1.87E-10,1.88E-10,2.33E-11,2.36E-11,2.38E-11,2.40E-11,3.45E-12,3.48E-12,3.52E-12,3.55E-12,5.48E-13,5.54E-13,5.59E-13,5.65E-13,1.10E-13,1.11E-13,1.12E-13,1.13E-13,3.35E-14,3.39E-14,3.42E-14,3.45E-14,1.17E-14,1.18E-14,1.19E-14,1.20E-14,2.89E-15,2.92E-15,2.95E-15,2.98E-15,1.77E-15,1.78E-15,1.80E-15,1.82E-15,1.17E-15,1.18E-15,1.19E-15,1.21E-15,8.57E-16,8.65E-16,8.74E-16,8.83E-16,7.79E-16,7.87E-16,7.95E-16,8.02E-16,7.71E-16,6.67E-16
-0.248,1.59E-10,1.61E-10,1.62E-10,1.64E-10,2.02E-11,2.04E-11,2.06E-11,2.08E-11,2.97E-12,3.00E-12,3.03E-12,3.06E-12,4.70E-13,4.74E-13,4.79E-13,4.84E-13,9.75E-14,9.85E-14,9.95E-14,1.00E-13,2.72E-14,2.75E-14,2.77E-14,2.80E-14,1.02E-14,1.04E-14,1.05E-14,1.06E-14,2.37E-15,2.39E-15,2.42E-15,2.44E-15,1.42E-15,1.43E-15,1.44E-15,1.46E-15,9.36E-16,9.45E-16,9.55E-16,9.64E-16,6.66E-16,6.73E-16,6.79E-16,6.86E-16,6.22E-16,6.28E-16,6.34E-16,6.40E-16,6.15E-16,5.48E-16
-0.246,1.35E-10,1.36E-10,1.38E-10,1.39E-10,1.70E-11,1.72E-11,1.74E-11,1.76E-11,2.49E-12,2.51E-12,2.54E-12,2.56E-12,3.91E-13,3.95E-13,3.99E-13,4.03E-13,8.51E-14,8.59E-14,8.68E-14,8.76E-14,2.26E-14,2.28E-14,2.31E-14,2.33E-14,8.82E-15,8.90E-15,8.99E-15,9.08E-15,1.85E-15,1.87E-15,1.89E-15,1.91E-15,1.17E-15,1.18E-15,1.19E-15,1.20E-15,7.71E-16,7.78E-16,7.86E-16,7.94E-16,5.87E-16,5.93E-16,5.99E-16,6.05E-16,5.11E-16,5.16E-16,5.21E-16,5.26E-16,5.06E-16,4.79E-16
-0.244,1.11E-10,1.12E-10,1.13E-10,1.14E-10,1.39E-11,1.40E-11,1.42E-11,1.43E-11,2.01E-12,2.03E-12,2.05E-12,2.07E-12,3.13E-13,3.16E-13,3.19E-13,3.22E-13,7.26E-14,7.33E-14,7.41E-14,7.48E-14,1.99E-14,2.01E-14,2.03E-14,2.05E-14,7.38E-15,7.45E-15,7.53E-15,7.60E-15,1.63E-15,1.65E-15,1.67E-15,1.68E-15,1.02E-15,1.03E-15,1.04E-15,1.05E-15,6.74E-16,6.80E-16,6.87E-16,6.94E-16,5.08E-16,5.13E-16,5.18E-16,5.23E-16,4.46E-16,4.51E-16,4.55E-16,4.59E-16,4.42E-16,4.10E-16
-0.242,9.94E-11,1.00E-10,1.01E-10,1.02E-10,1.24E-11,1.25E-11,1.27E-11,1.28E-11,1.79E-12,1.81E-12,1.82E-12,1.84E-12,2.78E-13,2.81E-13,2.84E-13,2.86E-13,6.02E-14,6.08E-14,6.14E-14,6.20E-14,1.71E-14,1.73E-14,1.74E-14,1.76E-14,5.95E-15,6.01E-15,6.07E-15,6.13E-15,1.41E-15,1.43E-15,1.44E-15,1.46E-15,8.73E-16,8.82E-16,8.90E-16,8.99E-16,5.77E-16,5.82E-16,5.88E-16,5.94E-16,4.29E-16,4.33E-16,4.38E-16,4.42E-16,3.82E-16,3.85E-16,3.89E-16,3.93E-16,3.78E-16,3.41E-16
-0.24,8.78E-11,8.87E-11,8.96E-11,9.05E-11,1.09E-11,1.10E-11,1.11E-11,1.12E-11,1.57E-12,1.58E-12,1.60E-12,1.61E-12,2.43E-13,2.45E-13,2.48E-13,2.50E-13,4.77E-14,4.82E-14,4.87E-14,4.91E-14,1.43E-14,1.45E-14,1.46E-14,1.48E-14,4.93E-15,4.97E-15,5.02E-15,5.07E-15,1.20E-15,1.21E-15,1.22E-15,1.23E-15,7.26E-16,7.33E-16,7.41E-16,7.48E-16,4.80E-16,4.84E-16,4.89E-16,4.94E-16,3.50E-16,3.54E-16,3.57E-16,3.61E-16,3.17E-16,3.20E-16,3.23E-16,3.26E-16,3.14E-16,2.72E-16
-0.238,7.63E-11,7.70E-11,7.78E-11,7.85E-11,9.41E-12,9.50E-12,9.59E-12,9.69E-12,1.35E-12,1.36E-12,1.37E-12,1.39E-12,2.08E-13,2.10E-13,2.12E-13,2.14E-13,4.22E-14,4.27E-14,4.31E-14,4.35E-14,1.16E-14,1.17E-14,1.18E-14,1.19E-14,4.32E-15,4.36E-15,4.40E-15,4.44E-15,9.80E-16,9.89E-16,9.99E-16,1.01E-15,5.79E-16,5.85E-16,5.91E-16,5.97E-16,3.83E-16,3.86E-16,3.90E-16,3.94E-16,2.71E-16,2.74E-16,2.76E-16,2.79E-16,2.52E-16,2.55E-16,2.57E-16,2.60E-16,2.50E-16,2.23E-16
-0.236,6.47E-11,6.53E-11,6.60E-11,6.66E-11,7.91E-12,7.99E-12,8.07E-12,8.15E-12,1.13E-12,1.14E-12,1.15E-12,1.16E-12,1.73E-13,1.75E-13,1.76E-13,1.78E-13,3.68E-14,3.71E-14,3.75E-14,3.79E-14,9.61E-15,9.70E-15,9.80E-15,9.90E-15,3.71E-15,3.74E-15,3.78E-15,3.82E-15,7.62E-16,7.70E-16,7.77E-16,7.85E-16,4.76E-16,4.81E-16,4.85E-16,4.90E-16,3.14E-16,3.17E-16,3.20E-16,3.24E-16,2.39E-16,2.41E-16,2.43E-16,2.46E-16,2.07E-16,2.09E-16,2.11E-16,2.13E-16,2.05E-16,1.94E-16
-0.234,5.31E-11,5.36E-11,5.42E-11,5.47E-11,6.41E-12,6.47E-12,6.54E-12,6.60E-12,9.04E-13,9.13E-13,9.22E-13,9.31E-13,1.38E-13,1.39E-13,1.41E-13,1.42E-13,3.13E-14,3.16E-14,3.19E-14,3.23E-14,8.42E-15,8.51E-15,8.59E-15,8.68E-15,3.10E-15,3.13E-15,3.16E-15,3.19E-15,6.72E-16,6.78E-16,6.85E-16,6.92E-16,4.16E-16,4.20E-16,4.24E-16,4.28E-16,2.74E-16,2.77E-16,2.80E-16,2.83E-16,2.06E-16,2.08E-16,2.10E-16,2.12E-16,1.81E-16,1.82E-16,1.84E-16,1.86E-16,1.79E-16,1.66E-16
-0.232,4.75E-11,4.80E-11,4.84E-11,4.89E-11,5.71E-12,5.77E-12,5.83E-12,5.89E-12,8.04E-13,8.12E-13,8.20E-13,8.28E-13,1.22E-13,1.24E-13,1.25E-13,1.26E-13,2.59E-14,2.61E-14,2.64E-14,2.66E-14,7.24E-15,7.31E-15,7.38E-15,7.46E-15,2.49E-15,2.51E-15,2.53E-15,2.56E-15,5.81E-16,5.87E-16,5.93E-16,5.99E-16,3.56E-16,3.59E-16,3.63E-16,3.66E-16,2.35E-16,2.37E-16,2.39E-16,2.42E-16,1.74E-16,1.76E-16,1.77E-16,1.79E-16,1.54E-16,1.56E-16,1.57E-16,1.59E-16,1.53E-16,1.38E-16
-0.23,4.19E-11,4.23E-11,4.27E-11,4.31E-11,5.02E-12,5.07E-12,5.12E-12,5.17E-12,7.04E-13,7.11E-13,7.18E-13,7.25E-13,1.07E-13,1.08E-13,1.09E-13,1.10E-13,2.04E-14,2.06E-14,2.08E-14,2.10E-14,6.06E-15,6.12E-15,6.18E-15,6.24E-15,2.05E-15,2.07E-15,2.09E-15,2.11E-15,4.91E-16,4.96E-16,5.01E-16,5.06E-16,2.95E-16,2.98E-16,3.01E-16,3.04E-16,1.95E-16,1.97E-16,1.99E-16,2.01E-16,1.41E-16,1.43E-16,1.44E-16,1.46E-16,1.28E-16,1.29E-16,1.30E-16,1.32E-16,1.27E-16,1.09E-16
-0.228,3.62E-11,3.66E-11,3.70E-11,3.73E-11,4.32E-12,4.37E-12,4.41E-12,4.45E-12,6.03E-13,6.09E-13,6.15E-13,6.22E-13,9.11E-14,9.20E-14,9.29E-14,9.38E-14,1.81E-14,1.82E-14,1.84E-14,1.86E-14,4.87E-15,4.92E-15,4.97E-15,5.02E-15,1.80E-15,1.81E-15,1.83E-15,1.85E-15,4.00E-16,4.04E-16,4.08E-16,4.12E-16,2.35E-16,2.37E-16,2.40E-16,2.42E-16,1.55E-16,1.56E-16,1.58E-16,1.60E-16,1.09E-16,1.10E-16,1.11E-16,1.12E-16,1.02E-16,1.03E-16,1.04E-16,1.05E-16,1.01E-16,8.93E-17
-0.226,3.06E-11,3.09E-11,3.12E-11,3.15E-11,3.63E-12,3.66E-12,3.70E-12,3.73E-12,5.03E-13,5.08E-13,5.13E-13,5.18E-13,7.54E-14,7.62E-14,7.69E-14,7.77E-14,1.57E-14,1.59E-14,1.60E-14,1.62E-14,4.03E-15,4.07E-15,4.11E-15,4.15E-15,1.54E-15,1.55E-15,1.57E-15,1.59E-15,3.10E-16,3.13E-16,3.16E-16,3.19E-16,1.93E-16,1.95E-16,1.97E-16,1.98E-16,1.27E-16,1.28E-16,1.29E-16,1.31E-16,9.59E-17,9.68E-17,9.78E-17,9.87E-17,8.31E-17,8.39E-17,8.47E-17,8.56E-17,8.22E-17,7.78E-17
-0.224,2.50E-11,2.53E-11,2.55E-11,2.58E-11,2.93E-12,2.96E-12,2.99E-12,3.02E-12,4.03E-13,4.07E-13,4.11E-13,4.15E-13,5.98E-14,6.04E-14,6.10E-14,6.16E-14,1.34E-14,1.35E-14,1.36E-14,1.38E-14,3.53E-15,3.57E-15,3.60E-15,3.64E-15,1.28E-15,1.30E-15,1.31E-15,1.32E-15,2.73E-16,2.76E-16,2.78E-16,2.81E-16,1.68E-16,1.70E-16,1.71E-16,1.73E-16,1.11E-16,1.12E-16,1.13E-16,1.14E-16,8.27E-17,8.35E-17,8.44E-17,8.52E-17,7.24E-17,7.31E-17,7.39E-17,7.46E-17,7.17E-17,6.64E-17
-0.222,2.23E-11,2.26E-11,2.28E-11,2.30E-11,2.61E-12,2.64E-12,2.66E-12,2.69E-12,3.58E-13,3.61E-13,3.65E-13,3.69E-13,5.30E-14,5.35E-14,5.40E-14,5.46E-14,1.10E-14,1.11E-14,1.12E-14,1.13E-14,3.03E-15,3.06E-15,3.09E-15,3.12E-15,1.03E-15,1.04E-15,1.05E-15,1.06E-15,2.36E-16,2.38E-16,2.41E-16,2.43E-16,1.44E-16,1.45E-16,1.46E-16,1.48E-16,9.43E-17,9.52E-17,9.62E-17,9.71E-17,6.96E-17,7.03E-17,7.10E-17,7.17E-17,6.18E-17,6.24E-17,6.30E-17,6.36E-17,6.11E-17,5.49E-17
-0.22,1.97E-11,1.99E-11,2.01E-11,2.03E-11,2.29E-12,2.31E-12,2.34E-12,2.36E-12,3.13E-13,3.16E-13,3.19E-13,3.22E-13,4.62E-14,4.66E-14,4.71E-14,4.75E-14,8.66E-15,8.75E-15,8.83E-15,8.92E-15,2.53E-15,2.56E-15,2.58E-15,2.61E-15,8.46E-16,8.54E-16,8.63E-16,8.71E-16,1.99E-16,2.01E-16,2.03E-16,2.05E-16,1.19E-16,1.20E-16,1.21E-16,1.23E-16,7.80E-17,7.88E-17,7.96E-17,8.04E-17,5.64E-17,5.70E-17,5.76E-17,5.81E-17,5.11E-17,5.16E-17,5.21E-17,5.26E-17,5.06E-17,4.34E-17
-0.218,1.70E-11,1.72E-11,1.74E-11,1.75E-11,1.97E-12,1.99E-12,2.01E-12,2.03E-12,2.67E-13,2.70E-13,2.73E-13,2.75E-13,3.93E-14,3.97E-14,4.01E-14,4.05E-14,7.65E-15,7.73E-15,7.81E-15,7.88E-15,2.03E-15,2.05E-15,2.07E-15,2.09E-15,7.39E-16,7.47E-16,7.54E-16,7.62E-16,1.62E-16,1.64E-16,1.65E-16,1.67E-16,9.44E-17,9.53E-17,9.63E-17,9.72E-17,6.17E-17,6.24E-17,6.30E-17,6.36E-17,4.33E-17,4.37E-17,4.42E-17,4.46E-17,4.04E-17,4.08E-17,4.12E-17,4.16E-17,4.00E-17,3.54E-17
-0.216,1.44E-11,1.45E-11,1.46E-11,1.48E-11,1.65E-12,1.67E-12,1.68E-12,1.70E-12,2.22E-13,2.24E-13,2.27E-13,2.29E-13,3.25E-14,3.28E-14,3.32E-14,3.35E-14,6.65E-15,6.71E-15,6.78E-15,6.85E-15,1.68E-15,1.69E-15,1.71E-15,1.73E-15,6.33E-16,6.39E-16,6.46E-16,6.52E-16,1.25E-16,1.26E-16,1.28E-16,1.29E-16,7.72E-17,7.79E-17,7.87E-17,7.95E-17,5.04E-17,5.09E-17,5.14E-17,5.19E-17,3.80E-17,3.84E-17,3.88E-17,3.92E-17,3.30E-17,3.33E-17,3.36E-17,3.40E-17,3.26E-17,3.08E-17
-0.214,1.17E-11,1.18E-11,1.19E-11,1.21E-11,1.33E-12,1.34E-12,1.36E-12,1.37E-12,1.77E-13,1.79E-13,1.81E-13,1.82E-13,2.57E-14,2.60E-14,2.62E-14,2.65E-14,5.64E-15,5.70E-15,5.75E-15,5.81E-15,1.47E-15,1.48E-15,1.50E-15,1.51E-15,5.27E-16,5.32E-16,5.37E-16,5.42E-16,1.10E-16,1.11E-16,1.12E-16,1.13E-16,6.73E-17,6.79E-17,6.86E-17,6.93E-17,4.39E-17,4.43E-17,4.48E-17,4.52E-17,3.28E-17,3.31E-17,3.34E-17,3.38E-17,2.87E-17,2.90E-17,2.93E-17,2.96E-17,2.84E-17,2.63E-17
-0.212,1.04E-11,1.05E-11,1.06E-11,1.07E-11,1.18E-12,1.19E-12,1.21E-12,1.22E-12,1.57E-13,1.59E-13,1.60E-13,1.62E-13,2.27E-14,2.30E-14,2.32E-14,2.34E-14,4.64E-15,4.68E-15,4.73E-15,4.78E-15,1.26E-15,1.27E-15,1.28E-15,1.29E-15,4.20E-16,4.24E-16,4.29E-16,4.33E-16,9.49E-17,9.59E-17,9.68E-17,9.78E-17,5.74E-17,5.79E-17,5.85E-17,5.91E-17,3.74E-17,3.78E-17,3.81E-17,3.85E-17,2.75E-17,2.78E-17,2.81E-17,2.83E-17,2.45E-17,2.47E-17,2.49E-17,2.52E-17,2.42E-17,2.17E-17
-0.21,9.17E-12,9.26E-12,9.36E-12,9.45E-12,1.04E-12,1.05E-12,1.06E-12,1.07E-12,1.37E-13,1.39E-13,1.40E-13,1.41E-13,1.98E-14,2.00E-14,2.02E-14,2.04E-14,3.63E-15,3.67E-15,3.70E-15,3.74E-15,1.05E-15,1.06E-15,1.07E-15,1.08E-15,3.45E-16,3.49E-16,3.52E-16,3.55E-16,7.99E-17,8.07E-17,8.15E-17,8.23E-17,4.75E-17,4.79E-17,4.84E-17,4.89E-17,3.09E-17,3.12E-17,3.15E-17,3.18E-17,2.23E-17,2.25E-17,2.27E-17,2.29E-17,2.02E-17,2.04E-17,2.06E-17,2.08E-17,2.00E-17,1.71E-17
-0.208,7.91E-12,7.99E-12,8.07E-12,8.15E-12,8.88E-13,8.97E-13,9.06E-13,9.15E-13,1.17E-13,1.18E-13,1.20E-13,1.21E-13,1.68E-14,1.70E-14,1.72E-14,1.73E-14,3.21E-15,3.24E-15,3.27E-15,3.30E-15,8.38E-16,8.46E-16,8.54E-16,8.63E-16,3.01E-16,3.04E-16,3.07E-16,3.10E-16,6.48E-17,6.55E-17,6.61E-17,6.68E-17,3.76E-17,3.79E-17,3.83E-17,3.87E-17,2.44E-17,2.47E-17,2.49E-17,2.52E-17,1.70E-17,1.72E-17,1.73E-17,1.75E-17,1.59E-17,1.61E-17,1.62E-17,1.64E-17,1.58E-17,1.39E-17
-0.206,6.64E-12,6.71E-12,6.78E-12,6.84E-12,7.41E-13,7.49E-13,7.56E-13,7.63E-13,9.73E-14,9.83E-14,9.93E-14,1.00E-13,1.39E-14,1.40E-14,1.41E-14,1.43E-14,2.78E-15,2.81E-15,2.84E-15,2.87E-15,6.90E-16,6.96E-16,7.03E-16,7.10E-16,2.58E-16,2.60E-16,2.63E-16,2.65E-16,4.98E-17,5.03E-17,5.08E-17,5.13E-17,3.06E-17,3.09E-17,3.12E-17,3.15E-17,1.99E-17,2.01E-17,2.03E-17,2.05E-17,1.49E-17,1.51E-17,1.52E-17,1.54E-17,1.30E-17,1.31E-17,1.32E-17,1.33E-17,1.28E-17,1.21E-17
-0.204,5.38E-12,5.43E-12,5.49E-12,5.54E-12,5.94E-13,6.00E-13,6.06E-13,6.12E-13,7.74E-14,7.82E-14,7.89E-14,7.97E-14,1.09E-14,1.10E-14,1.11E-14,1.12E-14,2.36E-15,2.38E-15,2.41E-15,2.43E-15,6.03E-16,6.09E-16,6.15E-16,6.21E-16,2.14E-16,2.16E-16,2.18E-16,2.20E-16,4.38E-17,4.42E-17,4.46E-17,4.51E-17,2.67E-17,2.69E-17,2.72E-17,2.75E-17,1.73E-17,1.75E-17,1.77E-17,1.78E-17,1.29E-17,1.30E-17,1.31E-17,1.32E-17,1.13E-17,1.14E-17,1.15E-17,1.16E-17,1.12E-17,1.03E-17
-0.202,4.80E-12,4.84E-12,4.89E-12,4.94E-12,5.28E-13,5.33E-13,5.38E-13,5.44E-13,6.86E-14,6.93E-14,7.00E-14,7.07E-14,9.64E-15,9.74E-15,9.83E-15,9.93E-15,1.93E-15,1.95E-15,1.97E-15,1.99E-15,5.16E-16,5.21E-16,5.26E-16,5.31E-16,1.70E-16,1.72E-16,1.73E-16,1.75E-16,3.77E-17,3.81E-17,3.85E-17,3.89E-17,2.27E-17,2.29E-17,2.32E-17,2.34E-17,1.47E-17,1.49E-17,1.50E-17,1.52E-17,1.08E-17,1.09E-17,1.10E-17,1.11E-17,9.58E-18,9.67E-18,9.77E-18,9.86E-18,9.48E-18,8.47E-18
-0.2,4.21E-12,4.25E-12,4.30E-12,4.34E-12,4.62E-13,4.66E-13,4.71E-13,4.75E-13,5.98E-14,6.04E-14,6.10E-14,6.16E-14,8.38E-15,8.46E-15,8.55E-15,8.63E-15,1.51E-15,1.53E-15,1.54E-15,1.56E-15,4.29E-16,4.33E-16,4.37E-16,4.41E-16,1.39E-16,1.41E-16,1.42E-16,1.43E-16,3.17E-17,3.20E-17,3.23E-17,3.26E-17,1.87E-17,1.89E-17,1.91E-17,1.93E-17,1.21E-17,1.23E-17,1.24E-17,1.25E-17,8.70E-18,8.79E-18,8.88E-18,8.97E-18,7.89E-18,7.96E-18,8.04E-18,8.12E-18,7.81E-18,6.66E-18
-0.198,3.63E-12,3.66E-12,3.70E-12,3.74E-12,3.95E-13,3.99E-13,4.03E-13,4.07E-13,5.10E-14,5.15E-14,5.20E-14,5.25E-14,7.12E-15,7.19E-15,7.26E-15,7.33E-15,1.33E-15,1.35E-15,1.36E-15,1.37E-15,3.42E-16,3.45E-16,3.48E-16,3.52E-16,1.21E-16,1.23E-16,1.24E-16,1.25E-16,2.56E-17,2.59E-17,2.62E-17,2.64E-17,1.48E-17,1.49E-17,1.51E-17,1.52E-17,9.55E-18,9.64E-18,9.74E-18,9.83E-18,6.63E-18,6.70E-18,6.76E-18,6.83E-18,6.20E-18,6.26E-18,6.32E-18,6.38E-18,6.13E-18,5.41E-18
-0.196,3.04E-12,3.07E-12,3.10E-12,3.14E-12,3.29E-13,3.32E-13,3.36E-13,3.39E-13,4.22E-14,4.26E-14,4.30E-14,4.35E-14,5.86E-15,5.92E-15,5.98E-15,6.04E-15,1.15E-15,1.17E-15,1.18E-15,1.19E-15,2.80E-16,2.83E-16,2.86E-16,2.89E-16,1.04E-16,1.05E-16,1.06E-16,1.07E-16,1.96E-17,1.98E-17,2.00E-17,2.02E-17,1.20E-17,1.21E-17,1.23E-17,1.24E-17,7.74E-18,7.82E-18,7.90E-18,7.98E-18,5.82E-18,5.87E-18,5.93E-18,5.99E-18,5.02E-18,5.07E-18,5.12E-18,5.17E-18,4.97E-18,4.70E-18
-0.194,2.46E-12,2.48E-12,2.51E-12,2.53E-12,2.63E-13,2.66E-13,2.68E-13,2.71E-13,3.34E-14,3.37E-14,3.41E-14,3.44E-14,4.60E-15,4.65E-15,4.69E-15,4.74E-15,9.75E-16,9.85E-16,9.95E-16,1.00E-15,2.45E-16,2.47E-16,2.49E-16,2.52E-16,8.58E-17,8.66E-17,8.75E-17,8.83E-17,1.72E-17,1.74E-17,1.76E-17,1.77E-17,1.04E-17,1.06E-17,1.07E-17,1.08E-17,6.73E-18,6.80E-18,6.87E-18,6.93E-18,5.00E-18,5.05E-18,5.10E-18,5.15E-18,4.36E-18,4.40E-18,4.45E-18,4.49E-18,4.32E-18,3.99E-18
-0.192,2.19E-12,2.21E-12,2.23E-12,2.26E-12,2.33E-13,2.36E-13,2.38E-13,2.40E-13,2.96E-14,2.99E-14,3.02E-14,3.04E-14,4.06E-15,4.10E-15,4.14E-15,4.18E-15,7.97E-16,8.05E-16,8.13E-16,8.21E-16,2.09E-16,2.11E-16,2.13E-16,2.15E-16,6.80E-17,6.87E-17,6.93E-17,7.00E-17,1.48E-17,1.50E-17,1.51E-17,1.53E-17,8.88E-18,8.97E-18,9.06E-18,9.15E-18,5.72E-18,5.78E-18,5.83E-18,5.89E-18,4.19E-18,4.23E-18,4.27E-18,4.31E-18,3.70E-18,3.74E-18,3.77E-18,3.81E-18,3.66E-18,3.28E-18
-0.19,1.92E-12,1.94E-12,1.96E-12,1.98E-12,2.04E-13,2.06E-13,2.08E-13,2.10E-13,2.57E-14,2.60E-14,2.62E-14,2.65E-14,3.52E-15,3.56E-15,3.59E-15,3.63E-15,6.19E-16,6.25E-16,6.31E-16,6.38E-16,1.73E-16,1.75E-16,1.77E-16,1.79E-16,5.55E-17,5.61E-17,5.66E-17,5.72E-17,1.24E-17,1.26E-17,1.27E-17,1.28E-17,7.31E-18,7.39E-18,7.46E-18,7.53E-18,4.71E-18,4.76E-18,4.80E-18,4.85E-18,3.37E-18,3.41E-18,3.44E-18,3.48E-18,3.04E-18,3.07E-18,3.10E-18,3.13E-18,3.01E-18,2.57E-18
-0.188,1.65E-12,1.67E-12,1.68E-12,1.70E-12,1.74E-13,1.76E-13,1.78E-13,1.79E-13,2.19E-14,2.21E-14,2.23E-14,2.25E-14,2.99E-15,3.02E-15,3.05E-15,3.08E-15,5.45E-16,5.51E-16,5.56E-16,5.62E-16,1.38E-16,1.39E-16,1.41E-16,1.42E-16,4.84E-17,4.88E-17,4.93E-17,4.98E-17,1.00E-17,1.01E-17,1.02E-17,1.03E-17,5.74E-18,5.80E-18,5.86E-18,5.92E-18,3.70E-18,3.73E-18,3.77E-18,3.81E-18,2.56E-18,2.59E-18,2.61E-18,2.64E-18,2.38E-18,2.40E-18,2.43E-18,2.45E-18,2.36E-18,2.08E-18
-0.186,1.38E-12,1.39E-12,1.41E-12,1.42E-12,1.45E-13,1.46E-13,1.47E-13,1.49E-13,1.80E-14,1.82E-14,1.84E-14,1.86E-14,2.45E-15,2.47E-15,2.50E-15,2.52E-15,4.72E-16,4.77E-16,4.81E-16,4.86E-16,1.13E-16,1.14E-16,1.15E-16,1.16E-16,4.12E-17,4.16E-17,4.20E-17,4.24E-17,7.65E-18,7.73E-18,7.80E-18,7.88E-18,4.65E-18,4.70E-18,4.75E-18,4.79E-18,2.99E-18,3.02E-18,3.05E-18,3.08E-18,2.24E-18,2.27E-18,2.29E-18,2.31E-18,1.92E-18,1.94E-18,1.96E-18,1.98E-18,1.90E-18,1.81E-18
-0.184,1.11E-12,1.12E-12,1.13E-12,1.14E-12,1.15E-13,1.16E-13,1.17E-13,1.18E-13,1.42E-14,1.43E-14,1.45E-14,1.46E-14,1.91E-15,1.93E-15,1.95E-15,1.97E-15,3.98E-16,4.02E-16,4.06E-16,4.10E-16,9.83E-17,9.93E-17,1.00E-16,1.01E-16,3.40E-17,3.44E-17,3.47E-17,3.51E-17,6.71E-18,6.78E-18,6.84E-18,6.91E-18,4.04E-18,4.08E-18,4.12E-18,4.16E-18,2.60E-18,2.62E-18,2.65E-18,2.68E-18,1.93E-18,1.94E-18,1.96E-18,1.98E-18,1.67E-18,1.69E-18,1.70E-18,1.72E-18,1.65E-18,1.53E-18
-0.182,9.87E-13,9.97E-13,1.01E-12,1.02E-12,1.02E-13,1.03E-13,1.04E-13,1.05E-13,1.26E-14,1.27E-14,1.28E-14,1.29E-14,1.69E-15,1.70E-15,1.72E-15,1.74E-15,3.25E-16,3.28E-16,3.31E-16,3.34E-16,8.39E-17,8.47E-17,8.56E-17,8.64E-17,2.69E-17,2.71E-17,2.74E-17,2.77E-17,5.77E-18,5.83E-18,5.89E-18,5.94E-18,3.43E-18,3.46E-18,3.50E-18,3.53E-18,2.21E-18,2.23E-18,2.25E-18,2.27E-18,1.61E-18,1.62E-18,1.64E-18,1.66E-18,1.42E-18,1.43E-18,1.44E-18,1.46E-18,1.40E-18,1.26E-18
-0.18,8.65E-13,8.73E-13,8.82E-13,8.91E-13,8.90E-14,8.99E-14,9.08E-14,9.17E-14,1.09E-14,1.10E-14,1.11E-14,1.13E-14,1.46E-15,1.48E-15,1.49E-15,1.51E-15,2.51E-16,2.54E-16,2.56E-16,2.59E-16,6.95E-17,7.02E-17,7.08E-17,7.15E-17,2.19E-17,2.21E-17,2.23E-17,2.25E-17,4.83E-18,4.88E-18,4.93E-18,4.97E-18,2.82E-18,2.85E-18,2.87E-18,2.90E-18,1.81E-18,1.83E-18,1.85E-18,1.87E-18,1.29E-18,1.30E-18,1.32E-18,1.33E-18,1.16E-18,1.17E-18,1.18E-18,1.20E-18,1.15E-18,9.80E-19
-0.178,7.42E-13,7.50E-13,7.57E-13,7.64E-13,7.60E-14,7.68E-14,7.75E-14,7.83E-14,9.29E-15,9.38E-15,9.47E-15,9.56E-15,1.24E-15,1.25E-15,1.26E-15,1.27E-15,2.21E-16,2.23E-16,2.25E-16,2.28E-16,5.50E-17,5.56E-17,5.61E-17,5.67E-17,1.90E-17,1.92E-17,1.94E-17,1.96E-17,3.89E-18,3.93E-18,3.97E-18,4.01E-18,2.21E-18,2.23E-18,2.25E-18,2.27E-18,1.42E-18,1.43E-18,1.45E-18,1.46E-18,9.73E-19,9.83E-19,9.92E-19,1.00E-18,9.07E-19,9.16E-19,9.25E-19,9.34E-19,8.98E-19,7.90E-19
-0.176,6.20E-13,6.26E-13,6.32E-13,6.38E-13,6.30E-14,6.36E-14,6.43E-14,6.49E-14,7.65E-15,7.72E-15,7.80E-15,7.88E-15,1.01E-15,1.02E-15,1.03E-15,1.04E-15,1.91E-16,1.93E-16,1.95E-16,1.97E-16,4.49E-17,4.53E-17,4.58E-17,4.62E-17,1.62E-17,1.64E-17,1.65E-17,1.67E-17,2.95E-18,2.98E-18,3.01E-18,3.04E-18,1.78E-18,1.80E-18,1.82E-18,1.84E-18,1.14E-18,1.16E-18,1.17E-18,1.18E-18,8.52E-19,8.60E-19,8.69E-19,8.77E-19,7.31E-19,7.39E-19,7.46E-19,7.53E-19,7.24E-19,6.85E-19
-0.174,4.97E-13,5.02E-13,5.07E-13,5.12E-13,5.00E-14,5.05E-14,5.10E-14,5.15E-14,6.01E-15,6.07E-15,6.13E-15,6.19E-15,7.88E-16,7.96E-16,8.04E-16,8.12E-16,1.61E-16,1.63E-16,1.64E-16,1.66E-16,3.91E-17,3.95E-17,3.99E-17,4.03E-17,1.34E-17,1.35E-17,1.36E-17,1.38E-17,2.59E-18,2.61E-18,2.64E-18,2.66E-18,1.55E-18,1.56E-18,1.58E-18,1.59E-18,9.92E-19,1.00E-18,1.01E-18,1.02E-18,7.31E-19,7.38E-19,7.45E-19,7.53E-19,6.34E-19,6.40E-19,6.47E-19,6.53E-19,6.28E-19,5.80E-19
-0.172,4.42E-13,4.47E-13,4.51E-13,4.55E-13,4.43E-14,4.48E-14,4.52E-14,4.56E-14,5.31E-15,5.36E-15,5.42E-15,5.47E-15,6.95E-16,7.02E-16,7.08E-16,7.15E-16,1.31E-16,1.32E-16,1.34E-16,1.35E-16,3.33E-17,3.36E-17,3.40E-17,3.43E-17,1.05E-17,1.06E-17,1.07E-17,1.08E-17,2.22E-18,2.24E-18,2.27E-18,2.29E-18,1.31E-18,1.32E-18,1.34E-18,1.35E-18,8.40E-19,8.48E-19,8.57E-19,8.65E-19,6.09E-19,6.15E-19,6.22E-19,6.28E-19,5.37E-19,5.42E-19,5.47E-19,5.53E-19,5.31E-19,4.75E-19
-0.17,3.87E-13,3.91E-13,3.95E-13,3.99E-13,3.86E-14,3.90E-14,3.94E-14,3.98E-14,4.61E-15,4.66E-15,4.70E-15,4.75E-15,6.01E-16,6.07E-16,6.13E-16,6.19E-16,1.01E-16,1.02E-16,1.03E-16,1.04E-16,2.75E-17,2.78E-17,2.81E-17,2.83E-17,8.55E-18,8.64E-18,8.72E-18,8.81E-18,1.86E-18,1.88E-18,1.90E-18,1.91E-18,1.08E-18,1.09E-18,1.10E-18,1.11E-18,6.88E-19,6.95E-19,7.02E-19,7.09E-19,4.88E-19,4.93E-19,4.98E-19,5.03E-19,4.39E-19,4.43E-19,4.48E-19,4.52E-19,4.35E-19,3.70E-19
-0.168,3.33E-13,3.36E-13,3.39E-13,3.43E-13,3.30E-14,3.33E-14,3.36E-14,3.39E-14,3.91E-15,3.95E-15,3.99E-15,4.03E-15,5.08E-16,5.13E-16,5.18E-16,5.23E-16,8.88E-17,8.97E-17,9.06E-17,9.15E-17,2.17E-17,2.19E-17,2.21E-17,2.24E-17,7.43E-18,7.51E-18,7.58E-18,7.66E-18,1.49E-18,1.51E-18,1.52E-18,1.54E-18,8.40E-19,8.48E-19,8.57E-19,8.65E-19,5.36E-19,5.41E-19,5.47E-19,5.52E-19,3.67E-19,3.71E-19,3.74E-19,3.78E-19,3.42E-19,3.45E-19,3.49E-19,3.52E-19,3.38E-19,2.97E-19
-0.166,2.78E-13,2.81E-13,2.83E-13,2.86E-13,2.73E-14,2.76E-14,2.78E-14,2.81E-14,3.21E-15,3.24E-15,3.27E-15,3.31E-15,4.14E-16,4.19E-16,4.23E-16,4.27E-16,7.66E-17,7.74E-17,7.82E-17,7.89E-17,1.77E-17,1.78E-17,1.80E-17,1.82E-17,6.32E-18,6.38E-18,6.44E-18,6.50E-18,1.13E-18,1.14E-18,1.15E-18,1.16E-18,6.77E-19,6.84E-19,6.90E-19,6.97E-19,4.31E-19,4.36E-19,4.40E-19,4.44E-19,3.21E-19,3.24E-19,3.27E-19,3.31E-19,2.75E-19,2.77E-19,2.80E-19,2.83E-19,2.72E-19,2.57E-19
-0.164,2.23E-13,2.25E-13,2.27E-13,2.30E-13,2.16E-14,2.18E-14,2.20E-14,2.22E-14,2.51E-15,2.54E-15,2.56E-15,2.59E-15,3.21E-16,3.24E-16,3.27E-16,3.31E-16,6.45E-17,6.51E-17,6.57E-17,6.64E-17,1.54E-17,1.55E-17,1.57E-17,1.58E-17,5.20E-18,5.25E-18,5.30E-18,5.35E-18,9.89E-19,9.99E-19,1.01E-18,1.02E-18,5.87E-19,5.93E-19,5.98E-19,6.04E-19,3.74E-19,3.77E-19,3.81E-19,3.85E-19,2.75E-19,2.78E-19,2.81E-19,2.83E-19,2.38E-19,2.40E-19,2.43E-19,2.45E-19,2.35E-19,2.18E-19
-0.162,2.00E-13,2.02E-13,2.04E-13,2.06E-13,1.92E-14,1.94E-14,1.96E-14,1.97E-14,2.22E-15,2.24E-15,2.26E-15,2.28E-15,2.83E-16,2.86E-16,2.88E-16,2.91E-16,5.23E-17,5.28E-17,5.33E-17,5.38E-17,1.31E-17,1.32E-17,1.33E-17,1.35E-17,4.08E-18,4.12E-18,4.16E-18,4.20E-18,8.48E-19,8.56E-19,8.65E-19,8.73E-19,4.97E-19,5.01E-19,5.06E-19,5.11E-19,3.16E-19,3.19E-19,3.22E-19,3.25E-19,2.29E-19,2.31E-19,2.34E-19,2.36E-19,2.01E-19,2.03E-19,2.05E-19,2.07E-19,1.99E-19,1.78E-19
-0.16,1.77E-13,1.78E-13,1.80E-13,1.82E-13,1.67E-14,1.69E-14,1.71E-14,1.72E-14,1.93E-15,1.95E-15,1.96E-15,1.98E-15,2.45E-16,2.47E-16,2.49E-16,2.52E-16,4.01E-17,4.05E-17,4.09E-17,4.13E-17,1.08E-17,1.09E-17,1.10E-17,1.11E-17,3.30E-18,3.34E-18,3.37E-18,3.40E-18,7.07E-19,7.14E-19,7.21E-19,7.28E-19,4.06E-19,4.10E-19,4.14E-19,4.18E-19,2.58E-19,2.61E-19,2.64E-19,2.66E-19,1.83E-19,1.85E-19,1.87E-19,1.88E-19,1.64E-19,1.66E-19,1.67E-19,1.69E-19,1.63E-19,1.38E-19
-0.158,1.53E-13,1.55E-13,1.56E-13,1.58E-13,1.43E-14,1.45E-14,1.46E-14,1.47E-14,1.63E-15,1.65E-15,1.67E-15,1.68E-15,2.06E-16,2.08E-16,2.11E-16,2.13E-16,3.52E-17,3.56E-17,3.59E-17,3.63E-17,8.49E-18,8.57E-18,8.66E-18,8.74E-18,2.87E-18,2.90E-18,2.93E-18,2.96E-18,5.66E-19,5.72E-19,5.77E-19,5.83E-19,3.16E-19,3.19E-19,3.22E-19,3.26E-19,2.01E-19,2.03E-19,2.05E-19,2.07E-19,1.37E-19,1.38E-19,1.40E-19,1.41E-19,1.27E-19,1.29E-19,1.30E-19,1.31E-19,1.26E-19,1.11E-19
-0.156,1.30E-13,1.32E-13,1.33E-13,1.34E-13,1.19E-14,1.20E-14,1.21E-14,1.22E-14,1.34E-15,1.36E-15,1.37E-15,1.38E-15,1.68E-16,1.70E-16,1.72E-16,1.73E-16,3.04E-17,3.07E-17,3.10E-17,3.13E-17,6.89E-18,6.96E-18,7.03E-18,7.10E-18,2.44E-18,2.46E-18,2.48E-18,2.51E-18,4.25E-19,4.29E-19,4.34E-19,4.38E-19,2.54E-19,2.57E-19,2.59E-19,2.62E-19,1.61E-19,1.63E-19,1.64E-19,1.66E-19,1.20E-19,1.21E-19,1.22E-19,1.23E-19,1.02E-19,1.03E-19,1.04E-19,1.05E-19,1.01E-19,9.56E-20
-0.154,1.07E-13,1.08E-13,1.09E-13,1.10E-13,9.46E-15,9.55E-15,9.65E-15,9.74E-15,1.05E-15,1.06E-15,1.07E-15,1.08E-15,1.30E-16,1.31E-16,1.33E-16,1.34E-16,2.55E-17,2.58E-17,2.60E-17,2.63E-17,5.99E-18,6.05E-18,6.11E-18,6.17E-18,2.00E-18,2.02E-18,2.04E-18,2.06E-18,3.72E-19,3.76E-19,3.79E-19,3.83E-19,2.20E-19,2.22E-19,2.24E-19,2.27E-19,1.39E-19,1.41E-19,1.42E-19,1.44E-19,1.02E-19,1.03E-19,1.04E-19,1.05E-19,8.83E-20,8.92E-20,9.01E-20,9.10E-20,8.74E-20,8.07E-20
-0.152,9.92E-14,1.00E-13,1.01E-13,1.02E-13,8.51E-15,8.60E-15,8.68E-15,8.77E-15,9.30E-16,9.39E-16,9.48E-16,9.57E-16,1.14E-16,1.16E-16,1.17E-16,1.18E-16,2.07E-17,2.09E-17,2.11E-17,2.13E-17,5.09E-18,5.14E-18,5.19E-18,5.24E-18,1.57E-18,1.58E-18,1.60E-18,1.61E-18,3.19E-19,3.22E-19,3.25E-19,3.28E-19,1.86E-19,1.88E-19,1.90E-19,1.92E-19,1.18E-19,1.19E-19,1.20E-19,1.21E-19,8.50E-20,8.59E-20,8.67E-20,8.76E-20,7.46E-20,7.53E-20,7.60E-20,7.68E-20,7.38E-20,6.58E-20
-0.15,9.14E-14,9.24E-14,9.33E-14,9.42E-14,7.56E-15,7.64E-15,7.71E-15,7.79E-15,8.09E-16,8.17E-16,8.25E-16,8.33E-16,9.88E-17,9.98E-17,1.01E-16,1.02E-16,1.58E-17,1.60E-17,1.61E-17,1.63E-17,4.18E-18,4.22E-18,4.27E-18,4.31E-18,1.27E-18,1.28E-18,1.29E-18,1.30E-18,2.65E-19,2.68E-19,2.71E-19,2.73E-19,1.52E-19,1.54E-19,1.55E-19,1.57E-19,9.61E-20,9.70E-20,9.80E-20,9.89E-20,6.77E-20,6.84E-20,6.91E-20,6.98E-20,6.08E-20,6.14E-20,6.20E-20,6.26E-20,6.02E-20,5.09E-20
-0.148,8.37E-14,8.45E-14,8.53E-14,8.62E-14,6.61E-15,6.68E-15,6.74E-15,6.81E-15,6.89E-16,6.96E-16,7.03E-16,7.09E-16,8.33E-17,8.41E-17,8.49E-17,8.58E-17,1.39E-17,1.40E-17,1.41E-17,1.43E-17,3.28E-18,3.31E-18,3.35E-18,3.38E-18,1.10E-18,1.11E-18,1.12E-18,1.13E-18,2.12E-19,2.14E-19,2.16E-19,2.19E-19,1.18E-19,1.19E-19,1.20E-19,1.22E-19,7.44E-20,7.51E-20,7.58E-20,7.66E-20,5.04E-20,5.09E-20,5.14E-20,5.19E-20,4.70E-20,4.75E-20,4.79E-20,4.84E-20,4.65E-20,4.06E-20
-0.146,7.59E-14,7.66E-14,7.74E-14,7.82E-14,5.66E-15,5.72E-15,5.77E-15,5.83E-15,5.68E-16,5.74E-16,5.80E-16,5.85E-16,6.77E-17,6.84E-17,6.90E-17,6.97E-17,1.19E-17,1.21E-17,1.22E-17,1.23E-17,2.66E-18,2.68E-18,2.71E-18,2.73E-18,9.30E-19,9.39E-19,9.48E-19,9.57E-19,1.59E-19,1.61E-19,1.62E-19,1.64E-19,9.46E-20,9.55E-20,9.65E-20,9.74E-20,5.95E-20,6.01E-20,6.07E-20,6.13E-20,4.40E-20,4.44E-20,4.49E-20,4.53E-20,3.76E-20,3.79E-20,3.83E-20,3.87E-20,3.72E-20,3.51E-20
-0.144,6.81E-14,6.88E-14,6.95E-14,7.01E-14,4.71E-15,4.76E-15,4.80E-15,4.85E-15,4.48E-16,4.52E-16,4.57E-16,4.61E-16,5.21E-17,5.26E-17,5.31E-17,5.37E-17,1.00E-17,1.01E-17,1.02E-17,1.03E-17,2.31E-18,2.33E-18,2.35E-18,2.37E-18,7.61E-19,7.69E-19,7.77E-19,7.84E-19,1.39E-19,1.40E-19,1.42E-19,1.43E-19,8.18E-20,8.26E-20,8.34E-20,8.43E-20,5.14E-20,5.19E-20,5.24E-20,5.30E-20,3.76E-20,3.80E-20,3.84E-20,3.87E-20,3.25E-20,3.28E-20,3.31E-20,3.34E-20,3.21E-20,2.96E-20
-0.142,7.05E-14,7.12E-14,7.19E-14,7.26E-14,4.52E-15,4.56E-15,4.61E-15,4.65E-15,4.05E-16,4.09E-16,4.13E-16,4.17E-16,4.60E-17,4.65E-17,4.70E-17,4.74E-17,8.08E-18,8.16E-18,8.24E-18,8.32E-18,1.96E-18,1.97E-18,1.99E-18,2.01E-18,5.93E-19,5.99E-19,6.05E-19,6.11E-19,1.19E-19,1.20E-19,1.21E-19,1.22E-19,6.90E-20,6.97E-20,7.04E-20,7.11E-20,4.34E-20,4.38E-20,4.42E-20,4.47E-20,3.12E-20,3.15E-20,3.18E-20,3.21E-20,2.74E-20,2.76E-20,2.79E-20,2.82E-20,2.71E-20,2.41E-20
-0.14,7.28E-14,7.35E-14,7.43E-14,7.50E-14,4.33E-15,4.37E-15,4.41E-15,4.46E-15,3.62E-16,3.65E-16,3.69E-16,3.72E-16,4.00E-17,4.04E-17,4.08E-17,4.12E-17,6.15E-18,6.21E-18,6.27E-18,6.33E-18,1.61E-18,1.62E-18,1.64E-18,1.65E-18,4.77E-19,4.82E-19,4.87E-19,4.92E-19,9.88E-20,9.97E-20,1.01E-19,1.02E-19,5.62E-20,5.68E-20,5.73E-20,5.79E-20,3.53E-20,3.56E-20,3.60E-20,3.63E-20,2.48E-20,2.50E-20,2.53E-20,2.55E-20,2.23E-20,2.25E-20,2.27E-20,2.29E-20,2.20E-20,1.86E-20
-0.138,7.52E-14,7.59E-14,7.67E-14,7.74E-14,4.13E-15,4.18E-15,4.22E-15,4.26E-15,3.18E-16,3.22E-16,3.25E-16,3.28E-16,3.39E-17,3.43E-17,3.46E-17,3.49E-17,5.40E-18,5.46E-18,5.51E-18,5.56E-18,1.26E-18,1.27E-18,1.28E-18,1.29E-18,4.14E-19,4.18E-19,4.22E-19,4.26E-19,7.87E-20,7.95E-20,8.03E-20,8.10E-20,4.34E-20,4.38E-20,4.43E-20,4.47E-20,2.72E-20,2.75E-20,2.78E-20,2.80E-20,1.84E-20,1.86E-20,1.88E-20,1.90E-20,1.72E-20,1.73E-20,1.75E-20,1.77E-20,1.70E-20,1.48E-20
-0.136,7.75E-14,7.83E-14,7.91E-14,7.99E-14,3.94E-15,3.98E-15,4.02E-15,4.06E-15,2.75E-16,2.78E-16,2.81E-16,2.83E-16,2.79E-17,2.81E-17,2.84E-17,2.87E-17,4.65E-18,4.70E-18,4.75E-18,4.79E-18,1.01E-18,1.02E-18,1.03E-18,1.04E-18,3.50E-19,3.54E-19,3.57E-19,3.61E-19,5.86E-20,5.92E-20,5.98E-20,6.04E-20,3.47E-20,3.50E-20,3.53E-20,3.57E-20,2.17E-20,2.19E-20,2.22E-20,2.24E-20,1.60E-20,1.62E-20,1.64E-20,1.65E-20,1.37E-20,1.38E-20,1.39E-20,1.41E-20,1.35E-20,1.28E-20
-0.134,7.99E-14,8.07E-14,8.15E-14,8.23E-14,3.75E-15,3.79E-15,3.83E-15,3.86E-15,2.32E-16,2.34E-16,2.37E-16,2.39E-16,2.18E-17,2.20E-17,2.22E-17,2.25E-17,3.91E-18,3.95E-18,3.98E-18,4.02E-18,8.79E-19,8.88E-19,8.97E-19,9.06E-19,2.86E-19,2.89E-19,2.92E-19,2.95E-19,5.12E-20,5.17E-20,5.22E-20,5.27E-20,3.00E-20,3.02E-20,3.05E-20,3.08E-20,1.88E-20,1.90E-20,1.91E-20,1.93E-20,1.37E-20,1.38E-20,1.40E-20,1.41E-20,1.18E-20,1.19E-20,1.20E-20,1.22E-20,1.17E-20,1.08E-20
-0.132,9.41E-14,9.51E-14,9.60E-14,9.69E-14,4.17E-15,4.21E-15,4.25E-15,4.29E-15,2.30E-16,2.32E-16,2.34E-16,2.37E-16,1.98E-17,2.00E-17,2.02E-17,2.04E-17,3.16E-18,3.19E-18,3.22E-18,3.25E-18,7.46E-19,7.53E-19,7.60E-19,7.68E-19,2.23E-19,2.25E-19,2.27E-19,2.29E-19,4.37E-20,4.42E-20,4.46E-20,4.50E-20,2.53E-20,2.55E-20,2.58E-20,2.60E-20,1.58E-20,1.60E-20,1.61E-20,1.63E-20,1.13E-20,1.15E-20,1.16E-20,1.17E-20,9.93E-21,1.00E-20,1.01E-20,1.02E-20,9.83E-21,8.73E-21
-0.13,1.08E-13,1.09E-13,1.11E-13,1.12E-13,4.59E-15,4.63E-15,4.68E-15,4.72E-15,2.28E-16,2.30E-16,2.32E-16,2.34E-16,1.78E-17,1.80E-17,1.82E-17,1.83E-17,2.41E-18,2.43E-18,2.46E-18,2.48E-18,6.12E-19,6.18E-19,6.24E-19,6.30E-19,1.79E-19,1.81E-19,1.83E-19,1.84E-19,3.63E-20,3.66E-20,3.70E-20,3.74E-20,2.06E-20,2.08E-20,2.10E-20,2.12E-20,1.28E-20,1.30E-20,1.31E-20,1.32E-20,8.99E-21,9.08E-21,9.17E-21,9.26E-21,8.06E-21,8.14E-21,8.22E-21,8.30E-21,7.98E-21,6.71E-21
-0.128,1.23E-13,1.24E-13,1.25E-13,1.26E-13,5.00E-15,5.05E-15,5.10E-15,5.15E-15,2.25E-16,2.28E-16,2.30E-16,2.32E-16,1.58E-17,1.60E-17,1.61E-17,1.63E-17,2.14E-18,2.16E-18,2.18E-18,2.20E-18,4.78E-19,4.83E-19,4.87E-19,4.92E-19,1.55E-19,1.56E-19,1.58E-19,1.60E-19,2.88E-20,2.91E-20,2.94E-20,2.97E-20,1.59E-20,1.60E-20,1.62E-20,1.63E-20,9.89E-21,9.99E-21,1.01E-20,1.02E-20,6.64E-21,6.71E-21,6.77E-21,6.84E-21,6.19E-21,6.26E-21,6.32E-21,6.38E-21,6.13E-21,5.33E-21
-0.126,1.37E-13,1.38E-13,1.40E-13,1.41E-13,5.42E-15,5.48E-15,5.53E-15,5.58E-15,2.23E-16,2.25E-16,2.28E-16,2.30E-16,1.38E-17,1.39E-17,1.41E-17,1.42E-17,1.86E-18,1.88E-18,1.90E-18,1.92E-18,3.86E-19,3.90E-19,3.94E-19,3.98E-19,1.31E-19,1.32E-19,1.34E-19,1.35E-19,2.14E-20,2.16E-20,2.18E-20,2.20E-20,1.26E-20,1.28E-20,1.29E-20,1.30E-20,7.87E-21,7.95E-21,8.03E-21,8.11E-21,5.79E-21,5.85E-21,5.90E-21,5.96E-21,4.92E-21,4.97E-21,5.02E-21,5.07E-21,4.87E-21,4.60E-21
-0.124,1.51E-13,1.53E-13,1.54E-13,1.56E-13,5.84E-15,5.90E-15,5.96E-15,6.02E-15,2.21E-16,2.23E-16,2.25E-16,2.28E-16,1.18E-17,1.19E-17,1.20E-17,1.22E-17,1.59E-18,1.60E-18,1.62E-18,1.64E-18,3.36E-19,3.40E-19,3.43E-19,3.46E-19,1.07E-19,1.08E-19,1.09E-19,1.10E-19,1.87E-20,1.89E-20,1.90E-20,1.92E-20,1.09E-20,1.10E-20,1.11E-20,1.12E-20,6.79E-21,6.86E-21,6.93E-21,6.99E-21,4.94E-21,4.99E-21,5.03E-21,5.08E-21,4.25E-21,4.29E-21,4.33E-21,4.37E-21,4.20E-21,3.87E-21
-0.122,1.87E-13,1.88E-13,1.90E-13,1.92E-13,7.19E-15,7.26E-15,7.34E-15,7.41E-15,2.58E-16,2.60E-16,2.63E-16,2.65E-16,1.20E-17,1.22E-17,1.23E-17,1.24E-17,1.31E-18,1.33E-18,1.34E-18,1.35E-18,2.87E-19,2.89E-19,2.92E-19,2.95E-19,8.28E-20,8.36E-20,8.45E-20,8.53E-20,1.59E-20,1.61E-20,1.63E-20,1.64E-20,9.18E-21,9.27E-21,9.36E-21,9.45E-21,5.71E-21,5.77E-21,5.82E-21,5.88E-21,4.08E-21,4.12E-21,4.17E-21,4.21E-21,3.57E-21,3.61E-21,3.64E-21,3.68E-21,3.53E-21,3.14E-21
-0.12,2.22E-13,2.24E-13,2.27E-13,2.29E-13,8.54E-15,8.63E-15,8.71E-15,8.80E-15,2.94E-16,2.97E-16,3.00E-16,3.03E-16,1.23E-17,1.24E-17,1.25E-17,1.26E-17,1.04E-18,1.05E-18,1.06E-18,1.07E-18,2.37E-19,2.39E-19,2.41E-19,2.44E-19,6.64E-20,6.71E-20,6.77E-20,6.84E-20,1.32E-20,1.33E-20,1.35E-20,1.36E-20,7.45E-21,7.52E-21,7.59E-21,7.67E-21,4.63E-21,4.68E-21,4.72E-21,4.77E-21,3.23E-21,3.26E-21,3.30E-21,3.33E-21,2.89E-21,2.92E-21,2.95E-21,2.98E-21,2.87E-21,2.41E-21
-0.118,2.58E-13,2.60E-13,2.63E-13,2.66E-13,9.90E-15,9.99E-15,1.01E-14,1.02E-14,3.31E-16,3.34E-16,3.37E-16,3.41E-16,1.25E-17,1.26E-17,1.28E-17,1.29E-17,9.76E-19,9.86E-19,9.96E-19,1.01E-18,1.87E-19,1.89E-19,1.91E-19,1.93E-19,5.76E-20,5.81E-20,5.87E-20,5.93E-20,1.05E-20,1.06E-20,1.07E-20,1.08E-20,5.72E-21,5.77E-21,5.83E-21,5.89E-21,3.55E-21,3.59E-21,3.62E-21,3.66E-21,2.38E-21,2.40E-21,2.43E-21,2.45E-21,2.22E-21,2.24E-21,2.26E-21,2.28E-21,2.20E-21,1.91E-21
-0.116,2.93E-13,2.96E-13,2.99E-13,3.02E-13,1.12E-14,1.14E-14,1.15E-14,1.16E-14,3.67E-16,3.71E-16,3.75E-16,3.78E-16,1.28E-17,1.29E-17,1.30E-17,1.31E-17,9.12E-19,9.21E-19,9.30E-19,9.39E-19,1.54E-19,1.56E-19,1.57E-19,1.59E-19,4.88E-20,4.92E-20,4.97E-20,5.02E-20,7.75E-21,7.83E-21,7.91E-21,7.98E-21,4.54E-21,4.58E-21,4.63E-21,4.68E-21,2.82E-21,2.85E-21,2.87E-21,2.90E-21,2.07E-21,2.10E-21,2.12E-21,2.14E-21,1.76E-21,1.78E-21,1.79E-21,1.81E-21,1.74E-21,1.65E-21
-0.114,3.29E-13,3.32E-13,3.36E-13,3.39E-13,1.26E-14,1.27E-14,1.29E-14,1.30E-14,4.04E-16,4.08E-16,4.12E-16,4.16E-16,1.30E-17,1.31E-17,1.33E-17,1.34E-17,8.48E-19,8.56E-19,8.65E-19,8.73E-19,1.39E-19,1.40E-19,1.42E-19,1.43E-19,3.99E-20,4.03E-20,4.07E-20,4.11E-20,6.76E-21,6.83E-21,6.89E-21,6.96E-21,3.92E-21,3.96E-21,4.00E-21,4.03E-21,2.43E-21,2.46E-21,2.48E-21,2.50E-21,1.77E-21,1.79E-21,1.80E-21,1.82E-21,1.52E-21,1.53E-21,1.55E-21,1.56E-21,1.50E-21,1.39E-21
-0.112,4.10E-13,4.15E-13,4.19E-13,4.23E-13,1.59E-14,1.60E-14,1.62E-14,1.64E-14,5.10E-16,5.15E-16,5.20E-16,5.26E-16,1.57E-17,1.59E-17,1.60E-17,1.62E-17,7.84E-19,7.92E-19,8.00E-19,8.08E-19,1.23E-19,1.25E-19,1.26E-19,1.27E-19,3.11E-20,3.14E-20,3.17E-20,3.20E-20,5.77E-21,5.82E-21,5.88E-21,5.94E-21,3.30E-21,3.33E-21,3.36E-21,3.39E-21,2.05E-21,2.07E-21,2.09E-21,2.11E-21,1.46E-21,1.48E-21,1.49E-21,1.51E-21,1.28E-21,1.29E-21,1.30E-21,1.32E-21,1.27E-21,1.12E-21
-0.11,4.92E-13,4.97E-13,5.02E-13,5.07E-13,1.92E-14,1.94E-14,1.95E-14,1.97E-14,6.16E-16,6.23E-16,6.29E-16,6.35E-16,1.84E-17,1.86E-17,1.88E-17,1.90E-17,7.20E-19,7.27E-19,7.34E-19,7.42E-19,1.08E-19,1.09E-19,1.10E-19,1.11E-19,2.52E-20,2.55E-20,2.57E-20,2.60E-20,4.77E-21,4.82E-21,4.87E-21,4.92E-21,2.67E-21,2.70E-21,2.73E-21,2.75E-21,1.66E-21,1.68E-21,1.69E-21,1.71E-21,1.16E-21,1.17E-21,1.18E-21,1.19E-21,1.04E-21,1.05E-21,1.06E-21,1.07E-21,1.03E-21,8.62E-22
-0.108,5.73E-13,5.79E-13,5.85E-13,5.90E-13,2.24E-14,2.27E-14,2.29E-14,2.31E-14,7.23E-16,7.30E-16,7.37E-16,7.44E-16,2.12E-17,2.14E-17,2.16E-17,2.18E-17,8.04E-19,8.12E-19,8.20E-19,8.28E-19,9.25E-20,9.34E-20,9.44E-20,9.53E-20,2.22E-20,2.25E-20,2.27E-20,2.29E-20,3.78E-21,3.82E-21,3.86E-21,3.90E-21,2.05E-21,2.07E-21,2.09E-21,2.11E-21,1.27E-21,1.29E-21,1.30E-21,1.31E-21,8.52E-22,8.61E-22,8.69E-22,8.78E-22,7.96E-22,8.04E-22,8.12E-22,8.20E-22,7.88E-22,6.87E-22
-0.106,6.55E-13,6.61E-13,6.68E-13,6.74E-13,2.57E-14,2.60E-14,2.62E-14,2.65E-14,8.29E-16,8.37E-16,8.45E-16,8.54E-16,2.39E-17,2.41E-17,2.44E-17,2.46E-17,8.88E-19,8.97E-19,9.06E-19,9.15E-19,8.62E-20,8.71E-20,8.79E-20,8.88E-20,1.93E-20,1.94E-20,1.96E-20,1.98E-20,2.79E-21,2.82E-21,2.85E-21,2.87E-21,1.63E-21,1.65E-21,1.66E-21,1.68E-21,1.01E-21,1.02E-21,1.03E-21,1.04E-21,7.49E-22,7.56E-22,7.64E-22,7.71E-22,6.36E-22,6.43E-22,6.49E-22,6.55E-22,6.30E-22,5.99E-22
-0.104,7.36E-13,7.43E-13,7.51E-13,7.58E-13,2.90E-14,2.93E-14,2.96E-14,2.99E-14,9.35E-16,9.44E-16,9.54E-16,9.63E-16,2.66E-17,2.69E-17,2.71E-17,2.74E-17,9.72E-19,9.82E-19,9.91E-19,1.00E-18,8.90E-20,8.99E-20,9.08E-20,9.17E-20,1.63E-20,1.64E-20,1.66E-20,1.68E-20,2.44E-21,2.47E-21,2.49E-21,2.52E-21,1.41E-21,1.43E-21,1.44E-21,1.46E-21,8.81E-22,8.89E-22,8.98E-22,9.07E-22,6.46E-22,6.52E-22,6.59E-22,6.65E-22,5.57E-22,5.62E-22,5.68E-22,5.73E-22,5.51E-22,5.12E-22
-0.102,9.17E-13,9.26E-13,9.35E-13,9.44E-13,3.66E-14,3.70E-14,3.74E-14,3.77E-14,1.20E-15,1.21E-15,1.22E-15,1.23E-15,3.42E-17,3.46E-17,3.49E-17,3.52E-17,1.06E-18,1.07E-18,1.08E-18,1.09E-18,9.19E-20,9.28E-20,9.37E-20,9.46E-20,1.33E-20,1.34E-20,1.36E-20,1.37E-20,2.09E-21,2.11E-21,2.14E-21,2.16E-21,1.19E-21,1.21E-21,1.22E-21,1.23E-21,7.48E-22,7.55E-22,7.62E-22,7.70E-22,5.42E-22,5.48E-22,5.53E-22,5.59E-22,4.77E-22,4.82E-22,4.87E-22,4.91E-22,4.72E-22,4.24E-22
-0.1,1.10E-12,1.11E-12,1.12E-12,1.13E-12,4.43E-14,4.47E-14,4.52E-14,4.56E-14,1.46E-15,1.48E-15,1.49E-15,1.50E-15,4.18E-17,4.23E-17,4.27E-17,4.31E-17,1.14E-18,1.15E-18,1.16E-18,1.17E-18,9.47E-20,9.56E-20,9.66E-20,9.75E-20,1.16E-20,1.17E-20,1.19E-20,1.20E-20,1.75E-21,1.76E-21,1.78E-21,1.80E-21,9.76E-22,9.86E-22,9.96E-22,1.01E-21,6.15E-22,6.21E-22,6.27E-22,6.33E-22,4.39E-22,4.44E-22,4.48E-22,4.52E-22,3.97E-22,4.01E-22,4.05E-22,4.09E-22,3.93E-22,3.36E-22
-0.098,1.28E-12,1.29E-12,1.30E-12,1.32E-12,5.19E-14,5.24E-14,5.30E-14,5.35E-14,1.72E-15,1.74E-15,1.76E-15,1.78E-15,4.95E-17,5.00E-17,5.04E-17,5.09E-17,1.45E-18,1.47E-18,1.48E-18,1.50E-18,9.75E-20,9.85E-20,9.94E-20,1.00E-19,1.13E-20,1.14E-20,1.15E-20,1.16E-20,1.40E-21,1.41E-21,1.43E-21,1.44E-21,7.58E-22,7.66E-22,7.73E-22,7.81E-22,4.82E-22,4.86E-22,4.91E-22,4.96E-22,3.36E-22,3.39E-22,3.43E-22,3.46E-22,3.18E-22,3.21E-22,3.24E-22,3.27E-22,3.15E-22,2.84E-22
-0.096,1.46E-12,1.47E-12,1.49E-12,1.50E-12,5.96E-14,6.02E-14,6.08E-14,6.13E-14,1.99E-15,2.01E-15,2.03E-15,2.05E-15,5.71E-17,5.77E-17,5.82E-17,5.88E-17,1.76E-18,1.78E-18,1.80E-18,1.82E-18,1.11E-19,1.12E-19,1.13E-19,1.14E-19,1.10E-20,1.11E-20,1.12E-20,1.13E-20,1.05E-21,1.06E-21,1.07E-21,1.08E-21,6.18E-22,6.24E-22,6.30E-22,6.36E-22,3.99E-22,4.03E-22,4.07E-22,4.11E-22,3.14E-22,3.18E-22,3.21E-22,3.24E-22,2.72E-22,2.75E-22,2.78E-22,2.80E-22,2.69E-22,2.67E-22
-0.094,1.64E-12,1.66E-12,1.67E-12,1.69E-12,6.72E-14,6.79E-14,6.85E-14,6.92E-14,2.25E-15,2.27E-15,2.30E-15,2.32E-15,6.47E-17,6.53E-17,6.60E-17,6.66E-17,2.08E-18,2.10E-18,2.12E-18,2.14E-18,1.35E-19,1.36E-19,1.38E-19,1.39E-19,1.06E-20,1.07E-20,1.08E-20,1.09E-20,9.49E-22,9.58E-22,9.68E-22,9.77E-22,5.55E-22,5.60E-22,5.66E-22,5.71E-22,3.67E-22,3.70E-22,3.74E-22,3.78E-22,2.93E-22,2.96E-22,2.99E-22,3.02E-22,2.61E-22,2.63E-22,2.66E-22,2.68E-22,2.58E-22,2.51E-22
-0.092,2.03E-12,2.05E-12,2.07E-12,2.10E-12,8.46E-14,8.54E-14,8.63E-14,8.71E-14,2.88E-15,2.90E-15,2.93E-15,2.96E-15,8.40E-17,8.48E-17,8.56E-17,8.65E-17,2.39E-18,2.41E-18,2.44E-18,2.46E-18,1.59E-19,1.61E-19,1.62E-19,1.64E-19,1.03E-20,1.04E-20,1.05E-20,1.06E-20,8.47E-22,8.56E-22,8.64E-22,8.73E-22,4.92E-22,4.96E-22,5.01E-22,5.06E-22,3.35E-22,3.38E-22,3.41E-22,3.45E-22,2.71E-22,2.74E-22,2.77E-22,2.79E-22,2.49E-22,2.51E-22,2.54E-22,2.56E-22,2.47E-22,2.35E-22
-0.09,2.43E-12,2.45E-12,2.48E-12,2.50E-12,1.02E-13,1.03E-13,1.04E-13,1.05E-13,3.50E-15,3.54E-15,3.57E-15,3.61E-15,1.03E-16,1.04E-16,1.05E-16,1.06E-16,2.70E-18,2.73E-18,2.75E-18,2.78E-18,1.83E-19,1.85E-19,1.87E-19,1.88E-19,1.11E-20,1.12E-20,1.13E-20,1.14E-20,7.46E-22,7.53E-22,7.61E-22,7.68E-22,4.29E-22,4.33E-22,4.37E-22,4.41E-22,3.02E-22,3.05E-22,3.08E-22,3.11E-22,2.50E-22,2.52E-22,2.55E-22,2.57E-22,2.37E-22,2.40E-22,2.42E-22,2.45E-22,2.35E-22,2.18E-22
-0.088,2.82E-12,2.85E-12,2.88E-12,2.91E-12,1.19E-13,1.20E-13,1.22E-13,1.23E-13,4.13E-15,4.17E-15,4.21E-15,4.25E-15,1.22E-16,1.24E-16,1.25E-16,1.26E-16,3.54E-18,3.58E-18,3.61E-18,3.65E-18,2.07E-19,2.09E-19,2.11E-19,2.13E-19,1.30E-20,1.31E-20,1.33E-20,1.34E-20,6.44E-22,6.51E-22,6.57E-22,6.64E-22,3.66E-22,3.69E-22,3.73E-22,3.76E-22,2.70E-22,2.73E-22,2.76E-22,2.78E-22,2.28E-22,2.30E-22,2.33E-22,2.35E-22,2.26E-22,2.28E-22,2.30E-22,2.33E-22,2.24E-22,2.28E-22
-0.086,3.22E-12,3.25E-12,3.28E-12,3.31E-12,1.37E-13,1.38E-13,1.39E-13,1.41E-13,4.75E-15,4.80E-15,4.85E-15,4.90E-15,1.42E-16,1.43E-16,1.45E-16,1.46E-16,4.38E-18,4.43E-18,4.47E-18,4.52E-18,2.54E-19,2.56E-19,2.59E-19,2.61E-19,1.50E-20,1.51E-20,1.52E-20,1.54E-20,5.43E-22,5.48E-22,5.54E-22,5.59E-22,3.44E-22,3.47E-22,3.51E-22,3.54E-22,2.70E-22,2.72E-22,2.75E-22,2.78E-22,2.64E-22,2.66E-22,2.69E-22,2.72E-22,2.42E-22,2.44E-22,2.46E-22,2.49E-22,2.39E-22,2.64E-22
-0.084,3.61E-12,3.65E-12,3.68E-12,3.72E-12,1.54E-13,1.56E-13,1.57E-13,1.59E-13,5.38E-15,5.43E-15,5.49E-15,5.54E-15,1.61E-16,1.63E-16,1.64E-16,1.66E-16,5.23E-18,5.28E-18,5.33E-18,5.38E-18,3.23E-19,3.27E-19,3.30E-19,3.33E-19,1.69E-20,1.71E-20,1.72E-20,1.74E-20,5.75E-22,5.81E-22,5.87E-22,5.92E-22,3.63E-22,3.67E-22,3.71E-22,3.74E-22,3.01E-22,3.04E-22,3.07E-22,3.10E-22,2.99E-22,3.02E-22,3.05E-22,3.08E-22,2.85E-22,2.88E-22,2.90E-22,2.93E-22,2.82E-22,3.00E-22
-0.082,4.46E-12,4.51E-12,4.55E-12,4.60E-12,1.93E-13,1.95E-13,1.97E-13,1.99E-13,6.86E-15,6.93E-15,7.00E-15,7.07E-15,2.08E-16,2.10E-16,2.13E-16,2.15E-16,6.07E-18,6.13E-18,6.19E-18,6.25E-18,3.93E-19,3.97E-19,4.01E-19,4.05E-19,1.88E-20,1.90E-20,1.92E-20,1.94E-20,6.07E-22,6.13E-22,6.19E-22,6.25E-22,3.83E-22,3.87E-22,3.91E-22,3.94E-22,3.32E-22,3.35E-22,3.38E-22,3.41E-22,3.35E-22,3.38E-22,3.41E-22,3.45E-22,3.28E-22,3.31E-22,3.35E-22,3.38E-22,3.25E-22,3.36E-22
-0.08,5.31E-12,5.37E-12,5.42E-12,5.47E-12,2.33E-13,2.35E-13,2.37E-13,2.40E-13,8.35E-15,8.43E-15,8.51E-15,8.60E-15,2.56E-16,2.58E-16,2.61E-16,2.63E-16,6.91E-18,6.98E-18,7.05E-18,7.12E-18,4.63E-19,4.67E-19,4.72E-19,4.76E-19,2.30E-20,2.32E-20,2.34E-20,2.37E-20,6.39E-22,6.45E-22,6.52E-22,6.58E-22,4.03E-22,4.07E-22,4.11E-22,4.15E-22,3.63E-22,3.66E-22,3.70E-22,3.73E-22,3.70E-22,3.74E-22,3.78E-22,3.82E-22,3.71E-22,3.75E-22,3.79E-22,3.82E-22,3.67E-22,3.72E-22
-0.078,6.17E-12,6.23E-12,6.29E-12,6.35E-12,2.72E-13,2.75E-13,2.78E-13,2.80E-13,9.83E-15,9.93E-15,1.00E-14,1.01E-14,3.03E-16,3.06E-16,3.09E-16,3.12E-16,9.07E-18,9.16E-18,9.25E-18,9.34E-18,5.32E-19,5.38E-19,5.43E-19,5.48E-19,2.93E-20,2.96E-20,2.99E-20,3.02E-20,6.71E-22,6.78E-22,6.84E-22,6.91E-22,4.22E-22,4.26E-22,4.31E-22,4.35E-22,3.94E-22,3.97E-22,4.01E-22,4.05E-22,4.06E-22,4.10E-22,4.14E-22,4.18E-22,4.14E-22,4.19E-22,4.23E-22,4.27E-22,4.10E-22,4.56E-22
-0.076,7.02E-12,7.09E-12,7.16E-12,7.23E-12,3.12E-13,3.15E-13,3.18E-13,3.21E-13,1.13E-14,1.14E-14,1.15E-14,1.17E-14,3.51E-16,3.54E-16,3.58E-16,3.61E-16,1.12E-17,1.13E-17,1.15E-17,1.16E-17,6.59E-19,6.66E-19,6.72E-19,6.79E-19,3.57E-20,3.60E-20,3.64E-20,3.67E-20,7.03E-22,7.10E-22,7.17E-22,7.24E-22,4.96E-22,5.01E-22,5.06E-22,5.11E-22,4.75E-22,4.80E-22,4.85E-22,4.89E-22,5.43E-22,5.48E-22,5.54E-22,5.59E-22,5.11E-22,5.17E-22,5.22E-22,5.27E-22,5.06E-22,5.88E-22
-0.074,7.87E-12,7.95E-12,8.03E-12,8.11E-12,3.51E-13,3.55E-13,3.58E-13,3.62E-13,1.28E-14,1.29E-14,1.31E-14,1.32E-14,3.98E-16,4.02E-16,4.06E-16,4.10E-16,1.34E-17,1.35E-17,1.37E-17,1.38E-17,8.44E-19,8.52E-19,8.61E-19,8.69E-19,4.20E-20,4.24E-20,4.28E-20,4.32E-20,9.06E-22,9.15E-22,9.25E-22,9.34E-22,6.23E-22,6.30E-22,6.36E-22,6.42E-22,6.07E-22,6.13E-22,6.19E-22,6.26E-22,6.80E-22,6.86E-22,6.93E-22,7.00E-22,6.62E-22,6.69E-22,6.75E-22,6.82E-22,6.56E-22,7.20E-22
-0.072,9.70E-12,9.79E-12,9.89E-12,9.99E-12,4.39E-13,4.43E-13,4.47E-13,4.52E-13,1.62E-14,1.64E-14,1.65E-14,1.67E-14,5.13E-16,5.19E-16,5.24E-16,5.29E-16,1.55E-17,1.57E-17,1.59E-17,1.60E-17,1.03E-18,1.04E-18,1.05E-18,1.06E-18,4.83E-20,4.88E-20,4.93E-20,4.98E-20,1.11E-21,1.12E-21,1.13E-21,1.14E-21,7.51E-22,7.59E-22,7.66E-22,7.74E-22,7.40E-22,7.47E-22,7.54E-22,7.62E-22,8.16E-22,8.25E-22,8.33E-22,8.41E-22,8.13E-22,8.21E-22,8.29E-22,8.37E-22,8.05E-22,8.52E-22
-0.07,1.15E-11,1.16E-11,1.18E-11,1.19E-11,5.26E-13,5.31E-13,5.37E-13,5.42E-13,1.96E-14,1.98E-14,2.00E-14,2.02E-14,6.29E-16,6.35E-16,6.41E-16,6.48E-16,1.77E-17,1.79E-17,1.81E-17,1.82E-17,1.21E-18,1.23E-18,1.24E-18,1.25E-18,6.03E-20,6.09E-20,6.15E-20,6.21E-20,1.31E-21,1.33E-21,1.34E-21,1.35E-21,8.79E-22,8.87E-22,8.96E-22,9.05E-22,8.72E-22,8.80E-22,8.89E-22,8.98E-22,9.53E-22,9.63E-22,9.72E-22,9.82E-22,9.64E-22,9.73E-22,9.83E-22,9.93E-22,9.54E-22,9.84E-22
-0.068,1.33E-11,1.35E-11,1.36E-11,1.37E-11,6.14E-13,6.20E-13,6.26E-13,6.32E-13,2.31E-14,2.33E-14,2.35E-14,2.38E-14,7.44E-16,7.52E-16,7.59E-16,7.67E-16,2.32E-17,2.34E-17,2.36E-17,2.39E-17,1.40E-18,1.41E-18,1.43E-18,1.44E-18,7.78E-20,7.85E-20,7.93E-20,8.01E-20,1.52E-21,1.53E-21,1.55E-21,1.56E-21,1.01E-21,1.02E-21,1.03E-21,1.04E-21,1.00E-21,1.01E-21,1.02E-21,1.03E-21,1.09E-21,1.10E-21,1.11E-21,1.12E-21,1.11E-21,1.13E-21,1.14E-21,1.15E-21,1.10E-21,1.24E-21
-0.066,1.52E-11,1.53E-11,1.55E-11,1.56E-11,7.01E-13,7.08E-13,7.15E-13,7.22E-13,2.65E-14,2.67E-14,2.70E-14,2.73E-14,8.60E-16,8.68E-16,8.77E-16,8.85E-16,2.86E-17,2.89E-17,2.92E-17,2.95E-17,1.73E-18,1.75E-18,1.77E-18,1.78E-18,9.53E-20,9.62E-20,9.72E-20,9.81E-20,1.72E-21,1.74E-21,1.75E-21,1.77E-21,1.26E-21,1.27E-21,1.29E-21,1.30E-21,1.27E-21,1.28E-21,1.29E-21,1.30E-21,1.49E-21,1.50E-21,1.52E-21,1.53E-21,1.41E-21,1.42E-21,1.44E-21,1.45E-21,1.39E-21,1.63E-21
-0.064,1.70E-11,1.72E-11,1.73E-11,1.75E-11,7.89E-13,7.97E-13,8.05E-13,8.13E-13,2.99E-14,3.02E-14,3.05E-14,3.08E-14,9.75E-16,9.85E-16,9.95E-16,1.00E-15,3.41E-17,3.44E-17,3.48E-17,3.51E-17,2.21E-18,2.24E-18,2.26E-18,2.28E-18,1.13E-19,1.14E-19,1.15E-19,1.16E-19,2.34E-21,2.36E-21,2.38E-21,2.41E-21,1.65E-21,1.66E-21,1.68E-21,1.70E-21,1.66E-21,1.67E-21,1.69E-21,1.70E-21,1.88E-21,1.90E-21,1.92E-21,1.94E-21,1.84E-21,1.86E-21,1.88E-21,1.90E-21,1.83E-21,2.02E-21
-0.062,2.08E-11,2.10E-11,2.13E-11,2.15E-11,9.83E-13,9.93E-13,1.00E-12,1.01E-12,3.78E-14,3.82E-14,3.86E-14,3.90E-14,1.25E-15,1.26E-15,1.28E-15,1.29E-15,3.95E-17,3.99E-17,4.03E-17,4.07E-17,2.70E-18,2.72E-18,2.75E-18,2.78E-18,1.30E-19,1.32E-19,1.33E-19,1.34E-19,2.96E-21,2.99E-21,3.02E-21,3.04E-21,2.03E-21,2.05E-21,2.07E-21,2.09E-21,2.05E-21,2.07E-21,2.09E-21,2.11E-21,2.28E-21,2.30E-21,2.32E-21,2.35E-21,2.28E-21,2.30E-21,2.33E-21,2.35E-21,2.26E-21,2.40E-21
-0.06,2.47E-11,2.49E-11,2.52E-11,2.54E-11,1.18E-12,1.19E-12,1.20E-12,1.21E-12,4.57E-14,4.62E-14,4.67E-14,4.71E-14,1.53E-15,1.54E-15,1.56E-15,1.57E-15,4.50E-17,4.55E-17,4.59E-17,4.64E-17,3.18E-18,3.21E-18,3.24E-18,3.27E-18,1.62E-19,1.64E-19,1.66E-19,1.67E-19,3.57E-21,3.61E-21,3.65E-21,3.68E-21,2.41E-21,2.44E-21,2.46E-21,2.49E-21,2.44E-21,2.46E-21,2.48E-21,2.51E-21,2.67E-21,2.70E-21,2.73E-21,2.75E-21,2.72E-21,2.74E-21,2.77E-21,2.80E-21,2.69E-21,2.79E-21
-0.058,2.85E-11,2.88E-11,2.91E-11,2.94E-11,1.37E-12,1.39E-12,1.40E-12,1.41E-12,5.37E-14,5.42E-14,5.47E-14,5.53E-14,1.81E-15,1.82E-15,1.84E-15,1.86E-15,5.86E-17,5.92E-17,5.98E-17,6.04E-17,3.66E-18,3.70E-18,3.73E-18,3.77E-18,2.09E-19,2.11E-19,2.13E-19,2.15E-19,4.19E-21,4.23E-21,4.28E-21,4.32E-21,2.80E-21,2.83E-21,2.85E-21,2.88E-21,2.83E-21,2.85E-21,2.88E-21,2.91E-21,3.07E-21,3.10E-21,3.13E-21,3.16E-21,3.15E-21,3.18E-21,3.22E-21,3.25E-21,3.12E-21,3.53E-21
-0.056,3.24E-11,3.27E-11,3.30E-11,3.33E-11,1.57E-12,1.58E-12,1.60E-12,1.61E-12,6.16E-14,6.22E-14,6.28E-14,6.34E-14,2.08E-15,2.10E-15,2.12E-15,2.15E-15,7.22E-17,7.29E-17,7.36E-17,7.44E-17,4.52E-18,4.57E-18,4.61E-18,4.66E-18,2.56E-19,2.58E-19,2.61E-19,2.63E-19,4.81E-21,4.86E-21,4.91E-21,4.95E-21,3.54E-21,3.57E-21,3.61E-21,3.64E-21,3.57E-21,3.61E-21,3.64E-21,3.68E-21,4.19E-21,4.23E-21,4.28E-21,4.32E-21,3.99E-21,4.02E-21,4.06E-21,4.10E-21,3.95E-21,4.62E-21
-0.054,3.62E-11,3.66E-11,3.69E-11,3.73E-11,1.76E-12,1.78E-12,1.80E-12,1.81E-12,6.95E-14,7.02E-14,7.09E-14,7.16E-14,2.36E-15,2.38E-15,2.41E-15,2.43E-15,8.58E-17,8.67E-17,8.75E-17,8.84E-17,5.76E-18,5.82E-18,5.88E-18,5.93E-18,3.02E-19,3.05E-19,3.08E-19,3.11E-19,6.55E-21,6.61E-21,6.68E-21,6.74E-21,4.63E-21,4.67E-21,4.72E-21,4.77E-21,4.68E-21,4.72E-21,4.77E-21,4.82E-21,5.31E-21,5.37E-21,5.42E-21,5.47E-21,5.22E-21,5.27E-21,5.32E-21,5.37E-21,5.16E-21,5.71E-21
-0.052,4.43E-11,4.47E-11,4.51E-11,4.56E-11,2.18E-12,2.20E-12,2.22E-12,2.25E-12,8.76E-14,8.85E-14,8.94E-14,9.02E-14,3.02E-15,3.05E-15,3.08E-15,3.11E-15,9.94E-17,1.00E-16,1.01E-16,1.02E-16,7.00E-18,7.07E-18,7.14E-18,7.21E-18,3.49E-19,3.52E-19,3.56E-19,3.59E-19,8.29E-21,8.37E-21,8.45E-21,8.53E-21,5.72E-21,5.78E-21,5.83E-21,5.89E-21,5.78E-21,5.84E-21,5.90E-21,5.95E-21,6.44E-21,6.50E-21,6.56E-21,6.63E-21,6.45E-21,6.51E-21,6.57E-21,6.64E-21,6.38E-21,6.80E-21
-0.05,5.23E-11,5.28E-11,5.34E-11,5.39E-11,2.60E-12,2.63E-12,2.65E-12,2.68E-12,1.06E-13,1.07E-13,1.08E-13,1.09E-13,3.68E-15,3.72E-15,3.75E-15,3.79E-15,1.13E-16,1.14E-16,1.15E-16,1.16E-16,8.24E-18,8.32E-18,8.40E-18,8.49E-18,4.34E-19,4.38E-19,4.42E-19,4.47E-19,1.00E-20,1.01E-20,1.02E-20,1.03E-20,6.81E-21,6.88E-21,6.95E-21,7.02E-21,6.88E-21,6.95E-21,7.02E-21,7.09E-21,7.56E-21,7.63E-21,7.71E-21,7.78E-21,7.68E-21,7.75E-21,7.83E-21,7.91E-21,7.60E-21,7.89E-21
-0.048,6.04E-11,6.10E-11,6.16E-11,6.22E-11,3.02E-12,3.05E-12,3.08E-12,3.11E-12,1.24E-13,1.25E-13,1.26E-13,1.28E-13,4.34E-15,4.38E-15,4.43E-15,4.47E-15,1.47E-16,1.48E-16,1.50E-16,1.51E-16,9.48E-18,9.57E-18,9.67E-18,9.76E-18,5.57E-19,5.62E-19,5.68E-19,5.74E-19,1.18E-20,1.19E-20,1.20E-20,1.21E-20,7.90E-21,7.98E-21,8.06E-21,8.14E-21,7.99E-21,8.07E-21,8.15E-21,8.23E-21,8.68E-21,8.77E-21,8.85E-21,8.94E-21,8.91E-21,8.99E-21,9.08E-21,9.17E-21,8.82E-21,9.95E-21
-0.046,6.84E-11,6.91E-11,6.98E-11,7.05E-11,3.44E-12,3.47E-12,3.51E-12,3.54E-12,1.42E-13,1.43E-13,1.45E-13,1.46E-13,5.00E-15,5.05E-15,5.10E-15,5.15E-15,1.80E-16,1.82E-16,1.84E-16,1.86E-16,1.17E-17,1.18E-17,1.19E-17,1.20E-17,6.80E-19,6.87E-19,6.94E-19,7.00E-19,1.35E-20,1.36E-20,1.38E-20,1.39E-20,9.98E-21,1.01E-20,1.02E-20,1.03E-20,1.01E-20,1.02E-20,1.03E-20,1.04E-20,1.18E-20,1.19E-20,1.20E-20,1.22E-20,1.12E-20,1.13E-20,1.15E-20,1.16E-20,1.11E-20,1.30E-20
-0.044,7.65E-11,7.73E-11,7.80E-11,7.88E-11,3.86E-12,3.90E-12,3.94E-12,3.98E-12,1.60E-13,1.62E-13,1.63E-13,1.65E-13,5.66E-15,5.72E-15,5.77E-15,5.83E-15,2.14E-16,2.16E-16,2.18E-16,2.20E-16,1.48E-17,1.50E-17,1.51E-17,1.53E-17,8.03E-19,8.11E-19,8.19E-19,8.27E-19,1.83E-20,1.85E-20,1.87E-20,1.89E-20,1.30E-20,1.32E-20,1.33E-20,1.34E-20,1.31E-20,1.33E-20,1.34E-20,1.35E-20,1.49E-20,1.51E-20,1.52E-20,1.54E-20,1.46E-20,1.48E-20,1.49E-20,1.51E-20,1.45E-20,1.60E-20
-0.042,9.32E-11,9.41E-11,9.51E-11,9.60E-11,4.77E-12,4.82E-12,4.87E-12,4.92E-12,2.01E-13,2.03E-13,2.05E-13,2.07E-13,7.21E-15,7.28E-15,7.35E-15,7.42E-15,2.47E-16,2.50E-16,2.52E-16,2.55E-16,1.80E-17,1.81E-17,1.83E-17,1.85E-17,9.26E-19,9.36E-19,9.45E-19,9.54E-19,2.32E-20,2.34E-20,2.36E-20,2.39E-20,1.61E-20,1.62E-20,1.64E-20,1.66E-20,1.62E-20,1.64E-20,1.65E-20,1.67E-20,1.81E-20,1.82E-20,1.84E-20,1.86E-20,1.81E-20,1.82E-20,1.84E-20,1.86E-20,1.79E-20,1.90E-20
-0.04,1.10E-10,1.11E-10,1.12E-10,1.13E-10,5.68E-12,5.74E-12,5.80E-12,5.85E-12,2.41E-13,2.44E-13,2.46E-13,2.48E-13,8.76E-15,8.84E-15,8.93E-15,9.02E-15,2.81E-16,2.84E-16,2.87E-16,2.89E-16,2.11E-17,2.13E-17,2.15E-17,2.17E-17,1.15E-18,1.16E-18,1.17E-18,1.18E-18,2.80E-20,2.83E-20,2.86E-20,2.89E-20,1.91E-20,1.93E-20,1.95E-20,1.97E-20,1.93E-20,1.95E-20,1.97E-20,1.99E-20,2.12E-20,2.14E-20,2.16E-20,2.18E-20,2.15E-20,2.17E-20,2.19E-20,2.21E-20,2.13E-20,2.21E-20
-0.038,1.27E-10,1.28E-10,1.29E-10,1.30E-10,6.60E-12,6.66E-12,6.73E-12,6.79E-12,2.82E-13,2.85E-13,2.87E-13,2.90E-13,1.03E-14,1.04E-14,1.05E-14,1.06E-14,3.63E-16,3.67E-16,3.70E-16,3.74E-16,2.42E-17,2.45E-17,2.47E-17,2.50E-17,1.47E-18,1.49E-18,1.50E-18,1.52E-18,3.29E-20,3.32E-20,3.35E-20,3.38E-20,2.22E-20,2.24E-20,2.26E-20,2.28E-20,2.24E-20,2.26E-20,2.28E-20,2.30E-20,2.43E-20,2.45E-20,2.48E-20,2.50E-20,2.49E-20,2.51E-20,2.54E-20,2.56E-20,2.46E-20,2.78E-20
-0.036,1.43E-10,1.45E-10,1.46E-10,1.48E-10,7.51E-12,7.58E-12,7.66E-12,7.73E-12,3.22E-13,3.26E-13,3.29E-13,3.32E-13,1.19E-14,1.20E-14,1.21E-14,1.22E-14,4.45E-16,4.49E-16,4.54E-16,4.58E-16,2.97E-17,3.00E-17,3.03E-17,3.06E-17,1.79E-18,1.81E-18,1.83E-18,1.85E-18,3.77E-20,3.81E-20,3.85E-20,3.88E-20,2.79E-20,2.82E-20,2.85E-20,2.87E-20,2.81E-20,2.84E-20,2.87E-20,2.90E-20,3.29E-20,3.32E-20,3.35E-20,3.39E-20,3.13E-20,3.16E-20,3.19E-20,3.22E-20,3.10E-20,3.61E-20
-0.034,1.60E-10,1.62E-10,1.63E-10,1.65E-10,8.42E-12,8.50E-12,8.59E-12,8.67E-12,3.63E-13,3.67E-13,3.70E-13,3.74E-13,1.34E-14,1.35E-14,1.37E-14,1.38E-14,5.27E-16,5.32E-16,5.38E-16,5.43E-16,3.76E-17,3.80E-17,3.84E-17,3.87E-17,2.12E-18,2.14E-18,2.16E-18,2.18E-18,5.10E-20,5.15E-20,5.20E-20,5.25E-20,3.63E-20,3.67E-20,3.70E-20,3.74E-20,3.66E-20,3.70E-20,3.73E-20,3.77E-20,4.15E-20,4.19E-20,4.23E-20,4.27E-20,4.07E-20,4.11E-20,4.15E-20,4.19E-20,4.03E-20,4.45E-20
-0.032,1.94E-10,1.96E-10,1.98E-10,2.00E-10,1.04E-11,1.05E-11,1.06E-11,1.07E-11,4.53E-13,4.58E-13,4.62E-13,4.67E-13,1.70E-14,1.72E-14,1.74E-14,1.75E-14,6.09E-16,6.15E-16,6.21E-16,6.27E-16,4.55E-17,4.60E-17,4.64E-17,4.69E-17,2.44E-18,2.46E-18,2.49E-18,2.51E-18,6.42E-20,6.49E-20,6.55E-20,6.61E-20,4.47E-20,4.51E-20,4.56E-20,4.60E-20,4.51E-20,4.55E-20,4.60E-20,4.64E-20,5.00E-20,5.05E-20,5.10E-20,5.15E-20,5.01E-20,5.06E-20,5.11E-20,5.16E-20,4.95E-20,5.28E-20
-0.03,2.28E-10,2.30E-10,2.33E-10,2.35E-10,1.23E-11,1.24E-11,1.25E-11,1.27E-11,5.44E-13,5.49E-13,5.55E-13,5.60E-13,2.06E-14,2.08E-14,2.11E-14,2.13E-14,6.91E-16,6.98E-16,7.05E-16,7.12E-16,5.34E-17,5.39E-17,5.44E-17,5.50E-17,3.02E-18,3.05E-18,3.08E-18,3.11E-18,7.75E-20,7.83E-20,7.90E-20,7.98E-20,5.31E-20,5.36E-20,5.42E-20,5.47E-20,5.35E-20,5.40E-20,5.46E-20,5.51E-20,5.86E-20,5.92E-20,5.98E-20,6.04E-20,5.94E-20,6.00E-20,6.06E-20,6.12E-20,5.88E-20,6.11E-20
-0.028,2.62E-10,2.65E-10,2.67E-10,2.70E-10,1.42E-11,1.44E-11,1.45E-11,1.47E-11,6.34E-13,6.41E-13,6.47E-13,6.53E-13,2.43E-14,2.45E-14,2.47E-14,2.50E-14,8.89E-16,8.98E-16,9.07E-16,9.15E-16,6.13E-17,6.19E-17,6.25E-17,6.31E-17,3.85E-18,3.88E-18,3.92E-18,3.96E-18,9.07E-20,9.16E-20,9.26E-20,9.35E-20,6.15E-20,6.21E-20,6.27E-20,6.33E-20,6.20E-20,6.26E-20,6.32E-20,6.38E-20,6.72E-20,6.79E-20,6.85E-20,6.92E-20,6.88E-20,6.95E-20,7.02E-20,7.09E-20,6.81E-20,7.67E-20
-0.026,2.96E-10,2.99E-10,3.02E-10,3.05E-10,1.62E-11,1.63E-11,1.65E-11,1.66E-11,7.25E-13,7.32E-13,7.39E-13,7.46E-13,2.79E-14,2.82E-14,2.84E-14,2.87E-14,1.09E-15,1.10E-15,1.11E-15,1.12E-15,7.50E-17,7.57E-17,7.65E-17,7.72E-17,4.68E-18,4.72E-18,4.77E-18,4.82E-18,1.04E-19,1.05E-19,1.06E-19,1.07E-19,7.71E-20,7.79E-20,7.87E-20,7.94E-20,7.77E-20,7.85E-20,7.92E-20,8.00E-20,9.06E-20,9.15E-20,9.24E-20,9.33E-20,8.63E-20,8.71E-20,8.80E-20,8.88E-20,8.54E-20,9.94E-20
-0.024,3.30E-10,3.33E-10,3.37E-10,3.40E-10,1.81E-11,1.83E-11,1.85E-11,1.86E-11,8.15E-13,8.23E-13,8.31E-13,8.39E-13,3.15E-14,3.18E-14,3.21E-14,3.24E-14,1.28E-15,1.30E-15,1.31E-15,1.32E-15,9.45E-17,9.55E-17,9.64E-17,9.74E-17,5.51E-18,5.56E-18,5.62E-18,5.67E-18,1.40E-19,1.41E-19,1.43E-19,1.44E-19,1.00E-19,1.01E-19,1.02E-19,1.03E-19,1.01E-19,1.02E-19,1.03E-19,1.04E-19,1.14E-19,1.15E-19,1.16E-19,1.17E-19,1.12E-19,1.13E-19,1.14E-19,1.15E-19,1.11E-19,1.22E-19
-0.022,3.99E-10,4.03E-10,4.07E-10,4.11E-10,2.22E-11,2.24E-11,2.26E-11,2.29E-11,1.01E-12,1.02E-12,1.03E-12,1.04E-12,3.98E-14,4.02E-14,4.06E-14,4.10E-14,1.48E-15,1.50E-15,1.51E-15,1.53E-15,1.14E-16,1.15E-16,1.16E-16,1.18E-16,6.34E-18,6.40E-18,6.46E-18,6.53E-18,1.76E-19,1.78E-19,1.80E-19,1.81E-19,1.23E-19,1.24E-19,1.25E-19,1.27E-19,1.24E-19,1.25E-19,1.26E-19,1.27E-19,1.37E-19,1.39E-19,1.40E-19,1.41E-19,1.37E-19,1.39E-19,1.40E-19,1.41E-19,1.36E-19,1.45E-19
-0.02,4.68E-10,4.73E-10,4.77E-10,4.82E-10,2.63E-11,2.66E-11,2.68E-11,2.71E-11,1.21E-12,1.23E-12,1.24E-12,1.25E-12,4.81E-14,4.86E-14,4.91E-14,4.95E-14,1.68E-15,1.70E-15,1.71E-15,1.73E-15,1.34E-16,1.35E-16,1.36E-16,1.38E-16,7.82E-18,7.89E-18,7.97E-18,8.05E-18,2.12E-19,2.14E-19,2.16E-19,2.18E-19,1.46E-19,1.47E-19,1.49E-19,1.50E-19,1.47E-19,1.48E-19,1.49E-19,1.51E-19,1.61E-19,1.62E-19,1.64E-19,1.65E-19,1.63E-19,1.64E-19,1.66E-19,1.68E-19,1.61E-19,1.68E-19
-0.018,5.37E-10,5.42E-10,5.48E-10,5.53E-10,3.04E-11,3.07E-11,3.10E-11,3.13E-11,1.41E-12,1.43E-12,1.44E-12,1.45E-12,5.64E-14,5.70E-14,5.75E-14,5.81E-14,2.15E-15,2.18E-15,2.20E-15,2.22E-15,1.53E-16,1.55E-16,1.56E-16,1.58E-16,9.95E-18,1.00E-17,1.01E-17,1.02E-17,2.48E-19,2.50E-19,2.53E-19,2.55E-19,1.69E-19,1.70E-19,1.72E-19,1.74E-19,1.70E-19,1.71E-19,1.73E-19,1.75E-19,1.84E-19,1.86E-19,1.88E-19,1.90E-19,1.88E-19,1.90E-19,1.92E-19,1.94E-19,1.86E-19,2.10E-19
-0.016,6.06E-10,6.12E-10,6.18E-10,6.24E-10,3.45E-11,3.48E-11,3.52E-11,3.55E-11,1.61E-12,1.63E-12,1.64E-12,1.66E-12,6.47E-14,6.53E-14,6.60E-14,6.66E-14,2.63E-15,2.65E-15,2.68E-15,2.71E-15,1.87E-16,1.89E-16,1.91E-16,1.93E-16,1.21E-17,1.22E-17,1.23E-17,1.24E-17,2.84E-19,2.87E-19,2.90E-19,2.93E-19,2.11E-19,2.13E-19,2.15E-19,2.17E-19,2.12E-19,2.14E-19,2.16E-19,2.18E-19,2.47E-19,2.49E-19,2.52E-19,2.54E-19,2.35E-19,2.38E-19,2.40E-19,2.42E-19,2.33E-19,2.71E-19
-0.014,6.75E-10,6.82E-10,6.89E-10,6.95E-10,3.86E-11,3.90E-11,3.94E-11,3.98E-11,1.81E-12,1.83E-12,1.85E-12,1.86E-12,7.30E-14,7.37E-14,7.45E-14,7.52E-14,3.10E-15,3.13E-15,3.16E-15,3.20E-15,2.35E-16,2.38E-16,2.40E-16,2.42E-16,1.42E-17,1.43E-17,1.45E-17,1.46E-17,3.81E-19,3.84E-19,3.88E-19,3.92E-19,2.73E-19,2.75E-19,2.78E-19,2.81E-19,2.74E-19,2.77E-19,2.80E-19,2.83E-19,3.10E-19,3.13E-19,3.16E-19,3.19E-19,3.04E-19,3.07E-19,3.10E-19,3.13E-19,3.01E-19,3.32E-19
-0.012,8.14E-10,8.22E-10,8.30E-10,8.38E-10,4.72E-11,4.76E-11,4.81E-11,4.86E-11,2.25E-12,2.27E-12,2.29E-12,2.31E-12,9.20E-14,9.29E-14,9.38E-14,9.48E-14,3.58E-15,3.61E-15,3.65E-15,3.68E-15,2.84E-16,2.86E-16,2.89E-16,2.92E-16,1.63E-17,1.65E-17,1.67E-17,1.68E-17,4.77E-19,4.82E-19,4.87E-19,4.92E-19,3.35E-19,3.38E-19,3.41E-19,3.45E-19,3.37E-19,3.40E-19,3.43E-19,3.47E-19,3.72E-19,3.76E-19,3.80E-19,3.84E-19,3.73E-19,3.76E-19,3.80E-19,3.84E-19,3.69E-19,3.93E-19
-0.01,9.53E-10,9.63E-10,9.72E-10,9.82E-10,5.57E-11,5.63E-11,5.68E-11,5.74E-11,2.68E-12,2.71E-12,2.74E-12,2.76E-12,1.11E-13,1.12E-13,1.13E-13,1.14E-13,4.05E-15,4.09E-15,4.13E-15,4.17E-15,3.32E-16,3.35E-16,3.38E-16,3.42E-16,2.01E-17,2.03E-17,2.05E-17,2.07E-17,5.74E-19,5.80E-19,5.85E-19,5.91E-19,3.96E-19,4.00E-19,4.04E-19,4.08E-19,3.99E-19,4.03E-19,4.07E-19,4.11E-19,4.35E-19,4.40E-19,4.44E-19,4.48E-19,4.41E-19,4.46E-19,4.50E-19,4.54E-19,4.37E-19,4.54E-19
-0.008,1.09E-09,1.10E-09,1.11E-09,1.12E-09,6.43E-11,6.49E-11,6.56E-11,6.62E-11,3.12E-12,3.15E-12,3.18E-12,3.21E-12,1.30E-13,1.31E-13,1.33E-13,1.34E-13,5.17E-15,5.22E-15,5.27E-15,5.32E-15,3.80E-16,3.84E-16,3.87E-16,3.91E-16,2.54E-17,2.57E-17,2.59E-17,2.62E-17,6.70E-19,6.77E-19,6.84E-19,6.91E-19,4.58E-19,4.63E-19,4.67E-19,4.72E-19,4.61E-19,4.66E-19,4.70E-19,4.75E-19,4.98E-19,5.03E-19,5.08E-19,5.13E-19,5.10E-19,5.15E-19,5.20E-19,5.25E-19,5.05E-19,5.66E-19
-0.006,1.23E-09,1.24E-09,1.26E-09,1.27E-09,7.28E-11,7.36E-11,7.43E-11,7.50E-11,3.55E-12,3.59E-12,3.63E-12,3.66E-12,1.49E-13,1.50E-13,1.52E-13,1.53E-13,6.29E-15,6.35E-15,6.41E-15,6.47E-15,4.63E-16,4.67E-16,4.72E-16,4.76E-16,3.08E-17,3.11E-17,3.14E-17,3.17E-17,7.67E-19,7.75E-19,7.82E-19,7.90E-19,5.71E-19,5.77E-19,5.83E-19,5.88E-19,5.75E-19,5.81E-19,5.86E-19,5.92E-19,6.66E-19,6.73E-19,6.80E-19,6.86E-19,6.36E-19,6.42E-19,6.48E-19,6.55E-19,6.29E-19,7.29E-19
-0.004,1.37E-09,1.38E-09,1.40E-09,1.41E-09,8.14E-11,8.22E-11,8.30E-11,8.38E-11,3.99E-12,4.03E-12,4.07E-12,4.11E-12,1.68E-13,1.70E-13,1.71E-13,1.73E-13,7.40E-15,7.48E-15,7.55E-15,7.63E-15,5.80E-16,5.85E-16,5.91E-16,5.97E-16,3.61E-17,3.65E-17,3.68E-17,3.72E-17,1.02E-18,1.03E-18,1.04E-18,1.05E-18,7.35E-19,7.43E-19,7.50E-19,7.57E-19,7.40E-19,7.48E-19,7.55E-19,7.63E-19,8.35E-19,8.43E-19,8.51E-19,8.60E-19,8.19E-19,8.27E-19,8.35E-19,8.43E-19,8.11E-19,8.92E-19
-0.002,1.64E-09,1.66E-09,1.67E-09,1.69E-09,9.91E-11,1.00E-10,1.01E-10,1.02E-10,4.93E-12,4.98E-12,5.03E-12,5.08E-12,2.11E-13,2.13E-13,2.15E-13,2.17E-13,8.52E-15,8.61E-15,8.69E-15,8.78E-15,6.97E-16,7.03E-16,7.10E-16,7.17E-16,4.14E-17,4.18E-17,4.23E-17,4.27E-17,1.28E-18,1.29E-18,1.31E-18,1.32E-18,9.00E-19,9.08E-19,9.17E-19,9.26E-19,9.06E-19,9.15E-19,9.24E-19,9.33E-19,1.00E-18,1.01E-18,1.02E-18,1.03E-18,1.00E-18,1.01E-18,1.02E-18,1.03E-18,9.92E-19,1.06E-18
1.33E-15,1.91E-09,1.93E-09,1.95E-09,1.97E-09,1.17E-10,1.18E-10,1.19E-10,1.20E-10,5.87E-12,5.92E-12,5.98E-12,6.04E-12,2.53E-13,2.56E-13,2.58E-13,2.61E-13,9.64E-15,9.74E-15,9.83E-15,9.93E-15,8.14E-16,8.22E-16,8.30E-16,8.38E-16,5.08E-17,5.13E-17,5.18E-17,5.23E-17,1.54E-18,1.55E-18,1.57E-18,1.58E-18,1.06E-18,1.07E-18,1.08E-18,1.10E-18,1.07E-18,1.08E-18,1.09E-18,1.10E-18,1.17E-18,1.18E-18,1.20E-18,1.21E-18,1.19E-18,1.20E-18,1.21E-18,1.22E-18,1.17E-18,1.22E-18
0.002,2.19E-09,2.21E-09,2.23E-09,2.25E-09,1.35E-10,1.36E-10,1.37E-10,1.39E-10,6.80E-12,6.87E-12,6.94E-12,7.01E-12,2.96E-13,2.99E-13,3.02E-13,3.05E-13,1.23E-14,1.24E-14,1.25E-14,1.26E-14,9.31E-16,9.40E-16,9.49E-16,9.58E-16,6.42E-17,6.48E-17,6.55E-17,6.61E-17,1.79E-18,1.81E-18,1.83E-18,1.85E-18,1.23E-18,1.24E-18,1.25E-18,1.26E-18,1.24E-18,1.25E-18,1.26E-18,1.27E-18,1.34E-18,1.35E-18,1.37E-18,1.38E-18,1.37E-18,1.38E-18,1.40E-18,1.41E-18,1.35E-18,1.51E-18
0.004,2.46E-09,2.48E-09,2.51E-09,2.53E-09,1.52E-10,1.54E-10,1.55E-10,1.57E-10,7.74E-12,7.82E-12,7.90E-12,7.97E-12,3.38E-13,3.42E-13,3.45E-13,3.49E-13,1.49E-14,1.50E-14,1.52E-14,1.53E-14,1.13E-15,1.14E-15,1.15E-15,1.16E-15,7.76E-17,7.83E-17,7.91E-17,7.99E-17,2.05E-18,2.07E-18,2.09E-18,2.11E-18,1.53E-18,1.54E-18,1.56E-18,1.57E-18,1.54E-18,1.55E-18,1.57E-18,1.58E-18,1.78E-18,1.80E-18,1.82E-18,1.83E-18,1.70E-18,1.72E-18,1.73E-18,1.75E-18,1.68E-18,1.94E-18
0.006,2.73E-09,2.76E-09,2.78E-09,2.81E-09,1.70E-10,1.72E-10,1.73E-10,1.75E-10,8.68E-12,8.77E-12,8.85E-12,8.94E-12,3.81E-13,3.85E-13,3.89E-13,3.92E-13,1.75E-14,1.77E-14,1.78E-14,1.80E-14,1.41E-15,1.43E-15,1.44E-15,1.45E-15,9.09E-17,9.18E-17,9.27E-17,9.37E-17,2.72E-18,2.75E-18,2.78E-18,2.81E-18,1.96E-18,1.98E-18,2.00E-18,2.02E-18,1.97E-18,1.99E-18,2.01E-18,2.03E-18,2.22E-18,2.24E-18,2.26E-18,2.29E-18,2.18E-18,2.20E-18,2.22E-18,2.24E-18,2.16E-18,2.37E-18
0.008,3.27E-09,3.30E-09,3.33E-09,3.36E-09,2.06E-10,2.08E-10,2.10E-10,2.12E-10,1.07E-11,1.08E-11,1.09E-11,1.10E-11,4.76E-13,4.81E-13,4.85E-13,4.90E-13,2.01E-14,2.03E-14,2.05E-14,2.07E-14,1.69E-15,1.71E-15,1.73E-15,1.75E-15,1.04E-16,1.05E-16,1.06E-16,1.07E-16,3.40E-18,3.43E-18,3.47E-18,3.50E-18,2.40E-18,2.42E-18,2.45E-18,2.47E-18,2.41E-18,2.43E-18,2.46E-18,2.48E-18,2.66E-18,2.69E-18,2.71E-18,2.74E-18,2.66E-18,2.68E-18,2.71E-18,2.73E-18,2.63E-18,2.80E-18
0.01,3.80E-09,3.84E-09,3.88E-09,3.92E-09,2.42E-10,2.45E-10,2.47E-10,2.50E-10,1.27E-11,1.28E-11,1.29E-11,1.31E-11,5.71E-13,5.76E-13,5.82E-13,5.88E-13,2.27E-14,2.29E-14,2.32E-14,2.34E-14,1.98E-15,2.00E-15,2.02E-15,2.04E-15,1.28E-16,1.29E-16,1.30E-16,1.31E-16,4.07E-18,4.11E-18,4.15E-18,4.19E-18,2.84E-18,2.86E-18,2.89E-18,2.92E-18,2.85E-18,2.87E-18,2.90E-18,2.93E-18,3.10E-18,3.13E-18,3.16E-18,3.19E-18,3.13E-18,3.16E-18,3.20E-18,3.23E-18,3.10E-18,3.23E-18
0.012,4.34E-09,4.38E-09,4.42E-09,4.47E-09,2.79E-10,2.81E-10,2.84E-10,2.87E-10,1.47E-11,1.48E-11,1.50E-11,1.51E-11,6.65E-13,6.72E-13,6.79E-13,6.85E-13,2.87E-14,2.90E-14,2.93E-14,2.96E-14,2.26E-15,2.28E-15,2.30E-15,2.33E-15,1.61E-16,1.62E-16,1.64E-16,1.66E-16,4.75E-18,4.79E-18,4.84E-18,4.89E-18,3.27E-18,3.30E-18,3.34E-18,3.37E-18,3.28E-18,3.31E-18,3.35E-18,3.38E-18,3.54E-18,3.58E-18,3.61E-18,3.65E-18,3.61E-18,3.65E-18,3.68E-18,3.72E-18,3.57E-18,4.00E-18
0.014,4.87E-09,4.92E-09,4.97E-09,5.02E-09,3.15E-10,3.18E-10,3.21E-10,3.24E-10,1.67E-11,1.69E-11,1.70E-11,1.72E-11,7.60E-13,7.68E-13,7.75E-13,7.83E-13,3.48E-14,3.51E-14,3.55E-14,3.58E-14,2.73E-15,2.76E-15,2.79E-15,2.82E-15,1.94E-16,1.96E-16,1.98E-16,2.00E-16,5.42E-18,5.47E-18,5.53E-18,5.58E-18,4.06E-18,4.10E-18,4.14E-18,4.18E-18,4.07E-18,4.11E-18,4.15E-18,4.19E-18,4.69E-18,4.73E-18,4.78E-18,4.83E-18,4.48E-18,4.52E-18,4.56E-18,4.61E-18,4.43E-18,5.11E-18
0.016,5.41E-09,5.46E-09,5.52E-09,5.57E-09,3.51E-10,3.55E-10,3.58E-10,3.62E-10,1.87E-11,1.89E-11,1.91E-11,1.93E-11,8.55E-13,8.64E-13,8.72E-13,8.81E-13,4.08E-14,4.12E-14,4.16E-14,4.20E-14,3.40E-15,3.44E-15,3.47E-15,3.50E-15,2.27E-16,2.29E-16,2.32E-16,2.34E-16,7.18E-18,7.25E-18,7.32E-18,7.39E-18,5.20E-18,5.25E-18,5.30E-18,5.35E-18,5.20E-18,5.25E-18,5.31E-18,5.36E-18,5.84E-18,5.89E-18,5.95E-18,6.01E-18,5.73E-18,5.78E-18,5.84E-18,5.90E-18,5.67E-18,6.23E-18
0.018,6.45E-09,6.51E-09,6.58E-09,6.64E-09,4.24E-10,4.28E-10,4.32E-10,4.37E-10,2.29E-11,2.31E-11,2.34E-11,2.36E-11,1.06E-12,1.07E-12,1.09E-12,1.10E-12,4.69E-14,4.73E-14,4.78E-14,4.83E-14,4.07E-15,4.11E-15,4.15E-15,4.19E-15,2.60E-16,2.63E-16,2.66E-16,2.68E-16,8.93E-18,9.02E-18,9.11E-18,9.20E-18,6.34E-18,6.40E-18,6.46E-18,6.53E-18,6.34E-18,6.40E-18,6.46E-18,6.53E-18,6.98E-18,7.05E-18,7.12E-18,7.19E-18,6.98E-18,7.04E-18,7.11E-18,7.18E-18,6.91E-18,7.35E-18
0.02,7.49E-09,7.56E-09,7.64E-09,7.71E-09,4.97E-10,5.02E-10,5.07E-10,5.11E-10,2.71E-11,2.74E-11,2.77E-11,2.80E-11,1.27E-12,1.29E-12,1.30E-12,1.31E-12,5.29E-14,5.34E-14,5.40E-14,5.45E-14,4.74E-15,4.79E-15,4.83E-15,4.88E-15,3.17E-16,3.21E-16,3.24E-16,3.27E-16,1.07E-17,1.08E-17,1.09E-17,1.10E-17,7.47E-18,7.55E-18,7.62E-18,7.70E-18,7.47E-18,7.54E-18,7.62E-18,7.69E-18,8.13E-18,8.21E-18,8.29E-18,8.38E-18,8.23E-18,8.31E-18,8.39E-18,8.47E-18,8.14E-18,8.46E-18
0.022,8.52E-09,8.61E-09,8.69E-09,8.78E-09,5.69E-10,5.75E-10,5.81E-10,5.86E-10,3.14E-11,3.17E-11,3.20E-11,3.23E-11,1.48E-12,1.50E-12,1.51E-12,1.53E-12,6.67E-14,6.74E-14,6.81E-14,6.87E-14,5.41E-15,5.46E-15,5.51E-15,5.57E-15,3.98E-16,4.02E-16,4.06E-16,4.10E-16,1.24E-17,1.26E-17,1.27E-17,1.28E-17,8.61E-18,8.70E-18,8.78E-18,8.87E-18,8.60E-18,8.69E-18,8.78E-18,8.86E-18,9.28E-18,9.37E-18,9.47E-18,9.56E-18,9.48E-18,9.57E-18,9.66E-18,9.76E-18,9.38E-18,1.05E-17
0.024,9.56E-09,9.66E-09,9.75E-09,9.85E-09,6.42E-10,6.49E-10,6.55E-10,6.61E-10,3.56E-11,3.59E-11,3.63E-11,3.66E-11,1.69E-12,1.71E-12,1.72E-12,1.74E-12,8.05E-14,8.13E-14,8.22E-14,8.30E-14,6.53E-15,6.59E-15,6.66E-15,6.72E-15,4.79E-16,4.84E-16,4.89E-16,4.93E-16,1.42E-17,1.43E-17,1.45E-17,1.46E-17,1.07E-17,1.08E-17,1.09E-17,1.10E-17,1.06E-17,1.07E-17,1.08E-17,1.10E-17,1.22E-17,1.24E-17,1.25E-17,1.26E-17,1.17E-17,1.18E-17,1.19E-17,1.21E-17,1.16E-17,1.33E-17
0.026,1.06E-08,1.07E-08,1.08E-08,1.09E-08,7.15E-10,7.22E-10,7.29E-10,7.36E-10,3.98E-11,4.02E-11,4.06E-11,4.10E-11,1.90E-12,1.92E-12,1.94E-12,1.96E-12,9.44E-14,9.53E-14,9.62E-14,9.72E-14,8.10E-15,8.18E-15,8.26E-15,8.34E-15,5.60E-16,5.65E-16,5.71E-16,5.77E-16,1.87E-17,1.89E-17,1.91E-17,1.92E-17,1.36E-17,1.37E-17,1.39E-17,1.40E-17,1.36E-17,1.37E-17,1.38E-17,1.40E-17,1.52E-17,1.54E-17,1.55E-17,1.57E-17,1.49E-17,1.51E-17,1.52E-17,1.54E-17,1.48E-17,1.62E-17
0.028,1.26E-08,1.27E-08,1.29E-08,1.30E-08,8.62E-10,8.71E-10,8.79E-10,8.88E-10,4.86E-11,4.91E-11,4.96E-11,5.01E-11,2.36E-12,2.38E-12,2.40E-12,2.43E-12,1.08E-13,1.09E-13,1.10E-13,1.11E-13,9.67E-15,9.77E-15,9.86E-15,9.96E-15,6.41E-16,6.47E-16,6.53E-16,6.60E-16,2.32E-17,2.34E-17,2.36E-17,2.39E-17,1.65E-17,1.67E-17,1.69E-17,1.70E-17,1.65E-17,1.66E-17,1.68E-17,1.70E-17,1.82E-17,1.84E-17,1.85E-17,1.87E-17,1.82E-17,1.83E-17,1.85E-17,1.87E-17,1.80E-17,1.91E-17
0.03,1.46E-08,1.47E-08,1.49E-08,1.50E-08,1.01E-09,1.02E-09,1.03E-09,1.04E-09,5.74E-11,5.80E-11,5.86E-11,5.92E-11,2.81E-12,2.84E-12,2.87E-12,2.90E-12,1.22E-13,1.23E-13,1.24E-13,1.26E-13,1.12E-14,1.14E-14,1.15E-14,1.16E-14,7.79E-16,7.87E-16,7.94E-16,8.02E-16,2.76E-17,2.79E-17,2.82E-17,2.85E-17,1.95E-17,1.97E-17,1.99E-17,2.01E-17,1.94E-17,1.96E-17,1.98E-17,2.00E-17,2.11E-17,2.13E-17,2.16E-17,2.18E-17,2.14E-17,2.16E-17,2.18E-17,2.20E-17,2.12E-17,2.20E-17
0.032,1.66E-08,1.68E-08,1.69E-08,1.71E-08,1.16E-09,1.17E-09,1.18E-09,1.19E-09,6.63E-11,6.69E-11,6.76E-11,6.82E-11,3.27E-12,3.30E-12,3.33E-12,3.37E-12,1.53E-13,1.55E-13,1.56E-13,1.58E-13,1.28E-14,1.29E-14,1.31E-14,1.32E-14,9.75E-16,9.84E-16,9.94E-16,1.00E-15,3.21E-17,3.24E-17,3.28E-17,3.31E-17,2.24E-17,2.27E-17,2.29E-17,2.31E-17,2.23E-17,2.26E-17,2.28E-17,2.30E-17,2.41E-17,2.43E-17,2.46E-17,2.48E-17,2.46E-17,2.48E-17,2.51E-17,2.53E-17,2.43E-17,2.71E-17
0.034,1.86E-08,1.88E-08,1.90E-08,1.92E-08,1.30E-09,1.32E-09,1.33E-09,1.34E-09,7.51E-11,7.58E-11,7.66E-11,7.73E-11,3.72E-12,3.76E-12,3.80E-12,3.84E-12,1.84E-13,1.86E-13,1.88E-13,1.90E-13,1.54E-14,1.56E-14,1.57E-14,1.59E-14,1.17E-15,1.18E-15,1.19E-15,1.21E-15,3.66E-17,3.70E-17,3.73E-17,3.77E-17,2.77E-17,2.79E-17,2.82E-17,2.85E-17,2.75E-17,2.78E-17,2.81E-17,2.84E-17,3.16E-17,3.20E-17,3.23E-17,3.26E-17,3.03E-17,3.06E-17,3.09E-17,3.12E-17,3.00E-17,3.44E-17
0.036,2.06E-08,2.08E-08,2.10E-08,2.12E-08,1.45E-09,1.46E-09,1.48E-09,1.49E-09,8.39E-11,8.47E-11,8.56E-11,8.64E-11,4.18E-12,4.22E-12,4.26E-12,4.31E-12,2.16E-13,2.18E-13,2.20E-13,2.22E-13,1.91E-14,1.93E-14,1.95E-14,1.97E-14,1.37E-15,1.38E-15,1.39E-15,1.41E-15,4.80E-17,4.85E-17,4.90E-17,4.95E-17,3.52E-17,3.55E-17,3.59E-17,3.62E-17,3.50E-17,3.54E-17,3.57E-17,3.61E-17,3.92E-17,3.96E-17,4.00E-17,4.04E-17,3.85E-17,3.89E-17,3.92E-17,3.96E-17,3.81E-17,4.18E-17
0.038,2.44E-08,2.46E-08,2.48E-08,2.51E-08,1.74E-09,1.76E-09,1.77E-09,1.79E-09,1.02E-10,1.03E-10,1.04E-10,1.05E-10,5.16E-12,5.21E-12,5.27E-12,5.32E-12,2.47E-13,2.49E-13,2.52E-13,2.54E-13,2.28E-14,2.30E-14,2.33E-14,2.35E-14,1.56E-15,1.58E-15,1.59E-15,1.61E-15,5.95E-17,6.01E-17,6.07E-17,6.13E-17,4.27E-17,4.31E-17,4.35E-17,4.39E-17,4.25E-17,4.29E-17,4.34E-17,4.38E-17,4.67E-17,4.72E-17,4.77E-17,4.81E-17,4.67E-17,4.71E-17,4.76E-17,4.80E-17,4.62E-17,4.91E-17
0.04,2.81E-08,2.84E-08,2.87E-08,2.90E-08,2.03E-09,2.05E-09,2.07E-09,2.09E-09,1.20E-10,1.22E-10,1.23E-10,1.24E-10,6.14E-12,6.21E-12,6.27E-12,6.33E-12,2.78E-13,2.81E-13,2.84E-13,2.86E-13,2.65E-14,2.67E-14,2.70E-14,2.73E-14,1.89E-15,1.91E-15,1.93E-15,1.95E-15,7.09E-17,7.16E-17,7.23E-17,7.30E-17,5.02E-17,5.07E-17,5.12E-17,5.17E-17,5.00E-17,5.05E-17,5.10E-17,5.15E-17,5.43E-17,5.48E-17,5.53E-17,5.59E-17,5.48E-17,5.54E-17,5.59E-17,5.65E-17,5.43E-17,5.64E-17
0.042,3.19E-08,3.22E-08,3.25E-08,3.28E-08,2.31E-09,2.34E-09,2.36E-09,2.38E-09,1.39E-10,1.40E-10,1.41E-10,1.43E-10,7.13E-12,7.20E-12,7.27E-12,7.34E-12,3.48E-13,3.51E-13,3.55E-13,3.58E-13,3.02E-14,3.05E-14,3.08E-14,3.11E-14,2.36E-15,2.39E-15,2.41E-15,2.43E-15,8.24E-17,8.32E-17,8.40E-17,8.48E-17,5.77E-17,5.82E-17,5.88E-17,5.94E-17,5.75E-17,5.80E-17,5.86E-17,5.92E-17,6.18E-17,6.24E-17,6.30E-17,6.37E-17,6.30E-17,6.36E-17,6.43E-17,6.49E-17,6.24E-17,6.94E-17
0.044,3.56E-08,3.60E-08,3.64E-08,3.67E-08,2.60E-09,2.63E-09,2.65E-09,2.68E-09,1.57E-10,1.58E-10,1.60E-10,1.61E-10,8.11E-12,8.19E-12,8.27E-12,8.35E-12,4.18E-13,4.22E-13,4.26E-13,4.30E-13,3.62E-14,3.66E-14,3.69E-14,3.73E-14,2.83E-15,2.86E-15,2.89E-15,2.91E-15,9.38E-17,9.47E-17,9.57E-17,9.66E-17,7.09E-17,7.16E-17,7.23E-17,7.30E-17,7.06E-17,7.13E-17,7.20E-17,7.27E-17,8.08E-17,8.16E-17,8.25E-17,8.33E-17,7.74E-17,7.82E-17,7.89E-17,7.97E-17,7.66E-17,8.80E-17
0.046,3.94E-08,3.98E-08,4.02E-08,4.06E-08,2.89E-09,2.92E-09,2.95E-09,2.98E-09,1.75E-10,1.77E-10,1.79E-10,1.80E-10,9.09E-12,9.18E-12,9.27E-12,9.36E-12,4.87E-13,4.92E-13,4.97E-13,5.02E-13,4.47E-14,4.51E-14,4.56E-14,4.60E-14,3.30E-15,3.33E-15,3.36E-15,3.40E-15,1.22E-16,1.24E-16,1.25E-16,1.26E-16,8.98E-17,9.07E-17,9.16E-17,9.25E-17,8.93E-17,9.02E-17,9.11E-17,9.20E-17,9.99E-17,1.01E-16,1.02E-16,1.03E-16,9.80E-17,9.89E-17,9.99E-17,1.01E-16,9.70E-17,1.07E-16
0.048,4.65E-08,4.69E-08,4.74E-08,4.79E-08,3.45E-09,3.49E-09,3.52E-09,3.56E-09,2.12E-10,2.14E-10,2.16E-10,2.18E-10,1.12E-11,1.13E-11,1.14E-11,1.15E-11,5.57E-13,5.63E-13,5.68E-13,5.74E-13,5.31E-14,5.36E-14,5.42E-14,5.47E-14,3.77E-15,3.80E-15,3.84E-15,3.88E-15,1.51E-16,1.53E-16,1.54E-16,1.56E-16,1.09E-16,1.10E-16,1.11E-16,1.12E-16,1.08E-16,1.09E-16,1.10E-16,1.11E-16,1.19E-16,1.20E-16,1.21E-16,1.22E-16,1.19E-16,1.20E-16,1.21E-16,1.22E-16,1.17E-16,1.25E-16
0.05,5.35E-08,5.41E-08,5.46E-08,5.51E-08,4.01E-09,4.05E-09,4.09E-09,4.13E-09,2.49E-10,2.51E-10,2.54E-10,2.56E-10,1.33E-11,1.34E-11,1.36E-11,1.37E-11,6.27E-13,6.33E-13,6.40E-13,6.46E-13,6.15E-14,6.22E-14,6.28E-14,6.34E-14,4.56E-15,4.60E-15,4.65E-15,4.69E-15,1.80E-16,1.82E-16,1.83E-16,1.85E-16,1.28E-16,1.29E-16,1.30E-16,1.31E-16,1.27E-16,1.28E-16,1.29E-16,1.31E-16,1.38E-16,1.39E-16,1.41E-16,1.42E-16,1.39E-16,1.41E-16,1.42E-16,1.43E-16,1.38E-16,1.44E-16
0.052,6.06E-08,6.12E-08,6.18E-08,6.24E-08,4.58E-09,4.62E-09,4.67E-09,4.71E-09,2.86E-10,2.89E-10,2.92E-10,2.95E-10,1.54E-11,1.56E-11,1.57E-11,1.59E-11,7.82E-13,7.89E-13,7.97E-13,8.05E-13,7.00E-14,7.07E-14,7.14E-14,7.21E-14,5.67E-15,5.72E-15,5.78E-15,5.83E-15,2.08E-16,2.10E-16,2.13E-16,2.15E-16,1.47E-16,1.48E-16,1.49E-16,1.51E-16,1.46E-16,1.47E-16,1.49E-16,1.50E-16,1.57E-16,1.59E-16,1.60E-16,1.62E-16,1.60E-16,1.61E-16,1.63E-16,1.65E-16,1.58E-16,1.76E-16
0.054,6.76E-08,6.83E-08,6.90E-08,6.97E-08,5.14E-09,5.19E-09,5.24E-09,5.29E-09,3.23E-10,3.26E-10,3.29E-10,3.33E-10,1.75E-11,1.77E-11,1.78E-11,1.80E-11,9.36E-13,9.46E-13,9.55E-13,9.64E-13,8.38E-14,8.46E-14,8.55E-14,8.63E-14,6.78E-15,6.84E-15,6.91E-15,6.98E-15,2.37E-16,2.39E-16,2.42E-16,2.44E-16,1.80E-16,1.81E-16,1.83E-16,1.85E-16,1.79E-16,1.80E-16,1.82E-16,1.84E-16,2.04E-16,2.06E-16,2.08E-16,2.11E-16,1.96E-16,1.98E-16,2.00E-16,2.02E-16,1.94E-16,2.22E-16
0.056,7.47E-08,7.54E-08,7.62E-08,7.69E-08,5.70E-09,5.76E-09,5.81E-09,5.87E-09,3.60E-10,3.64E-10,3.67E-10,3.71E-10,1.96E-11,1.98E-11,2.00E-11,2.02E-11,1.09E-12,1.10E-12,1.11E-12,1.12E-12,1.03E-13,1.04E-13,1.05E-13,1.06E-13,7.89E-15,7.96E-15,8.04E-15,8.12E-15,3.09E-16,3.12E-16,3.15E-16,3.18E-16,2.27E-16,2.29E-16,2.32E-16,2.34E-16,2.26E-16,2.28E-16,2.30E-16,2.33E-16,2.52E-16,2.54E-16,2.57E-16,2.59E-16,2.47E-16,2.50E-16,2.52E-16,2.55E-16,2.45E-16,2.68E-16
0.058,8.78E-08,8.86E-08,8.95E-08,9.04E-08,6.80E-09,6.87E-09,6.94E-09,7.00E-09,4.35E-10,4.39E-10,4.44E-10,4.48E-10,2.40E-11,2.42E-11,2.45E-11,2.47E-11,1.25E-12,1.26E-12,1.27E-12,1.28E-12,1.22E-13,1.23E-13,1.25E-13,1.26E-13,9.00E-15,9.08E-15,9.17E-15,9.26E-15,3.80E-16,3.84E-16,3.88E-16,3.92E-16,2.75E-16,2.77E-16,2.80E-16,2.83E-16,2.73E-16,2.76E-16,2.78E-16,2.81E-16,2.99E-16,3.02E-16,3.05E-16,3.08E-16,2.99E-16,3.01E-16,3.04E-16,3.07E-16,2.96E-16,3.14E-16
0.06,1.01E-07,1.02E-07,1.03E-07,1.04E-07,7.90E-09,7.98E-09,8.06E-09,8.14E-09,5.10E-10,5.15E-10,5.20E-10,5.25E-10,2.84E-11,2.87E-11,2.90E-11,2.93E-11,1.40E-12,1.41E-12,1.43E-12,1.44E-12,1.41E-13,1.43E-13,1.44E-13,1.45E-13,1.08E-14,1.10E-14,1.11E-14,1.12E-14,4.52E-16,4.56E-16,4.61E-16,4.65E-16,3.22E-16,3.25E-16,3.28E-16,3.32E-16,3.20E-16,3.23E-16,3.27E-16,3.30E-16,3.47E-16,3.50E-16,3.54E-16,3.57E-16,3.50E-16,3.53E-16,3.57E-16,3.60E-16,3.46E-16,3.60E-16
0.062,1.14E-07,1.15E-07,1.16E-07,1.17E-07,9.00E-09,9.09E-09,9.18E-09,9.27E-09,5.85E-10,5.91E-10,5.97E-10,6.03E-10,3.28E-11,3.31E-11,3.35E-11,3.38E-11,1.74E-12,1.76E-12,1.77E-12,1.79E-12,1.60E-13,1.62E-13,1.64E-13,1.65E-13,1.34E-14,1.36E-14,1.37E-14,1.38E-14,5.23E-16,5.29E-16,5.34E-16,5.39E-16,3.69E-16,3.73E-16,3.77E-16,3.80E-16,3.67E-16,3.71E-16,3.75E-16,3.78E-16,3.94E-16,3.98E-16,4.02E-16,4.06E-16,4.01E-16,4.05E-16,4.09E-16,4.13E-16,3.97E-16,4.40E-16
0.064,1.27E-07,1.28E-07,1.29E-07,1.31E-07,1.01E-08,1.02E-08,1.03E-08,1.04E-08,6.60E-10,6.67E-10,6.73E-10,6.80E-10,3.72E-11,3.76E-11,3.79E-11,3.83E-11,2.08E-12,2.10E-12,2.12E-12,2.14E-12,1.92E-13,1.94E-13,1.96E-13,1.97E-13,1.60E-14,1.62E-14,1.63E-14,1.65E-14,5.95E-16,6.01E-16,6.07E-16,6.13E-16,4.52E-16,4.56E-16,4.61E-16,4.65E-16,4.49E-16,4.54E-16,4.58E-16,4.63E-16,5.11E-16,5.16E-16,5.21E-16,5.27E-16,4.90E-16,4.95E-16,5.00E-16,5.05E-16,4.85E-16,5.54E-16
0.066,1.40E-07,1.41E-07,1.43E-07,1.44E-07,1.12E-08,1.13E-08,1.14E-08,1.15E-08,7.35E-10,7.42E-10,7.50E-10,7.57E-10,4.16E-11,4.20E-11,4.24E-11,4.28E-11,2.41E-12,2.44E-12,2.46E-12,2.49E-12,2.35E-13,2.37E-13,2.40E-13,2.42E-13,1.86E-14,1.88E-14,1.90E-14,1.92E-14,7.70E-16,7.78E-16,7.85E-16,7.93E-16,5.69E-16,5.74E-16,5.80E-16,5.86E-16,5.65E-16,5.71E-16,5.77E-16,5.82E-16,6.28E-16,6.35E-16,6.41E-16,6.47E-16,6.17E-16,6.23E-16,6.29E-16,6.35E-16,6.11E-16,6.68E-16
0.068,1.64E-07,1.66E-07,1.67E-07,1.69E-07,1.33E-08,1.34E-08,1.35E-08,1.37E-08,8.84E-10,8.93E-10,9.02E-10,9.11E-10,5.08E-11,5.13E-11,5.18E-11,5.23E-11,2.75E-12,2.78E-12,2.81E-12,2.83E-12,2.79E-13,2.81E-13,2.84E-13,2.87E-13,2.12E-14,2.14E-14,2.16E-14,2.18E-14,9.45E-16,9.54E-16,9.64E-16,9.73E-16,6.86E-16,6.93E-16,7.00E-16,7.07E-16,6.82E-16,6.88E-16,6.95E-16,7.02E-16,7.46E-16,7.53E-16,7.61E-16,7.68E-16,7.44E-16,7.51E-16,7.58E-16,7.66E-16,7.36E-16,7.81E-16
0.07,1.88E-07,1.90E-07,1.92E-07,1.94E-07,1.54E-08,1.55E-08,1.57E-08,1.58E-08,1.03E-09,1.04E-09,1.05E-09,1.06E-09,6.00E-11,6.06E-11,6.12E-11,6.18E-11,3.09E-12,3.12E-12,3.15E-12,3.18E-12,3.22E-13,3.25E-13,3.28E-13,3.32E-13,2.55E-14,2.58E-14,2.60E-14,2.63E-14,1.12E-15,1.13E-15,1.14E-15,1.15E-15,8.03E-16,8.11E-16,8.19E-16,8.27E-16,7.98E-16,8.06E-16,8.14E-16,8.22E-16,8.63E-16,8.71E-16,8.80E-16,8.89E-16,8.70E-16,8.79E-16,8.88E-16,8.96E-16,8.61E-16,8.95E-16
0.072,2.12E-07,2.14E-07,2.16E-07,2.18E-07,1.74E-08,1.76E-08,1.78E-08,1.80E-08,1.18E-09,1.19E-09,1.21E-09,1.22E-09,6.92E-11,6.99E-11,7.06E-11,7.13E-11,3.82E-12,3.86E-12,3.90E-12,3.94E-12,3.65E-13,3.69E-13,3.73E-13,3.76E-13,3.15E-14,3.18E-14,3.22E-14,3.25E-14,1.30E-15,1.31E-15,1.32E-15,1.33E-15,9.20E-16,9.30E-16,9.39E-16,9.48E-16,9.14E-16,9.23E-16,9.32E-16,9.41E-16,9.80E-16,9.90E-16,1.00E-15,1.01E-15,9.97E-16,1.01E-15,1.02E-15,1.03E-15,9.87E-16,1.09E-15
0.074,2.36E-07,2.38E-07,2.41E-07,2.43E-07,1.95E-08,1.97E-08,1.99E-08,2.01E-08,1.33E-09,1.34E-09,1.36E-09,1.37E-09,7.84E-11,7.92E-11,8.00E-11,8.08E-11,4.55E-12,4.60E-12,4.65E-12,4.69E-12,4.35E-13,4.40E-13,4.44E-13,4.48E-13,3.76E-14,3.79E-14,3.83E-14,3.87E-14,1.47E-15,1.48E-15,1.50E-15,1.51E-15,1.12E-15,1.13E-15,1.14E-15,1.16E-15,1.11E-15,1.12E-15,1.14E-15,1.15E-15,1.27E-15,1.28E-15,1.29E-15,1.30E-15,1.21E-15,1.23E-15,1.24E-15,1.25E-15,1.20E-15,1.37E-15
0.076,2.60E-07,2.63E-07,2.65E-07,2.68E-07,2.16E-08,2.18E-08,2.20E-08,2.22E-08,1.48E-09,1.49E-09,1.51E-09,1.52E-09,8.76E-11,8.85E-11,8.94E-11,9.02E-11,5.29E-12,5.34E-12,5.39E-12,5.44E-12,5.32E-13,5.37E-13,5.42E-13,5.48E-13,4.36E-14,4.40E-14,4.44E-14,4.49E-14,1.90E-15,1.92E-15,1.94E-15,1.95E-15,1.41E-15,1.42E-15,1.44E-15,1.45E-15,1.40E-15,1.41E-15,1.43E-15,1.44E-15,1.55E-15,1.57E-15,1.58E-15,1.60E-15,1.52E-15,1.54E-15,1.55E-15,1.57E-15,1.51E-15,1.65E-15
0.078,3.04E-07,3.07E-07,3.10E-07,3.13E-07,2.55E-08,2.58E-08,2.61E-08,2.63E-08,1.78E-09,1.79E-09,1.81E-09,1.83E-09,1.07E-10,1.08E-10,1.09E-10,1.10E-10,6.02E-12,6.08E-12,6.14E-12,6.20E-12,6.28E-13,6.34E-13,6.41E-13,6.47E-13,4.96E-14,5.01E-14,5.06E-14,5.11E-14,2.33E-15,2.35E-15,2.37E-15,2.40E-15,1.69E-15,1.71E-15,1.73E-15,1.75E-15,1.68E-15,1.70E-15,1.71E-15,1.73E-15,1.84E-15,1.86E-15,1.87E-15,1.89E-15,1.83E-15,1.85E-15,1.87E-15,1.88E-15,1.81E-15,1.92E-15
0.08,3.47E-07,3.51E-07,3.54E-07,3.58E-07,2.95E-08,2.98E-08,3.01E-08,3.04E-08,2.07E-09,2.09E-09,2.11E-09,2.13E-09,1.26E-10,1.27E-10,1.28E-10,1.30E-10,6.75E-12,6.82E-12,6.89E-12,6.95E-12,7.24E-13,7.32E-13,7.39E-13,7.46E-13,5.95E-14,6.01E-14,6.07E-14,6.13E-14,2.75E-15,2.78E-15,2.81E-15,2.84E-15,1.98E-15,2.00E-15,2.02E-15,2.04E-15,1.96E-15,1.98E-15,2.00E-15,2.02E-15,2.12E-15,2.15E-15,2.17E-15,2.19E-15,2.14E-15,2.16E-15,2.18E-15,2.20E-15,2.12E-15,2.20E-15
0.082,3.91E-07,3.95E-07,3.99E-07,4.03E-07,3.34E-08,3.38E-08,3.41E-08,3.44E-08,2.37E-09,2.39E-09,2.42E-09,2.44E-09,1.45E-10,1.46E-10,1.48E-10,1.49E-10,8.32E-12,8.40E-12,8.49E-12,8.57E-12,8.21E-13,8.29E-13,8.37E-13,8.45E-13,7.34E-14,7.42E-14,7.49E-14,7.56E-14,3.18E-15,3.21E-15,3.25E-15,3.28E-15,2.27E-15,2.29E-15,2.31E-15,2.33E-15,2.25E-15,2.27E-15,2.29E-15,2.32E-15,2.41E-15,2.43E-15,2.46E-15,2.48E-15,2.45E-15,2.47E-15,2.49E-15,2.52E-15,2.42E-15,2.68E-15
0.084,4.34E-07,4.39E-07,4.43E-07,4.47E-07,3.74E-08,3.77E-08,3.81E-08,3.85E-08,2.66E-09,2.69E-09,2.72E-09,2.74E-09,1.64E-10,1.66E-10,1.67E-10,1.69E-10,9.89E-12,9.99E-12,1.01E-11,1.02E-11,9.75E-13,9.85E-13,9.95E-13,1.00E-12,8.73E-14,8.82E-14,8.90E-14,8.99E-14,3.61E-15,3.65E-15,3.68E-15,3.72E-15,2.76E-15,2.78E-15,2.81E-15,2.84E-15,2.73E-15,2.76E-15,2.79E-15,2.81E-15,3.10E-15,3.13E-15,3.16E-15,3.19E-15,2.97E-15,3.00E-15,3.03E-15,3.06E-15,2.94E-15,3.35E-15
0.086,4.78E-07,4.83E-07,4.88E-07,4.92E-07,4.13E-08,4.17E-08,4.21E-08,4.25E-08,2.96E-09,2.99E-09,3.02E-09,3.05E-09,1.83E-10,1.85E-10,1.87E-10,1.88E-10,1.15E-11,1.16E-11,1.17E-11,1.18E-11,1.19E-12,1.20E-12,1.21E-12,1.22E-12,1.01E-13,1.02E-13,1.03E-13,1.04E-13,4.64E-15,4.69E-15,4.73E-15,4.78E-15,3.45E-15,3.49E-15,3.52E-15,3.55E-15,3.42E-15,3.45E-15,3.49E-15,3.52E-15,3.79E-15,3.83E-15,3.87E-15,3.90E-15,3.72E-15,3.75E-15,3.79E-15,3.83E-15,3.68E-15,4.02E-15
0.088,5.56E-07,5.62E-07,5.68E-07,5.73E-07,4.87E-08,4.91E-08,4.96E-08,5.01E-08,3.54E-09,3.57E-09,3.61E-09,3.64E-09,2.22E-10,2.24E-10,2.26E-10,2.28E-10,1.30E-11,1.32E-11,1.33E-11,1.34E-11,1.40E-12,1.41E-12,1.43E-12,1.44E-12,1.15E-13,1.16E-13,1.17E-13,1.19E-13,5.67E-15,5.73E-15,5.78E-15,5.84E-15,4.15E-15,4.19E-15,4.23E-15,4.27E-15,4.11E-15,4.15E-15,4.19E-15,4.23E-15,4.48E-15,4.52E-15,4.57E-15,4.61E-15,4.46E-15,4.50E-15,4.55E-15,4.59E-15,4.42E-15,4.69E-15
0.09,6.35E-07,6.41E-07,6.47E-07,6.54E-07,5.60E-08,5.66E-08,5.71E-08,5.77E-08,4.12E-09,4.16E-09,4.20E-09,4.24E-09,2.60E-10,2.63E-10,2.65E-10,2.68E-10,1.46E-11,1.47E-11,1.49E-11,1.50E-11,1.61E-12,1.63E-12,1.64E-12,1.66E-12,1.38E-13,1.39E-13,1.40E-13,1.42E-13,6.70E-15,6.77E-15,6.83E-15,6.90E-15,4.84E-15,4.89E-15,4.94E-15,4.98E-15,4.79E-15,4.84E-15,4.89E-15,4.93E-15,5.17E-15,5.22E-15,5.27E-15,5.33E-15,5.20E-15,5.26E-15,5.31E-15,5.36E-15,5.15E-15,5.36E-15
0.092,7.13E-07,7.20E-07,7.27E-07,7.35E-07,6.34E-08,6.40E-08,6.46E-08,6.53E-08,4.69E-09,4.74E-09,4.79E-09,4.83E-09,2.99E-10,3.02E-10,3.05E-10,3.08E-10,1.79E-11,1.81E-11,1.83E-11,1.85E-11,1.82E-12,1.84E-12,1.86E-12,1.88E-12,1.69E-13,1.70E-13,1.72E-13,1.74E-13,7.73E-15,7.81E-15,7.88E-15,7.96E-15,5.53E-15,5.59E-15,5.64E-15,5.70E-15,5.48E-15,5.53E-15,5.59E-15,5.64E-15,5.86E-15,5.92E-15,5.98E-15,6.04E-15,5.95E-15,6.01E-15,6.07E-15,6.13E-15,5.89E-15,6.50E-15
0.094,7.92E-07,8.00E-07,8.07E-07,8.15E-07,7.07E-08,7.14E-08,7.22E-08,7.29E-08,5.27E-09,5.32E-09,5.38E-09,5.43E-09,3.37E-10,3.41E-10,3.44E-10,3.48E-10,2.12E-11,2.15E-11,2.17E-11,2.19E-11,2.16E-12,2.18E-12,2.21E-12,2.23E-12,2.00E-13,2.02E-13,2.04E-13,2.06E-13,8.76E-15,8.85E-15,8.94E-15,9.02E-15,6.71E-15,6.78E-15,6.85E-15,6.91E-15,6.64E-15,6.70E-15,6.77E-15,6.84E-15,7.51E-15,7.58E-15,7.66E-15,7.73E-15,7.21E-15,7.28E-15,7.35E-15,7.42E-15,7.14E-15,8.10E-15
0.096,8.70E-07,8.79E-07,8.87E-07,8.96E-07,7.81E-08,7.89E-08,7.97E-08,8.04E-08,5.85E-09,5.91E-09,5.97E-09,6.03E-09,3.76E-10,3.80E-10,3.84E-10,3.87E-10,2.46E-11,2.48E-11,2.51E-11,2.53E-11,2.63E-12,2.65E-12,2.68E-12,2.70E-12,2.31E-13,2.34E-13,2.36E-13,2.38E-13,1.12E-14,1.13E-14,1.14E-14,1.15E-14,8.38E-15,8.46E-15,8.54E-15,8.63E-15,8.27E-15,8.36E-15,8.44E-15,8.52E-15,9.16E-15,9.25E-15,9.34E-15,9.43E-15,8.98E-15,9.07E-15,9.16E-15,9.25E-15,8.89E-15,9.70E-15
0.098,1.01E-06,1.02E-06,1.03E-06,1.04E-06,9.17E-08,9.26E-08,9.35E-08,9.44E-08,6.96E-09,7.03E-09,7.10E-09,7.17E-09,4.54E-10,4.59E-10,4.63E-10,4.68E-10,2.79E-11,2.82E-11,2.84E-11,2.87E-11,3.09E-12,3.12E-12,3.15E-12,3.18E-12,2.62E-13,2.65E-13,2.68E-13,2.70E-13,1.37E-14,1.38E-14,1.39E-14,1.41E-14,1.00E-14,1.01E-14,1.02E-14,1.03E-14,9.91E-15,1.00E-14,1.01E-14,1.02E-14,1.08E-14,1.09E-14,1.10E-14,1.11E-14,1.08E-14,1.09E-14,1.10E-14,1.11E-14,1.07E-14,1.13E-14
0.1,1.15E-06,1.16E-06,1.17E-06,1.18E-06,1.05E-07,1.06E-07,1.07E-07,1.08E-07,8.07E-09,8.15E-09,8.23E-09,8.31E-09,5.32E-10,5.38E-10,5.43E-10,5.48E-10,3.12E-11,3.15E-11,3.18E-11,3.21E-11,3.55E-12,3.59E-12,3.63E-12,3.66E-12,3.13E-13,3.16E-13,3.19E-13,3.22E-13,1.61E-14,1.63E-14,1.64E-14,1.66E-14,1.17E-14,1.18E-14,1.19E-14,1.21E-14,1.15E-14,1.17E-14,1.18E-14,1.19E-14,1.25E-14,1.26E-14,1.27E-14,1.28E-14,1.25E-14,1.27E-14,1.28E-14,1.29E-14,1.24E-14,1.29E-14
0.102,1.28E-06,1.30E-06,1.31E-06,1.32E-06,1.19E-07,1.20E-07,1.21E-07,1.22E-07,9.18E-09,9.27E-09,9.36E-09,9.46E-09,6.11E-10,6.17E-10,6.23E-10,6.29E-10,3.81E-11,3.85E-11,3.89E-11,3.93E-11,4.02E-12,4.06E-12,4.10E-12,4.14E-12,3.83E-13,3.87E-13,3.91E-13,3.94E-13,1.86E-14,1.87E-14,1.89E-14,1.91E-14,1.34E-14,1.35E-14,1.36E-14,1.38E-14,1.32E-14,1.33E-14,1.34E-14,1.36E-14,1.41E-14,1.42E-14,1.44E-14,1.45E-14,1.43E-14,1.45E-14,1.46E-14,1.47E-14,1.42E-14,1.56E-14
0.104,1.42E-06,1.44E-06,1.45E-06,1.46E-06,1.32E-07,1.34E-07,1.35E-07,1.36E-07,1.03E-08,1.04E-08,1.05E-08,1.06E-08,6.89E-10,6.96E-10,7.03E-10,7.09E-10,4.51E-11,4.55E-11,4.60E-11,4.64E-11,4.75E-12,4.80E-12,4.84E-12,4.89E-12,4.53E-13,4.58E-13,4.62E-13,4.67E-13,2.10E-14,2.12E-14,2.14E-14,2.16E-14,1.62E-14,1.63E-14,1.65E-14,1.67E-14,1.59E-14,1.61E-14,1.63E-14,1.64E-14,1.80E-14,1.82E-14,1.84E-14,1.85E-14,1.73E-14,1.75E-14,1.76E-14,1.78E-14,1.71E-14,1.94E-14
0.106,1.56E-06,1.58E-06,1.59E-06,1.61E-06,1.46E-07,1.47E-07,1.49E-07,1.50E-07,1.14E-08,1.15E-08,1.16E-08,1.17E-08,7.67E-10,7.75E-10,7.82E-10,7.90E-10,5.20E-11,5.25E-11,5.31E-11,5.36E-11,5.75E-12,5.80E-12,5.86E-12,5.92E-12,5.23E-13,5.28E-13,5.33E-13,5.39E-13,2.68E-14,2.70E-14,2.73E-14,2.76E-14,2.01E-14,2.03E-14,2.05E-14,2.07E-14,1.98E-14,2.00E-14,2.02E-14,2.04E-14,2.19E-14,2.21E-14,2.23E-14,2.26E-14,2.15E-14,2.17E-14,2.19E-14,2.21E-14,2.13E-14,2.32E-14
0.108,1.80E-06,1.82E-06,1.84E-06,1.86E-06,1.71E-07,1.73E-07,1.74E-07,1.76E-07,1.35E-08,1.37E-08,1.38E-08,1.39E-08,9.24E-10,9.33E-10,9.42E-10,9.51E-10,5.90E-11,5.95E-11,6.01E-11,6.07E-11,6.75E-12,6.81E-12,6.88E-12,6.95E-12,5.93E-13,5.99E-13,6.05E-13,6.11E-13,3.26E-14,3.29E-14,3.32E-14,3.35E-14,2.41E-14,2.43E-14,2.45E-14,2.48E-14,2.37E-14,2.39E-14,2.42E-14,2.44E-14,2.58E-14,2.61E-14,2.63E-14,2.66E-14,2.57E-14,2.59E-14,2.62E-14,2.64E-14,2.54E-14,2.69E-14
0.11,2.05E-06,2.07E-06,2.09E-06,2.11E-06,1.96E-07,1.98E-07,2.00E-07,2.02E-07,1.57E-08,1.58E-08,1.60E-08,1.62E-08,1.08E-09,1.09E-09,1.10E-09,1.11E-09,6.59E-11,6.66E-11,6.72E-11,6.79E-11,7.74E-12,7.82E-12,7.90E-12,7.98E-12,7.06E-13,7.13E-13,7.20E-13,7.27E-13,3.83E-14,3.87E-14,3.91E-14,3.95E-14,2.80E-14,2.83E-14,2.85E-14,2.88E-14,2.76E-14,2.79E-14,2.81E-14,2.84E-14,2.97E-14,3.00E-14,3.03E-14,3.06E-14,2.98E-14,3.01E-14,3.04E-14,3.07E-14,2.95E-14,3.07E-14
0.112,2.29E-06,2.31E-06,2.34E-06,2.36E-06,2.21E-07,2.23E-07,2.25E-07,2.28E-07,1.78E-08,1.80E-08,1.82E-08,1.84E-08,1.24E-09,1.25E-09,1.26E-09,1.27E-09,8.03E-11,8.11E-11,8.19E-11,8.27E-11,8.74E-12,8.83E-12,8.92E-12,9.00E-12,8.63E-13,8.71E-13,8.80E-13,8.88E-13,4.41E-14,4.46E-14,4.50E-14,4.54E-14,3.19E-14,3.22E-14,3.26E-14,3.29E-14,3.15E-14,3.18E-14,3.21E-14,3.24E-14,3.36E-14,3.39E-14,3.43E-14,3.46E-14,3.40E-14,3.44E-14,3.47E-14,3.50E-14,3.37E-14,3.70E-14
0.114,2.54E-06,2.56E-06,2.59E-06,2.61E-06,2.46E-07,2.48E-07,2.51E-07,2.53E-07,2.00E-08,2.02E-08,2.04E-08,2.06E-08,1.39E-09,1.41E-09,1.42E-09,1.44E-09,9.47E-11,9.57E-11,9.66E-11,9.76E-11,1.03E-11,1.04E-11,1.05E-11,1.06E-11,1.02E-12,1.03E-12,1.04E-12,1.05E-12,4.99E-14,5.04E-14,5.09E-14,5.14E-14,3.85E-14,3.89E-14,3.93E-14,3.97E-14,3.79E-14,3.83E-14,3.87E-14,3.91E-14,4.27E-14,4.31E-14,4.35E-14,4.40E-14,4.10E-14,4.14E-14,4.18E-14,4.22E-14,4.06E-14,4.59E-14
0.116,2.78E-06,2.81E-06,2.84E-06,2.86E-06,2.71E-07,2.74E-07,2.76E-07,2.79E-07,2.21E-08,2.23E-08,2.25E-08,2.28E-08,1.55E-09,1.57E-09,1.58E-09,1.60E-09,1.09E-10,1.10E-10,1.11E-10,1.12E-10,1.24E-11,1.26E-11,1.27E-11,1.28E-11,1.18E-12,1.19E-12,1.20E-12,1.21E-12,6.33E-14,6.40E-14,6.46E-14,6.52E-14,4.77E-14,4.82E-14,4.87E-14,4.91E-14,4.70E-14,4.75E-14,4.79E-14,4.84E-14,5.18E-14,5.23E-14,5.28E-14,5.33E-14,5.07E-14,5.12E-14,5.18E-14,5.23E-14,5.02E-14,5.47E-14
0.118,3.20E-06,3.24E-06,3.27E-06,3.30E-06,3.16E-07,3.19E-07,3.23E-07,3.26E-07,2.61E-08,2.64E-08,2.66E-08,2.69E-08,1.86E-09,1.87E-09,1.89E-09,1.91E-09,1.24E-10,1.25E-10,1.26E-10,1.27E-10,1.46E-11,1.47E-11,1.49E-11,1.50E-11,1.33E-12,1.35E-12,1.36E-12,1.37E-12,7.67E-14,7.75E-14,7.83E-14,7.90E-14,5.69E-14,5.75E-14,5.80E-14,5.86E-14,5.61E-14,5.66E-14,5.72E-14,5.77E-14,6.08E-14,6.14E-14,6.21E-14,6.27E-14,6.05E-14,6.11E-14,6.17E-14,6.23E-14,5.99E-14,6.35E-14
0.12,3.63E-06,3.66E-06,3.70E-06,3.74E-06,3.61E-07,3.65E-07,3.69E-07,3.72E-07,3.01E-08,3.04E-08,3.07E-08,3.10E-08,2.16E-09,2.18E-09,2.21E-09,2.23E-09,1.38E-10,1.39E-10,1.41E-10,1.42E-10,1.67E-11,1.69E-11,1.70E-11,1.72E-11,1.58E-12,1.60E-12,1.61E-12,1.63E-12,9.02E-14,9.11E-14,9.20E-14,9.29E-14,6.61E-14,6.68E-14,6.74E-14,6.81E-14,6.51E-14,6.58E-14,6.64E-14,6.71E-14,6.99E-14,7.06E-14,7.13E-14,7.20E-14,7.03E-14,7.10E-14,7.17E-14,7.24E-14,6.96E-14,7.24E-14
0.122,4.05E-06,4.09E-06,4.13E-06,4.17E-06,4.07E-07,4.11E-07,4.15E-07,4.19E-07,3.42E-08,3.45E-08,3.48E-08,3.52E-08,2.47E-09,2.49E-09,2.52E-09,2.54E-09,1.67E-10,1.69E-10,1.71E-10,1.72E-10,1.88E-11,1.90E-11,1.92E-11,1.94E-11,1.92E-12,1.94E-12,1.96E-12,1.98E-12,1.04E-13,1.05E-13,1.06E-13,1.07E-13,7.53E-14,7.61E-14,7.68E-14,7.76E-14,7.42E-14,7.49E-14,7.57E-14,7.64E-14,7.90E-14,7.98E-14,8.06E-14,8.14E-14,8.00E-14,8.08E-14,8.16E-14,8.24E-14,7.92E-14,8.70E-14
0.124,4.48E-06,4.52E-06,4.57E-06,4.61E-06,4.52E-07,4.56E-07,4.61E-07,4.65E-07,3.82E-08,3.86E-08,3.89E-08,3.93E-08,2.77E-09,2.80E-09,2.83E-09,2.86E-09,1.97E-10,1.99E-10,2.01E-10,2.03E-10,2.21E-11,2.24E-11,2.26E-11,2.28E-11,2.26E-12,2.28E-12,2.31E-12,2.33E-12,1.17E-13,1.18E-13,1.19E-13,1.21E-13,9.06E-14,9.15E-14,9.24E-14,9.33E-14,8.91E-14,9.00E-14,9.09E-14,9.18E-14,1.00E-13,1.01E-13,1.02E-13,1.03E-13,9.62E-14,9.72E-14,9.81E-14,9.91E-14,9.52E-14,1.07E-13
0.126,4.90E-06,4.95E-06,5.00E-06,5.05E-06,4.97E-07,5.02E-07,5.07E-07,5.12E-07,4.22E-08,4.26E-08,4.30E-08,4.35E-08,3.08E-09,3.11E-09,3.14E-09,3.17E-09,2.26E-10,2.28E-10,2.31E-10,2.33E-10,2.66E-11,2.69E-11,2.72E-11,2.74E-11,2.60E-12,2.63E-12,2.65E-12,2.68E-12,1.48E-13,1.49E-13,1.51E-13,1.52E-13,1.12E-13,1.13E-13,1.14E-13,1.15E-13,1.10E-13,1.11E-13,1.12E-13,1.13E-13,1.21E-13,1.22E-13,1.23E-13,1.25E-13,1.19E-13,1.20E-13,1.21E-13,1.22E-13,1.18E-13,1.28E-13
0.128,5.63E-06,5.68E-06,5.74E-06,5.79E-06,5.78E-07,5.84E-07,5.89E-07,5.95E-07,4.97E-08,5.02E-08,5.07E-08,5.12E-08,3.68E-09,3.72E-09,3.76E-09,3.79E-09,2.56E-10,2.58E-10,2.61E-10,2.63E-10,3.11E-11,3.14E-11,3.17E-11,3.20E-11,2.94E-12,2.97E-12,3.00E-12,3.03E-12,1.79E-13,1.81E-13,1.83E-13,1.84E-13,1.33E-13,1.35E-13,1.36E-13,1.37E-13,1.31E-13,1.32E-13,1.33E-13,1.35E-13,1.42E-13,1.43E-13,1.45E-13,1.46E-13,1.41E-13,1.43E-13,1.44E-13,1.46E-13,1.40E-13,1.48E-13
0.13,6.35E-06,6.42E-06,6.48E-06,6.54E-06,6.59E-07,6.65E-07,6.72E-07,6.78E-07,5.73E-08,5.79E-08,5.84E-08,5.90E-08,4.28E-09,4.33E-09,4.37E-09,4.41E-09,2.85E-10,2.88E-10,2.91E-10,2.94E-10,3.56E-11,3.59E-11,3.63E-11,3.66E-11,3.48E-12,3.51E-12,3.55E-12,3.58E-12,2.10E-13,2.12E-13,2.14E-13,2.16E-13,1.55E-13,1.56E-13,1.58E-13,1.60E-13,1.52E-13,1.53E-13,1.55E-13,1.56E-13,1.63E-13,1.65E-13,1.66E-13,1.68E-13,1.64E-13,1.66E-13,1.67E-13,1.69E-13,1.62E-13,1.69E-13
0.132,7.08E-06,7.15E-06,7.22E-06,7.29E-06,7.39E-07,7.47E-07,7.54E-07,7.62E-07,6.48E-08,6.55E-08,6.61E-08,6.68E-08,4.89E-09,4.93E-09,4.98E-09,5.03E-09,3.45E-10,3.48E-10,3.52E-10,3.55E-10,4.01E-11,4.05E-11,4.09E-11,4.13E-11,4.22E-12,4.26E-12,4.30E-12,4.35E-12,2.41E-13,2.43E-13,2.46E-13,2.48E-13,1.76E-13,1.78E-13,1.80E-13,1.82E-13,1.73E-13,1.74E-13,1.76E-13,1.78E-13,1.84E-13,1.86E-13,1.88E-13,1.90E-13,1.87E-13,1.89E-13,1.90E-13,1.92E-13,1.85E-13,2.02E-13
0.134,7.80E-06,7.88E-06,7.96E-06,8.04E-06,8.20E-07,8.28E-07,8.37E-07,8.45E-07,7.24E-08,7.31E-08,7.38E-08,7.45E-08,5.49E-09,5.54E-09,5.60E-09,5.65E-09,4.05E-10,4.09E-10,4.13E-10,4.17E-10,4.70E-11,4.75E-11,4.79E-11,4.84E-11,4.96E-12,5.01E-12,5.06E-12,5.11E-12,2.72E-13,2.75E-13,2.77E-13,2.80E-13,2.11E-13,2.14E-13,2.16E-13,2.18E-13,2.07E-13,2.09E-13,2.11E-13,2.13E-13,2.32E-13,2.35E-13,2.37E-13,2.39E-13,2.24E-13,2.26E-13,2.28E-13,2.30E-13,2.21E-13,2.49E-13
0.136,8.53E-06,8.62E-06,8.70E-06,8.79E-06,9.01E-07,9.10E-07,9.19E-07,9.28E-07,7.99E-08,8.07E-08,8.15E-08,8.23E-08,6.09E-09,6.15E-09,6.21E-09,6.27E-09,4.64E-10,4.69E-10,4.74E-10,4.78E-10,5.64E-11,5.69E-11,5.75E-11,5.81E-11,5.70E-12,5.76E-12,5.81E-12,5.87E-12,3.43E-13,3.46E-13,3.50E-13,3.53E-13,2.60E-13,2.63E-13,2.65E-13,2.68E-13,2.55E-13,2.58E-13,2.60E-13,2.63E-13,2.80E-13,2.83E-13,2.86E-13,2.89E-13,2.75E-13,2.78E-13,2.81E-13,2.83E-13,2.72E-13,2.96E-13
0.138,9.76E-06,9.86E-06,9.96E-06,1.01E-05,1.04E-06,1.06E-06,1.07E-06,1.08E-06,9.39E-08,9.49E-08,9.58E-08,9.67E-08,7.25E-09,7.32E-09,7.40E-09,7.47E-09,5.24E-10,5.29E-10,5.35E-10,5.40E-10,6.58E-11,6.64E-11,6.71E-11,6.77E-11,6.44E-12,6.50E-12,6.57E-12,6.63E-12,4.14E-13,4.18E-13,4.22E-13,4.26E-13,3.09E-13,3.12E-13,3.15E-13,3.18E-13,3.03E-13,3.06E-13,3.09E-13,3.12E-13,3.29E-13,3.32E-13,3.35E-13,3.38E-13,3.27E-13,3.30E-13,3.33E-13,3.36E-13,3.23E-13,3.43E-13
0.14,1.10E-05,1.11E-05,1.12E-05,1.13E-05,1.19E-06,1.20E-06,1.21E-06,1.22E-06,1.08E-07,1.09E-07,1.10E-07,1.11E-07,8.41E-09,8.50E-09,8.58E-09,8.67E-09,5.84E-10,5.90E-10,5.96E-10,6.02E-10,7.51E-11,7.59E-11,7.66E-11,7.74E-11,7.61E-12,7.69E-12,7.76E-12,7.84E-12,4.84E-13,4.89E-13,4.94E-13,4.99E-13,3.58E-13,3.61E-13,3.65E-13,3.69E-13,3.51E-13,3.55E-13,3.58E-13,3.62E-13,3.77E-13,3.81E-13,3.84E-13,3.88E-13,3.78E-13,3.82E-13,3.85E-13,3.89E-13,3.74E-13,3.90E-13
0.142,1.22E-05,1.24E-05,1.25E-05,1.26E-05,1.33E-06,1.35E-06,1.36E-06,1.37E-06,1.22E-07,1.23E-07,1.24E-07,1.26E-07,9.58E-09,9.67E-09,9.77E-09,9.86E-09,7.03E-10,7.10E-10,7.17E-10,7.24E-10,8.45E-11,8.54E-11,8.62E-11,8.70E-11,9.21E-12,9.30E-12,9.39E-12,9.48E-12,5.55E-13,5.61E-13,5.66E-13,5.72E-13,4.07E-13,4.11E-13,4.15E-13,4.19E-13,3.99E-13,4.03E-13,4.07E-13,4.11E-13,4.25E-13,4.29E-13,4.34E-13,4.38E-13,4.29E-13,4.34E-13,4.38E-13,4.42E-13,4.25E-13,4.66E-13
0.144,1.35E-05,1.36E-05,1.37E-05,1.39E-05,1.48E-06,1.49E-06,1.51E-06,1.52E-06,1.36E-07,1.37E-07,1.39E-07,1.40E-07,1.07E-08,1.08E-08,1.10E-08,1.11E-08,8.22E-10,8.31E-10,8.39E-10,8.47E-10,9.89E-11,9.99E-11,1.01E-10,1.02E-10,1.08E-11,1.09E-11,1.10E-11,1.11E-11,6.26E-13,6.32E-13,6.39E-13,6.45E-13,4.86E-13,4.91E-13,4.96E-13,5.01E-13,4.77E-13,4.82E-13,4.87E-13,4.92E-13,5.34E-13,5.39E-13,5.44E-13,5.50E-13,5.14E-13,5.19E-13,5.24E-13,5.29E-13,5.08E-13,5.71E-13
0.146,1.47E-05,1.48E-05,1.50E-05,1.51E-05,1.62E-06,1.64E-06,1.65E-06,1.67E-06,1.50E-07,1.52E-07,1.53E-07,1.55E-07,1.19E-08,1.20E-08,1.21E-08,1.23E-08,9.42E-10,9.51E-10,9.60E-10,9.70E-10,1.18E-10,1.19E-10,1.21E-10,1.22E-10,1.24E-11,1.25E-11,1.27E-11,1.28E-11,7.85E-13,7.93E-13,8.00E-13,8.08E-13,5.97E-13,6.03E-13,6.09E-13,6.15E-13,5.86E-13,5.92E-13,5.98E-13,6.03E-13,6.42E-13,6.49E-13,6.55E-13,6.61E-13,6.31E-13,6.37E-13,6.43E-13,6.49E-13,6.24E-13,6.77E-13
0.148,1.68E-05,1.69E-05,1.71E-05,1.73E-05,1.87E-06,1.89E-06,1.91E-06,1.93E-06,1.75E-07,1.77E-07,1.79E-07,1.81E-07,1.41E-08,1.43E-08,1.44E-08,1.45E-08,1.06E-09,1.07E-09,1.08E-09,1.09E-09,1.38E-10,1.39E-10,1.40E-10,1.42E-10,1.40E-11,1.41E-11,1.43E-11,1.44E-11,9.44E-13,9.53E-13,9.62E-13,9.72E-13,7.08E-13,7.15E-13,7.22E-13,7.29E-13,6.95E-13,7.01E-13,7.08E-13,7.15E-13,7.51E-13,7.58E-13,7.66E-13,7.73E-13,7.48E-13,7.55E-13,7.62E-13,7.70E-13,7.40E-13,7.83E-13
0.15,1.89E-05,1.90E-05,1.92E-05,1.94E-05,2.12E-06,2.14E-06,2.16E-06,2.18E-06,2.01E-07,2.03E-07,2.05E-07,2.07E-07,1.63E-08,1.65E-08,1.67E-08,1.68E-08,1.18E-09,1.19E-09,1.20E-09,1.22E-09,1.57E-10,1.59E-10,1.60E-10,1.62E-10,1.65E-11,1.66E-11,1.68E-11,1.70E-11,1.10E-12,1.11E-12,1.12E-12,1.14E-12,8.19E-13,8.27E-13,8.35E-13,8.43E-13,8.03E-13,8.11E-13,8.19E-13,8.27E-13,8.59E-13,8.68E-13,8.77E-13,8.85E-13,8.65E-13,8.73E-13,8.82E-13,8.90E-13,8.56E-13,8.88E-13
0.152,2.09E-05,2.11E-05,2.14E-05,2.16E-05,2.37E-06,2.39E-06,2.42E-06,2.44E-06,2.26E-07,2.28E-07,2.31E-07,2.33E-07,1.86E-08,1.87E-08,1.89E-08,1.91E-08,1.42E-09,1.43E-09,1.45E-09,1.46E-09,1.76E-10,1.78E-10,1.80E-10,1.82E-10,1.98E-11,2.00E-11,2.02E-11,2.04E-11,1.26E-12,1.27E-12,1.29E-12,1.30E-12,9.30E-13,9.39E-13,9.48E-13,9.57E-13,9.12E-13,9.21E-13,9.30E-13,9.39E-13,9.68E-13,9.78E-13,9.87E-13,9.97E-13,9.82E-13,9.91E-13,1.00E-12,1.01E-12,9.72E-13,1.06E-12
0.154,2.30E-05,2.33E-05,2.35E-05,2.37E-05,2.62E-06,2.65E-06,2.67E-06,2.70E-06,2.52E-07,2.54E-07,2.57E-07,2.59E-07,2.08E-08,2.10E-08,2.12E-08,2.14E-08,1.66E-09,1.67E-09,1.69E-09,1.71E-09,2.06E-10,2.08E-10,2.10E-10,2.12E-10,2.32E-11,2.34E-11,2.37E-11,2.39E-11,1.42E-12,1.43E-12,1.45E-12,1.46E-12,1.11E-12,1.12E-12,1.13E-12,1.14E-12,1.09E-12,1.10E-12,1.11E-12,1.12E-12,1.21E-12,1.22E-12,1.23E-12,1.25E-12,1.17E-12,1.18E-12,1.19E-12,1.20E-12,1.16E-12,1.29E-12
0.156,2.51E-05,2.54E-05,2.56E-05,2.59E-05,2.87E-06,2.90E-06,2.93E-06,2.96E-06,2.77E-07,2.80E-07,2.83E-07,2.85E-07,2.30E-08,2.32E-08,2.35E-08,2.37E-08,1.89E-09,1.91E-09,1.93E-09,1.95E-09,2.45E-10,2.48E-10,2.50E-10,2.52E-10,2.66E-11,2.68E-11,2.71E-11,2.74E-11,1.78E-12,1.79E-12,1.81E-12,1.83E-12,1.36E-12,1.37E-12,1.39E-12,1.40E-12,1.33E-12,1.34E-12,1.36E-12,1.37E-12,1.45E-12,1.47E-12,1.48E-12,1.50E-12,1.43E-12,1.44E-12,1.46E-12,1.47E-12,1.41E-12,1.53E-12
0.158,2.85E-05,2.88E-05,2.91E-05,2.94E-05,3.30E-06,3.34E-06,3.37E-06,3.40E-06,3.23E-07,3.26E-07,3.29E-07,3.33E-07,2.72E-08,2.75E-08,2.77E-08,2.80E-08,2.13E-09,2.15E-09,2.17E-09,2.20E-09,2.85E-10,2.87E-10,2.90E-10,2.93E-10,2.99E-11,3.02E-11,3.05E-11,3.08E-11,2.13E-12,2.15E-12,2.17E-12,2.20E-12,1.61E-12,1.62E-12,1.64E-12,1.66E-12,1.57E-12,1.59E-12,1.60E-12,1.62E-12,1.70E-12,1.71E-12,1.73E-12,1.75E-12,1.69E-12,1.70E-12,1.72E-12,1.74E-12,1.67E-12,1.77E-12
0.16,3.20E-05,3.23E-05,3.26E-05,3.29E-05,3.74E-06,3.78E-06,3.81E-06,3.85E-06,3.69E-07,3.73E-07,3.76E-07,3.80E-07,3.14E-08,3.17E-08,3.20E-08,3.23E-08,2.37E-09,2.39E-09,2.42E-09,2.44E-09,3.24E-10,3.27E-10,3.30E-10,3.34E-10,3.52E-11,3.55E-11,3.59E-11,3.62E-11,2.49E-12,2.51E-12,2.54E-12,2.56E-12,1.86E-12,1.88E-12,1.89E-12,1.91E-12,1.82E-12,1.83E-12,1.85E-12,1.87E-12,1.94E-12,1.96E-12,1.98E-12,2.00E-12,1.94E-12,1.96E-12,1.98E-12,2.00E-12,1.92E-12,2.00E-12
0.162,3.54E-05,3.58E-05,3.61E-05,3.65E-05,4.17E-06,4.21E-06,4.26E-06,4.30E-06,4.15E-07,4.19E-07,4.23E-07,4.27E-07,3.55E-08,3.59E-08,3.63E-08,3.66E-08,2.84E-09,2.86E-09,2.89E-09,2.92E-09,3.63E-10,3.67E-10,3.71E-10,3.74E-10,4.23E-11,4.27E-11,4.31E-11,4.35E-11,2.84E-12,2.87E-12,2.90E-12,2.93E-12,2.11E-12,2.13E-12,2.15E-12,2.17E-12,2.06E-12,2.08E-12,2.10E-12,2.12E-12,2.18E-12,2.20E-12,2.22E-12,2.25E-12,2.20E-12,2.22E-12,2.25E-12,2.27E-12,2.18E-12,2.38E-12
0.164,3.89E-05,3.92E-05,3.96E-05,4.00E-05,4.61E-06,4.65E-06,4.70E-06,4.74E-06,4.61E-07,4.66E-07,4.70E-07,4.75E-07,3.97E-08,4.01E-08,4.05E-08,4.09E-08,3.30E-09,3.34E-09,3.37E-09,3.40E-09,4.23E-10,4.27E-10,4.31E-10,4.35E-10,4.94E-11,4.98E-11,5.03E-11,5.08E-11,3.20E-12,3.23E-12,3.26E-12,3.30E-12,2.51E-12,2.53E-12,2.56E-12,2.58E-12,2.45E-12,2.47E-12,2.50E-12,2.52E-12,2.72E-12,2.75E-12,2.77E-12,2.80E-12,2.62E-12,2.64E-12,2.67E-12,2.70E-12,2.59E-12,2.91E-12
0.166,4.23E-05,4.27E-05,4.31E-05,4.36E-05,5.04E-06,5.09E-06,5.14E-06,5.19E-06,5.07E-07,5.12E-07,5.17E-07,5.22E-07,4.39E-08,4.43E-08,4.48E-08,4.52E-08,3.77E-09,3.81E-09,3.84E-09,3.88E-09,5.02E-10,5.07E-10,5.12E-10,5.17E-10,5.65E-11,5.70E-11,5.76E-11,5.81E-11,3.99E-12,4.03E-12,4.07E-12,4.11E-12,3.06E-12,3.09E-12,3.12E-12,3.15E-12,2.99E-12,3.02E-12,3.05E-12,3.08E-12,3.26E-12,3.29E-12,3.33E-12,3.36E-12,3.19E-12,3.22E-12,3.25E-12,3.29E-12,3.16E-12,3.43E-12
0.168,4.80E-05,4.84E-05,4.89E-05,4.94E-05,5.78E-06,5.84E-06,5.90E-06,5.96E-06,5.89E-07,5.95E-07,6.01E-07,6.07E-07,5.17E-08,5.22E-08,5.27E-08,5.33E-08,4.23E-09,4.28E-09,4.32E-09,4.36E-09,5.82E-10,5.88E-10,5.94E-10,5.99E-10,6.36E-11,6.42E-11,6.48E-11,6.55E-11,4.77E-12,4.82E-12,4.87E-12,4.92E-12,3.61E-12,3.64E-12,3.68E-12,3.71E-12,3.53E-12,3.56E-12,3.60E-12,3.63E-12,3.80E-12,3.84E-12,3.88E-12,3.91E-12,3.77E-12,3.80E-12,3.84E-12,3.88E-12,3.73E-12,3.95E-12
0.17,5.36E-05,5.42E-05,5.47E-05,5.52E-05,6.53E-06,6.59E-06,6.66E-06,6.72E-06,6.72E-07,6.79E-07,6.85E-07,6.92E-07,5.95E-08,6.01E-08,6.07E-08,6.13E-08,4.70E-09,4.75E-09,4.79E-09,4.84E-09,6.62E-10,6.68E-10,6.75E-10,6.81E-10,7.45E-11,7.52E-11,7.60E-11,7.67E-11,5.56E-12,5.61E-12,5.67E-12,5.72E-12,4.16E-12,4.20E-12,4.24E-12,4.28E-12,4.06E-12,4.10E-12,4.14E-12,4.18E-12,4.34E-12,4.38E-12,4.43E-12,4.47E-12,4.34E-12,4.38E-12,4.43E-12,4.47E-12,4.30E-12,4.48E-12
0.172,5.93E-05,5.99E-05,6.05E-05,6.11E-05,7.27E-06,7.34E-06,7.42E-06,7.49E-06,7.54E-07,7.62E-07,7.69E-07,7.77E-07,6.73E-08,6.80E-08,6.86E-08,6.93E-08,5.60E-09,5.66E-09,5.71E-09,5.77E-09,7.41E-10,7.49E-10,7.56E-10,7.63E-10,8.93E-11,9.02E-11,9.11E-11,9.19E-11,6.34E-12,6.41E-12,6.47E-12,6.53E-12,4.71E-12,4.75E-12,4.80E-12,4.85E-12,4.60E-12,4.65E-12,4.69E-12,4.74E-12,4.88E-12,4.93E-12,4.98E-12,5.03E-12,4.91E-12,4.96E-12,5.01E-12,5.06E-12,4.86E-12,5.32E-12
0.174,6.49E-05,6.56E-05,6.62E-05,6.69E-05,8.02E-06,8.10E-06,8.18E-06,8.26E-06,8.37E-07,8.45E-07,8.53E-07,8.62E-07,7.51E-08,7.59E-08,7.66E-08,7.74E-08,6.50E-09,6.57E-09,6.63E-09,6.70E-09,8.61E-10,8.70E-10,8.78E-10,8.87E-10,1.04E-10,1.05E-10,1.06E-10,1.07E-10,7.13E-12,7.20E-12,7.27E-12,7.34E-12,5.58E-12,5.64E-12,5.69E-12,5.75E-12,5.46E-12,5.52E-12,5.57E-12,5.63E-12,6.06E-12,6.12E-12,6.19E-12,6.25E-12,5.83E-12,5.89E-12,5.95E-12,6.00E-12,5.77E-12,6.47E-12
0.176,7.06E-05,7.13E-05,7.20E-05,7.27E-05,8.76E-06,8.85E-06,8.94E-06,9.02E-06,9.19E-07,9.28E-07,9.37E-07,9.47E-07,8.29E-08,8.37E-08,8.46E-08,8.54E-08,7.41E-09,7.48E-09,7.55E-09,7.63E-09,1.02E-09,1.03E-09,1.04E-09,1.05E-09,1.19E-10,1.20E-10,1.21E-10,1.22E-10,8.84E-12,8.93E-12,9.02E-12,9.11E-12,6.79E-12,6.85E-12,6.92E-12,6.99E-12,6.65E-12,6.72E-12,6.78E-12,6.85E-12,7.25E-12,7.32E-12,7.39E-12,7.47E-12,7.09E-12,7.16E-12,7.23E-12,7.30E-12,7.02E-12,7.62E-12
0.178,7.99E-05,8.07E-05,8.15E-05,8.23E-05,1.00E-05,1.01E-05,1.02E-05,1.03E-05,1.07E-06,1.08E-06,1.09E-06,1.10E-06,9.73E-08,9.83E-08,9.93E-08,1.00E-07,8.31E-09,8.39E-09,8.47E-09,8.56E-09,1.18E-09,1.19E-09,1.20E-09,1.22E-09,1.34E-10,1.35E-10,1.36E-10,1.38E-10,1.06E-11,1.07E-11,1.08E-11,1.09E-11,7.99E-12,8.07E-12,8.15E-12,8.23E-12,7.84E-12,7.91E-12,7.99E-12,8.07E-12,8.43E-12,8.52E-12,8.60E-12,8.68E-12,8.35E-12,8.43E-12,8.52E-12,8.60E-12,8.27E-12,8.77E-12
0.18,8.92E-05,9.01E-05,9.09E-05,9.18E-05,1.13E-05,1.14E-05,1.15E-05,1.16E-05,1.21E-06,1.22E-06,1.24E-06,1.25E-06,1.12E-07,1.13E-07,1.14E-07,1.15E-07,9.21E-09,9.30E-09,9.39E-09,9.49E-09,1.34E-09,1.35E-09,1.37E-09,1.38E-09,1.56E-10,1.58E-10,1.59E-10,1.61E-10,1.23E-11,1.24E-11,1.25E-11,1.26E-11,9.19E-12,9.29E-12,9.38E-12,9.47E-12,9.02E-12,9.11E-12,9.20E-12,9.29E-12,9.62E-12,9.71E-12,9.81E-12,9.90E-12,9.61E-12,9.71E-12,9.80E-12,9.90E-12,9.51E-12,9.92E-12
0.182,9.84E-05,9.94E-05,1.00E-04,1.01E-04,1.26E-05,1.27E-05,1.28E-05,1.29E-05,1.36E-06,1.37E-06,1.38E-06,1.40E-06,1.26E-07,1.27E-07,1.29E-07,1.30E-07,1.09E-08,1.11E-08,1.12E-08,1.13E-08,1.50E-09,1.52E-09,1.53E-09,1.55E-09,1.86E-10,1.88E-10,1.90E-10,1.92E-10,1.40E-11,1.41E-11,1.43E-11,1.44E-11,1.04E-11,1.05E-11,1.06E-11,1.07E-11,1.02E-11,1.03E-11,1.04E-11,1.05E-11,1.08E-11,1.09E-11,1.10E-11,1.11E-11,1.09E-11,1.10E-11,1.11E-11,1.12E-11,1.08E-11,1.17E-11
0.184,1.08E-04,1.09E-04,1.10E-04,1.11E-04,1.38E-05,1.40E-05,1.41E-05,1.42E-05,1.50E-06,1.52E-06,1.53E-06,1.55E-06,1.41E-07,1.42E-07,1.43E-07,1.45E-07,1.27E-08,1.28E-08,1.29E-08,1.31E-08,1.74E-09,1.75E-09,1.77E-09,1.79E-09,2.17E-10,2.19E-10,2.21E-10,2.23E-10,1.57E-11,1.59E-11,1.60E-11,1.62E-11,1.23E-11,1.24E-11,1.26E-11,1.27E-11,1.21E-11,1.22E-11,1.23E-11,1.24E-11,1.33E-11,1.35E-11,1.36E-11,1.37E-11,1.29E-11,1.30E-11,1.31E-11,1.32E-11,1.27E-11,1.42E-11
0.186,1.17E-04,1.18E-04,1.19E-04,1.21E-04,1.51E-05,1.53E-05,1.54E-05,1.56E-05,1.65E-06,1.67E-06,1.68E-06,1.70E-06,1.55E-07,1.57E-07,1.58E-07,1.60E-07,1.44E-08,1.46E-08,1.47E-08,1.49E-08,2.05E-09,2.07E-09,2.09E-09,2.11E-09,2.47E-10,2.49E-10,2.52E-10,2.54E-10,1.94E-11,1.96E-11,1.98E-11,2.00E-11,1.50E-11,1.51E-11,1.53E-11,1.54E-11,1.46E-11,1.48E-11,1.49E-11,1.50E-11,1.59E-11,1.60E-11,1.62E-11,1.64E-11,1.56E-11,1.57E-11,1.59E-11,1.60E-11,1.54E-11,1.67E-11
0.188,1.32E-04,1.33E-04,1.34E-04,1.36E-04,1.72E-05,1.74E-05,1.75E-05,1.77E-05,1.90E-06,1.92E-06,1.94E-06,1.96E-06,1.81E-07,1.83E-07,1.85E-07,1.87E-07,1.62E-08,1.63E-08,1.65E-08,1.66E-08,2.37E-09,2.39E-09,2.41E-09,2.44E-09,2.77E-10,2.80E-10,2.82E-10,2.85E-10,2.31E-11,2.33E-11,2.36E-11,2.38E-11,1.76E-11,1.78E-11,1.80E-11,1.81E-11,1.72E-11,1.73E-11,1.75E-11,1.77E-11,1.84E-11,1.86E-11,1.88E-11,1.90E-11,1.83E-11,1.84E-11,1.86E-11,1.88E-11,1.81E-11,1.92E-11
0.19,1.47E-04,1.48E-04,1.50E-04,1.51E-04,1.93E-05,1.95E-05,1.97E-05,1.99E-05,2.16E-06,2.18E-06,2.20E-06,2.22E-06,2.08E-07,2.10E-07,2.12E-07,2.14E-07,1.79E-08,1.81E-08,1.83E-08,1.84E-08,2.68E-09,2.71E-09,2.73E-09,2.76E-09,3.23E-10,3.26E-10,3.29E-10,3.32E-10,2.68E-11,2.71E-11,2.73E-11,2.76E-11,2.02E-11,2.04E-11,2.06E-11,2.08E-11,1.97E-11,1.99E-11,2.01E-11,2.03E-11,2.10E-11,2.12E-11,2.14E-11,2.16E-11,2.10E-11,2.12E-11,2.14E-11,2.16E-11,2.07E-11,2.17E-11
0.192,1.61E-04,1.63E-04,1.65E-04,1.66E-04,2.14E-05,2.16E-05,2.18E-05,2.20E-05,2.41E-06,2.44E-06,2.46E-06,2.48E-06,2.34E-07,2.37E-07,2.39E-07,2.41E-07,2.12E-08,2.14E-08,2.16E-08,2.18E-08,2.99E-09,3.02E-09,3.05E-09,3.08E-09,3.84E-10,3.88E-10,3.92E-10,3.96E-10,3.05E-11,3.08E-11,3.11E-11,3.14E-11,2.29E-11,2.31E-11,2.33E-11,2.36E-11,2.22E-11,2.25E-11,2.27E-11,2.29E-11,2.35E-11,2.37E-11,2.40E-11,2.42E-11,2.37E-11,2.39E-11,2.41E-11,2.44E-11,2.34E-11,2.56E-11
0.194,1.76E-04,1.78E-04,1.80E-04,1.81E-04,2.35E-05,2.37E-05,2.40E-05,2.42E-05,2.67E-06,2.69E-06,2.72E-06,2.75E-06,2.61E-07,2.63E-07,2.66E-07,2.68E-07,2.45E-08,2.47E-08,2.49E-08,2.52E-08,3.46E-09,3.49E-09,3.53E-09,3.56E-09,4.46E-10,4.50E-10,4.55E-10,4.59E-10,3.42E-11,3.45E-11,3.49E-11,3.52E-11,2.70E-11,2.73E-11,2.76E-11,2.78E-11,2.62E-11,2.65E-11,2.68E-11,2.70E-11,2.90E-11,2.92E-11,2.95E-11,2.98E-11,2.79E-11,2.82E-11,2.85E-11,2.87E-11,2.76E-11,3.09E-11
0.196,1.91E-04,1.93E-04,1.95E-04,1.97E-04,2.56E-05,2.59E-05,2.61E-05,2.64E-05,2.92E-06,2.95E-06,2.98E-06,3.01E-06,2.87E-07,2.90E-07,2.93E-07,2.96E-07,2.77E-08,2.80E-08,2.83E-08,2.86E-08,4.07E-09,4.11E-09,4.15E-09,4.19E-09,5.08E-10,5.13E-10,5.18E-10,5.23E-10,4.21E-11,4.25E-11,4.29E-11,4.34E-11,3.26E-11,3.30E-11,3.33E-11,3.36E-11,3.17E-11,3.20E-11,3.24E-11,3.27E-11,3.44E-11,3.48E-11,3.51E-11,3.55E-11,3.37E-11,3.40E-11,3.44E-11,3.47E-11,3.34E-11,3.62E-11
0.198,2.14E-04,2.17E-04,2.19E-04,2.21E-04,2.91E-05,2.94E-05,2.97E-05,3.00E-05,3.36E-06,3.39E-06,3.43E-06,3.46E-06,3.35E-07,3.38E-07,3.41E-07,3.45E-07,3.10E-08,3.13E-08,3.16E-08,3.20E-08,4.68E-09,4.73E-09,4.77E-09,4.82E-09,5.69E-10,5.75E-10,5.81E-10,5.86E-10,5.00E-11,5.05E-11,5.10E-11,5.15E-11,3.83E-11,3.86E-11,3.90E-11,3.94E-11,3.72E-11,3.76E-11,3.79E-11,3.83E-11,3.99E-11,4.03E-11,4.07E-11,4.11E-11,3.95E-11,3.99E-11,4.03E-11,4.07E-11,3.91E-11,4.15E-11
0.2,2.38E-04,2.40E-04,2.43E-04,2.45E-04,3.26E-05,3.29E-05,3.33E-05,3.36E-05,3.80E-06,3.84E-06,3.88E-06,3.91E-06,3.82E-07,3.86E-07,3.90E-07,3.94E-07,3.43E-08,3.46E-08,3.50E-08,3.53E-08,5.29E-09,5.34E-09,5.40E-09,5.45E-09,6.62E-10,6.69E-10,6.75E-10,6.82E-10,5.79E-11,5.85E-11,5.91E-11,5.96E-11,4.39E-11,4.43E-11,4.47E-11,4.52E-11,4.27E-11,4.31E-11,4.35E-11,4.40E-11,4.53E-11,4.58E-11,4.62E-11,4.67E-11,4.53E-11,4.58E-11,4.62E-11,4.67E-11,4.48E-11,4.68E-11
0.202,2.61E-04,2.64E-04,2.66E-04,2.69E-04,3.61E-05,3.65E-05,3.68E-05,3.72E-05,4.24E-06,4.28E-06,4.32E-06,4.37E-06,4.30E-07,4.34E-07,4.38E-07,4.43E-07,4.05E-08,4.09E-08,4.13E-08,4.17E-08,5.90E-09,5.96E-09,6.02E-09,6.08E-09,7.86E-10,7.94E-10,8.02E-10,8.10E-10,6.58E-11,6.65E-11,6.71E-11,6.78E-11,4.95E-11,5.00E-11,5.05E-11,5.10E-11,4.82E-11,4.86E-11,4.91E-11,4.96E-11,5.08E-11,5.13E-11,5.18E-11,5.23E-11,5.11E-11,5.16E-11,5.21E-11,5.26E-11,5.06E-11,5.51E-11
0.204,2.85E-04,2.87E-04,2.90E-04,2.93E-04,3.96E-05,4.00E-05,4.04E-05,4.08E-05,4.68E-06,4.73E-06,4.77E-06,4.82E-06,4.77E-07,4.82E-07,4.87E-07,4.92E-07,4.66E-08,4.71E-08,4.76E-08,4.80E-08,6.80E-09,6.87E-09,6.93E-09,7.00E-09,9.10E-10,9.19E-10,9.28E-10,9.37E-10,7.37E-11,7.44E-11,7.52E-11,7.59E-11,5.83E-11,5.89E-11,5.94E-11,6.00E-11,5.67E-11,5.73E-11,5.78E-11,5.84E-11,6.24E-11,6.31E-11,6.37E-11,6.43E-11,6.01E-11,6.07E-11,6.13E-11,6.19E-11,5.95E-11,6.64E-11
0.206,3.08E-04,3.11E-04,3.14E-04,3.17E-04,4.31E-05,4.35E-05,4.40E-05,4.44E-05,5.12E-06,5.17E-06,5.22E-06,5.27E-06,5.25E-07,5.30E-07,5.36E-07,5.41E-07,5.28E-08,5.33E-08,5.38E-08,5.44E-08,7.98E-09,8.06E-09,8.14E-09,8.22E-09,1.03E-09,1.04E-09,1.05E-09,1.07E-09,9.04E-11,9.13E-11,9.22E-11,9.31E-11,7.02E-11,7.09E-11,7.16E-11,7.23E-11,6.83E-11,6.90E-11,6.97E-11,7.04E-11,7.41E-11,7.48E-11,7.56E-11,7.63E-11,7.23E-11,7.30E-11,7.37E-11,7.45E-11,7.16E-11,7.77E-11
0.208,3.45E-04,3.48E-04,3.52E-04,3.55E-04,4.88E-05,4.93E-05,4.98E-05,5.03E-05,5.87E-06,5.93E-06,5.99E-06,6.05E-06,6.10E-07,6.16E-07,6.22E-07,6.29E-07,5.89E-08,5.95E-08,6.01E-08,6.07E-08,9.16E-09,9.25E-09,9.34E-09,9.43E-09,1.16E-09,1.17E-09,1.18E-09,1.19E-09,1.07E-10,1.08E-10,1.09E-10,1.10E-10,8.22E-11,8.30E-11,8.38E-11,8.46E-11,8.00E-11,8.07E-11,8.15E-11,8.23E-11,8.57E-11,8.66E-11,8.74E-11,8.83E-11,8.45E-11,8.53E-11,8.62E-11,8.70E-11,8.37E-11,8.90E-11
0.21,3.82E-04,3.86E-04,3.90E-04,3.93E-04,5.45E-05,5.51E-05,5.56E-05,5.62E-05,6.63E-06,6.69E-06,6.76E-06,6.83E-06,6.95E-07,7.02E-07,7.09E-07,7.16E-07,6.51E-08,6.58E-08,6.64E-08,6.71E-08,1.03E-08,1.04E-08,1.05E-08,1.06E-08,1.34E-09,1.36E-09,1.37E-09,1.38E-09,1.24E-10,1.25E-10,1.26E-10,1.27E-10,9.41E-11,9.50E-11,9.60E-11,9.69E-11,9.16E-11,9.25E-11,9.34E-11,9.43E-11,9.74E-11,9.83E-11,9.93E-11,1.00E-10,9.67E-11,9.77E-11,9.86E-11,9.96E-11,9.57E-11,1.00E-10
0.212,4.19E-04,4.23E-04,4.27E-04,4.32E-04,6.03E-05,6.09E-05,6.15E-05,6.21E-05,7.38E-06,7.46E-06,7.53E-06,7.60E-06,7.81E-07,7.88E-07,7.96E-07,8.04E-07,7.65E-08,7.72E-08,7.80E-08,7.88E-08,1.15E-08,1.16E-08,1.17E-08,1.19E-08,1.59E-09,1.60E-09,1.62E-09,1.64E-09,1.40E-10,1.42E-10,1.43E-10,1.45E-10,1.06E-10,1.07E-10,1.08E-10,1.09E-10,1.03E-10,1.04E-10,1.05E-10,1.06E-10,1.09E-10,1.10E-10,1.11E-10,1.12E-10,1.09E-10,1.10E-10,1.11E-10,1.12E-10,1.08E-10,1.18E-10
0.214,4.56E-04,4.61E-04,4.65E-04,4.70E-04,6.60E-05,6.66E-05,6.73E-05,6.80E-05,8.14E-06,8.22E-06,8.30E-06,8.38E-06,8.66E-07,8.74E-07,8.83E-07,8.92E-07,8.79E-08,8.87E-08,8.96E-08,9.05E-08,1.32E-08,1.34E-08,1.35E-08,1.36E-08,1.84E-09,1.85E-09,1.87E-09,1.89E-09,1.57E-10,1.59E-10,1.60E-10,1.62E-10,1.25E-10,1.26E-10,1.27E-10,1.28E-10,1.21E-10,1.22E-10,1.24E-10,1.25E-10,1.33E-10,1.35E-10,1.36E-10,1.37E-10,1.28E-10,1.29E-10,1.30E-10,1.32E-10,1.27E-10,1.41E-10
0.216,4.93E-04,4.98E-04,5.03E-04,5.08E-04,7.17E-05,7.24E-05,7.31E-05,7.39E-05,8.89E-06,8.98E-06,9.07E-06,9.16E-06,9.51E-07,9.61E-07,9.70E-07,9.80E-07,9.92E-08,1.00E-07,1.01E-07,1.02E-07,1.55E-08,1.57E-08,1.58E-08,1.60E-08,2.08E-09,2.10E-09,2.12E-09,2.14E-09,1.92E-10,1.94E-10,1.96E-10,1.98E-10,1.50E-10,1.51E-10,1.53E-10,1.54E-10,1.46E-10,1.47E-10,1.49E-10,1.50E-10,1.57E-10,1.59E-10,1.61E-10,1.62E-10,1.54E-10,1.55E-10,1.57E-10,1.58E-10,1.52E-10,1.65E-10
0.218,5.51E-04,5.56E-04,5.62E-04,5.67E-04,8.10E-05,8.18E-05,8.26E-05,8.34E-05,1.02E-05,1.03E-05,1.04E-05,1.05E-05,1.10E-06,1.11E-06,1.12E-06,1.13E-06,1.11E-07,1.12E-07,1.13E-07,1.14E-07,1.78E-08,1.80E-08,1.82E-08,1.83E-08,2.33E-09,2.35E-09,2.37E-09,2.40E-09,2.27E-10,2.29E-10,2.32E-10,2.34E-10,1.75E-10,1.77E-10,1.79E-10,1.80E-10,1.70E-10,1.72E-10,1.73E-10,1.75E-10,1.82E-10,1.83E-10,1.85E-10,1.87E-10,1.80E-10,1.81E-10,1.83E-10,1.85E-10,1.78E-10,1.89E-10
0.22,6.08E-04,6.14E-04,6.20E-04,6.26E-04,9.02E-05,9.11E-05,9.20E-05,9.29E-05,1.15E-05,1.16E-05,1.17E-05,1.18E-05,1.25E-06,1.26E-06,1.28E-06,1.29E-06,1.22E-07,1.23E-07,1.24E-07,1.26E-07,2.01E-08,2.03E-08,2.05E-08,2.07E-08,2.69E-09,2.72E-09,2.75E-09,2.77E-09,2.62E-10,2.65E-10,2.67E-10,2.70E-10,2.00E-10,2.02E-10,2.04E-10,2.06E-10,1.94E-10,1.96E-10,1.98E-10,2.00E-10,2.06E-10,2.08E-10,2.10E-10,2.12E-10,2.05E-10,2.07E-10,2.09E-10,2.11E-10,2.03E-10,2.12E-10
0.222,6.66E-04,6.72E-04,6.79E-04,6.86E-04,9.95E-05,1.00E-04,1.01E-04,1.02E-04,1.27E-05,1.29E-05,1.30E-05,1.31E-05,1.40E-06,1.41E-06,1.43E-06,1.44E-06,1.43E-07,1.44E-07,1.46E-07,1.47E-07,2.24E-08,2.26E-08,2.28E-08,2.30E-08,3.18E-09,3.21E-09,3.24E-09,3.27E-09,2.97E-10,3.00E-10,3.03E-10,3.06E-10,2.25E-10,2.28E-10,2.30E-10,2.32E-10,2.19E-10,2.21E-10,2.23E-10,2.25E-10,2.30E-10,2.32E-10,2.35E-10,2.37E-10,2.31E-10,2.33E-10,2.36E-10,2.38E-10,2.29E-10,2.48E-10
0.224,7.23E-04,7.31E-04,7.38E-04,7.45E-04,1.09E-04,1.10E-04,1.11E-04,1.12E-04,1.40E-05,1.42E-05,1.43E-05,1.44E-05,1.55E-06,1.57E-06,1.58E-06,1.60E-06,1.64E-07,1.66E-07,1.67E-07,1.69E-07,2.56E-08,2.59E-08,2.62E-08,2.64E-08,3.67E-09,3.70E-09,3.74E-09,3.77E-09,3.32E-10,3.35E-10,3.39E-10,3.42E-10,2.64E-10,2.67E-10,2.69E-10,2.72E-10,2.56E-10,2.59E-10,2.61E-10,2.64E-10,2.80E-10,2.83E-10,2.86E-10,2.89E-10,2.71E-10,2.73E-10,2.76E-10,2.79E-10,2.68E-10,2.97E-10
0.226,7.81E-04,7.89E-04,7.97E-04,8.04E-04,1.18E-04,1.19E-04,1.20E-04,1.22E-04,1.53E-05,1.55E-05,1.56E-05,1.58E-05,1.70E-06,1.72E-06,1.73E-06,1.75E-06,1.85E-07,1.87E-07,1.89E-07,1.91E-07,2.99E-08,3.02E-08,3.05E-08,3.08E-08,4.15E-09,4.19E-09,4.23E-09,4.28E-09,4.04E-10,4.08E-10,4.12E-10,4.16E-10,3.16E-10,3.19E-10,3.23E-10,3.26E-10,3.07E-10,3.10E-10,3.13E-10,3.16E-10,3.31E-10,3.34E-10,3.37E-10,3.41E-10,3.24E-10,3.27E-10,3.30E-10,3.34E-10,3.21E-10,3.46E-10
0.228,8.69E-04,8.77E-04,8.86E-04,8.95E-04,1.33E-04,1.34E-04,1.36E-04,1.37E-04,1.74E-05,1.76E-05,1.78E-05,1.79E-05,1.96E-06,1.98E-06,2.00E-06,2.02E-06,2.06E-07,2.08E-07,2.10E-07,2.12E-07,3.42E-08,3.45E-08,3.49E-08,3.52E-08,4.64E-09,4.68E-09,4.73E-09,4.78E-09,4.76E-10,4.81E-10,4.86E-10,4.90E-10,3.69E-10,3.72E-10,3.76E-10,3.80E-10,3.57E-10,3.61E-10,3.64E-10,3.68E-10,3.81E-10,3.85E-10,3.89E-10,3.93E-10,3.77E-10,3.81E-10,3.85E-10,3.88E-10,3.73E-10,3.95E-10
0.23,9.57E-04,9.66E-04,9.76E-04,9.85E-04,1.48E-04,1.49E-04,1.51E-04,1.52E-04,1.95E-05,1.97E-05,1.99E-05,2.01E-05,2.23E-06,2.25E-06,2.27E-06,2.29E-06,2.27E-07,2.29E-07,2.32E-07,2.34E-07,3.85E-08,3.89E-08,3.92E-08,3.96E-08,5.35E-09,5.41E-09,5.46E-09,5.51E-09,5.48E-10,5.53E-10,5.59E-10,5.64E-10,4.21E-10,4.25E-10,4.29E-10,4.33E-10,4.07E-10,4.11E-10,4.16E-10,4.20E-10,4.32E-10,4.36E-10,4.40E-10,4.45E-10,4.30E-10,4.35E-10,4.39E-10,4.43E-10,4.26E-10,4.44E-10
0.232,0.00104,0.00105,0.00107,0.00108,1.63E-04,1.65E-04,1.66E-04,1.68E-04,2.17E-05,2.19E-05,2.21E-05,2.23E-05,2.49E-06,2.52E-06,2.54E-06,2.57E-06,2.65E-07,2.68E-07,2.71E-07,2.73E-07,4.28E-08,4.32E-08,4.36E-08,4.40E-08,6.30E-09,6.36E-09,6.42E-09,6.49E-09,6.20E-10,6.26E-10,6.32E-10,6.39E-10,4.73E-10,4.78E-10,4.82E-10,4.87E-10,4.58E-10,4.62E-10,4.67E-10,4.72E-10,4.82E-10,4.87E-10,4.92E-10,4.96E-10,4.83E-10,4.88E-10,4.93E-10,4.98E-10,4.79E-10,5.18E-10
0.234,0.00113,0.00114,0.00115,0.00117,1.78E-04,1.80E-04,1.82E-04,1.83E-04,2.38E-05,2.40E-05,2.43E-05,2.45E-05,2.76E-06,2.78E-06,2.81E-06,2.84E-06,3.03E-07,3.06E-07,3.09E-07,3.13E-07,4.89E-08,4.94E-08,4.99E-08,5.04E-08,7.25E-09,7.32E-09,7.39E-09,7.46E-09,6.92E-10,6.99E-10,7.06E-10,7.13E-10,5.53E-10,5.59E-10,5.64E-10,5.70E-10,5.35E-10,5.40E-10,5.45E-10,5.51E-10,5.85E-10,5.91E-10,5.97E-10,6.03E-10,5.64E-10,5.70E-10,5.75E-10,5.81E-10,5.58E-10,6.18E-10
0.236,0.00122,0.00123,0.00124,0.00126,1.93E-04,1.95E-04,1.97E-04,1.99E-04,2.59E-05,2.62E-05,2.64E-05,2.67E-05,3.02E-06,3.05E-06,3.08E-06,3.11E-06,3.42E-07,3.45E-07,3.48E-07,3.52E-07,5.69E-08,5.75E-08,5.80E-08,5.86E-08,8.19E-09,8.27E-09,8.35E-09,8.44E-09,8.40E-10,8.48E-10,8.56E-10,8.65E-10,6.61E-10,6.68E-10,6.75E-10,6.81E-10,6.38E-10,6.44E-10,6.51E-10,6.57E-10,6.88E-10,6.95E-10,7.02E-10,7.09E-10,6.72E-10,6.79E-10,6.85E-10,6.92E-10,6.65E-10,7.19E-10
0.238,0.00136,0.00137,0.00138,0.0014,2.17E-04,2.19E-04,2.21E-04,2.23E-04,2.94E-05,2.97E-05,3.00E-05,3.03E-05,3.47E-06,3.51E-06,3.54E-06,3.58E-06,3.80E-07,3.84E-07,3.87E-07,3.91E-07,6.49E-08,6.55E-08,6.62E-08,6.68E-08,9.14E-09,9.23E-09,9.32E-09,9.41E-09,9.87E-10,9.97E-10,1.01E-09,1.02E-09,7.70E-10,7.77E-10,7.85E-10,7.93E-10,7.42E-10,7.49E-10,7.56E-10,7.64E-10,7.91E-10,7.99E-10,8.07E-10,8.15E-10,7.80E-10,7.88E-10,7.96E-10,8.03E-10,7.72E-10,8.19E-10
0.24,0.00149,0.00151,0.00152,0.00154,2.40E-04,2.43E-04,2.45E-04,2.47E-04,3.30E-05,3.33E-05,3.36E-05,3.40E-05,3.93E-06,3.97E-06,4.01E-06,4.05E-06,4.18E-07,4.22E-07,4.26E-07,4.31E-07,7.29E-08,7.36E-08,7.44E-08,7.51E-08,1.05E-08,1.06E-08,1.07E-08,1.08E-08,1.13E-09,1.15E-09,1.16E-09,1.17E-09,8.78E-10,8.86E-10,8.95E-10,9.04E-10,8.45E-10,8.53E-10,8.62E-10,8.70E-10,8.94E-10,9.03E-10,9.12E-10,9.21E-10,8.88E-10,8.97E-10,9.06E-10,9.15E-10,8.79E-10,9.19E-10
0.242,0.00163,0.00164,0.00166,0.00168,2.64E-04,2.66E-04,2.69E-04,2.72E-04,3.65E-05,3.69E-05,3.73E-05,3.76E-05,4.38E-06,4.43E-06,4.47E-06,4.51E-06,4.86E-07,4.91E-07,4.96E-07,5.01E-07,8.09E-08,8.17E-08,8.25E-08,8.33E-08,1.23E-08,1.25E-08,1.26E-08,1.27E-08,1.28E-09,1.30E-09,1.31E-09,1.32E-09,9.86E-10,9.96E-10,1.01E-09,1.02E-09,9.48E-10,9.58E-10,9.67E-10,9.77E-10,9.97E-10,1.01E-09,1.02E-09,1.03E-09,9.96E-10,1.01E-09,1.02E-09,1.03E-09,9.86E-10,1.07E-09
0.244,0.00176,0.00178,0.0018,0.00182,2.87E-04,2.90E-04,2.93E-04,2.96E-04,4.01E-05,4.05E-05,4.09E-05,4.13E-05,4.84E-06,4.88E-06,4.93E-06,4.98E-06,5.55E-07,5.60E-07,5.66E-07,5.71E-07,9.23E-08,9.32E-08,9.42E-08,9.51E-08,1.42E-08,1.43E-08,1.44E-08,1.46E-08,1.43E-09,1.44E-09,1.46E-09,1.47E-09,1.15E-09,1.16E-09,1.17E-09,1.18E-09,1.11E-09,1.12E-09,1.13E-09,1.14E-09,1.21E-09,1.22E-09,1.23E-09,1.24E-09,1.16E-09,1.17E-09,1.18E-09,1.20E-09,1.15E-09,1.28E-09
0.246,0.0019,0.00192,0.00194,0.00196,3.11E-04,3.14E-04,3.17E-04,3.20E-04,4.36E-05,4.40E-05,4.45E-05,4.49E-05,5.29E-06,5.34E-06,5.40E-06,5.45E-06,6.23E-07,6.29E-07,6.36E-07,6.42E-07,1.07E-07,1.08E-07,1.09E-07,1.10E-07,1.60E-08,1.61E-08,1.63E-08,1.65E-08,1.73E-09,1.75E-09,1.76E-09,1.78E-09,1.37E-09,1.38E-09,1.39E-09,1.41E-09,1.32E-09,1.33E-09,1.34E-09,1.35E-09,1.41E-09,1.43E-09,1.44E-09,1.46E-09,1.38E-09,1.40E-09,1.41E-09,1.42E-09,1.37E-09,1.48E-09
0.248,0.0021,0.00212,0.00214,0.00217,3.48E-04,3.51E-04,3.55E-04,3.58E-04,4.94E-05,4.99E-05,5.04E-05,5.09E-05,6.07E-06,6.13E-06,6.19E-06,6.25E-06,6.92E-07,6.99E-07,7.05E-07,7.12E-07,1.22E-07,1.23E-07,1.24E-07,1.26E-07,1.78E-08,1.80E-08,1.81E-08,1.83E-08,2.03E-09,2.05E-09,2.07E-09,2.09E-09,1.59E-09,1.60E-09,1.62E-09,1.63E-09,1.53E-09,1.54E-09,1.56E-09,1.57E-09,1.62E-09,1.64E-09,1.66E-09,1.67E-09,1.61E-09,1.62E-09,1.64E-09,1.65E-09,1.59E-09,1.68E-09
0.25,0.0023,0.00233,0.00235,0.00237,3.85E-04,3.89E-04,3.93E-04,3.97E-04,5.52E-05,5.57E-05,5.63E-05,5.68E-05,6.85E-06,6.91E-06,6.98E-06,7.05E-06,7.60E-07,7.68E-07,7.75E-07,7.83E-07,1.37E-07,1.38E-07,1.40E-07,1.41E-07,2.04E-08,2.06E-08,2.08E-08,2.11E-08,2.32E-09,2.35E-09,2.37E-09,2.39E-09,1.80E-09,1.82E-09,1.84E-09,1.86E-09,1.74E-09,1.75E-09,1.77E-09,1.79E-09,1.83E-09,1.85E-09,1.87E-09,1.89E-09,1.83E-09,1.85E-09,1.86E-09,1.88E-09,1.81E-09,1.89E-09
0.252,0.00251,0.00253,0.00256,0.00258,4.22E-04,4.26E-04,4.30E-04,4.35E-04,6.09E-05,6.15E-05,6.22E-05,6.28E-05,7.62E-06,7.70E-06,7.78E-06,7.85E-06,8.82E-07,8.91E-07,9.00E-07,9.08E-07,1.52E-07,1.53E-07,1.55E-07,1.56E-07,2.39E-08,2.42E-08,2.44E-08,2.46E-08,2.62E-09,2.65E-09,2.67E-09,2.70E-09,2.02E-09,2.04E-09,2.06E-09,2.08E-09,1.95E-09,1.96E-09,1.98E-09,2.00E-09,2.04E-09,2.06E-09,2.08E-09,2.10E-09,2.05E-09,2.07E-09,2.09E-09,2.11E-09,2.03E-09,2.19E-09
0.254,0.00271,0.00274,0.00276,0.00279,4.59E-04,4.64E-04,4.68E-04,4.73E-04,6.67E-05,6.74E-05,6.81E-05,6.87E-05,8.40E-06,8.49E-06,8.57E-06,8.65E-06,1.00E-06,1.01E-06,1.02E-06,1.03E-06,1.73E-07,1.74E-07,1.76E-07,1.78E-07,2.74E-08,2.77E-08,2.79E-08,2.82E-08,2.92E-09,2.95E-09,2.98E-09,3.01E-09,2.35E-09,2.37E-09,2.40E-09,2.42E-09,2.26E-09,2.28E-09,2.31E-09,2.33E-09,2.46E-09,2.48E-09,2.51E-09,2.53E-09,2.38E-09,2.40E-09,2.43E-09,2.45E-09,2.36E-09,2.60E-09
0.256,0.00291,0.00294,0.00297,0.003,4.96E-04,5.01E-04,5.06E-04,5.11E-04,7.25E-05,7.32E-05,7.40E-05,7.47E-05,9.18E-06,9.27E-06,9.36E-06,9.46E-06,1.13E-06,1.14E-06,1.15E-06,1.16E-06,2.00E-07,2.01E-07,2.03E-07,2.05E-07,3.09E-08,3.12E-08,3.15E-08,3.18E-08,3.52E-09,3.55E-09,3.59E-09,3.62E-09,2.79E-09,2.81E-09,2.84E-09,2.87E-09,2.69E-09,2.71E-09,2.74E-09,2.77E-09,2.88E-09,2.91E-09,2.94E-09,2.97E-09,2.82E-09,2.85E-09,2.88E-09,2.91E-09,2.79E-09,3.01E-09
0.258,0.00321,0.00324,0.00328,0.00331,5.53E-04,5.59E-04,5.64E-04,5.70E-04,8.18E-05,8.26E-05,8.34E-05,8.43E-05,1.05E-05,1.06E-05,1.07E-05,1.08E-05,1.25E-06,1.26E-06,1.27E-06,1.29E-06,2.27E-07,2.29E-07,2.31E-07,2.33E-07,3.44E-08,3.47E-08,3.50E-08,3.54E-08,4.11E-09,4.15E-09,4.19E-09,4.24E-09,3.23E-09,3.26E-09,3.29E-09,3.32E-09,3.11E-09,3.14E-09,3.17E-09,3.20E-09,3.30E-09,3.33E-09,3.37E-09,3.40E-09,3.27E-09,3.30E-09,3.33E-09,3.36E-09,3.23E-09,3.42E-09
0.26,0.00351,0.00355,0.00358,0.00362,6.11E-04,6.17E-04,6.23E-04,6.29E-04,9.11E-05,9.20E-05,9.29E-05,9.38E-05,1.18E-05,1.19E-05,1.21E-05,1.22E-05,1.37E-06,1.38E-06,1.40E-06,1.41E-06,2.54E-07,2.56E-07,2.59E-07,2.61E-07,3.94E-08,3.98E-08,4.02E-08,4.06E-08,4.71E-09,4.76E-09,4.80E-09,4.85E-09,3.66E-09,3.70E-09,3.74E-09,3.77E-09,3.53E-09,3.57E-09,3.60E-09,3.64E-09,3.72E-09,3.76E-09,3.79E-09,3.83E-09,3.71E-09,3.74E-09,3.78E-09,3.82E-09,3.67E-09,3.83E-09
0.262,0.00382,0.00385,0.00389,0.00393,6.68E-04,6.75E-04,6.82E-04,6.88E-04,1.00E-04,1.01E-04,1.02E-04,1.03E-04,1.32E-05,1.33E-05,1.34E-05,1.35E-05,1.58E-06,1.60E-06,1.61E-06,1.63E-06,2.81E-07,2.83E-07,2.86E-07,2.89E-07,4.59E-08,4.64E-08,4.69E-08,4.73E-08,5.30E-09,5.36E-09,5.41E-09,5.46E-09,4.10E-09,4.14E-09,4.18E-09,4.22E-09,3.96E-09,4.00E-09,4.04E-09,4.08E-09,4.14E-09,4.18E-09,4.22E-09,4.26E-09,4.15E-09,4.19E-09,4.23E-09,4.27E-09,4.11E-09,4.43E-09
0.264,0.00412,0.00416,0.0042,0.00424,7.26E-04,7.33E-04,7.40E-04,7.47E-04,1.10E-04,1.11E-04,1.12E-04,1.13E-04,1.45E-05,1.46E-05,1.48E-05,1.49E-05,1.79E-06,1.81E-06,1.83E-06,1.85E-06,3.19E-07,3.22E-07,3.25E-07,3.28E-07,5.25E-08,5.30E-08,5.36E-08,5.41E-08,5.90E-09,5.96E-09,6.02E-09,6.08E-09,4.76E-09,4.80E-09,4.85E-09,4.90E-09,4.59E-09,4.64E-09,4.68E-09,4.73E-09,4.97E-09,5.02E-09,5.07E-09,5.12E-09,4.81E-09,4.86E-09,4.90E-09,4.95E-09,4.76E-09,5.24E-09
0.266,0.00442,0.00446,0.00451,0.00455,7.83E-04,7.91E-04,7.99E-04,8.06E-04,1.19E-04,1.20E-04,1.21E-04,1.23E-04,1.58E-05,1.60E-05,1.61E-05,1.63E-05,2.01E-06,2.03E-06,2.05E-06,2.07E-06,3.68E-07,3.71E-07,3.75E-07,3.79E-07,5.91E-08,5.97E-08,6.02E-08,6.08E-08,7.08E-09,7.15E-09,7.22E-09,7.29E-09,5.63E-09,5.68E-09,5.74E-09,5.80E-09,5.43E-09,5.48E-09,5.54E-09,5.59E-09,5.81E-09,5.87E-09,5.92E-09,5.98E-09,5.68E-09,5.74E-09,5.79E-09,5.85E-09,5.62E-09,6.05E-09
0.268,0.00487,0.00491,0.00496,0.00501,8.70E-04,8.79E-04,8.88E-04,8.97E-04,1.34E-04,1.35E-04,1.37E-04,1.38E-04,1.80E-05,1.82E-05,1.83E-05,1.85E-05,2.22E-06,2.24E-06,2.26E-06,2.28E-06,4.17E-07,4.21E-07,4.25E-07,4.30E-07,6.56E-08,6.63E-08,6.69E-08,6.76E-08,8.26E-09,8.34E-09,8.43E-09,8.51E-09,6.50E-09,6.57E-09,6.63E-09,6.70E-09,6.27E-09,6.33E-09,6.40E-09,6.46E-09,6.64E-09,6.71E-09,6.77E-09,6.84E-09,6.56E-09,6.62E-09,6.69E-09,6.75E-09,6.49E-09,6.86E-09
0.27,0.00531,0.00537,0.00542,0.00547,9.58E-04,9.67E-04,9.77E-04,9.87E-04,1.49E-04,1.50E-04,1.52E-04,1.53E-04,2.02E-05,2.04E-05,2.06E-05,2.08E-05,2.43E-06,2.45E-06,2.48E-06,2.50E-06,4.66E-07,4.71E-07,4.76E-07,4.80E-07,7.50E-08,7.58E-08,7.65E-08,7.73E-08,9.44E-09,9.53E-09,9.63E-09,9.72E-09,7.37E-09,7.45E-09,7.52E-09,7.59E-09,7.11E-09,7.18E-09,7.25E-09,7.32E-09,7.48E-09,7.55E-09,7.63E-09,7.70E-09,7.43E-09,7.50E-09,7.58E-09,7.65E-09,7.35E-09,7.67E-09
0.272,0.00576,0.00582,0.00587,0.00593,0.00105,0.00106,0.00107,0.00108,1.64E-04,1.66E-04,1.67E-04,1.69E-04,2.23E-05,2.26E-05,2.28E-05,2.30E-05,2.80E-06,2.83E-06,2.86E-06,2.89E-06,5.15E-07,5.21E-07,5.26E-07,5.31E-07,8.72E-08,8.81E-08,8.90E-08,8.98E-08,1.06E-08,1.07E-08,1.08E-08,1.09E-08,8.24E-09,8.33E-09,8.41E-09,8.49E-09,7.95E-09,8.03E-09,8.11E-09,8.19E-09,8.31E-09,8.39E-09,8.48E-09,8.56E-09,8.30E-09,8.39E-09,8.47E-09,8.55E-09,8.22E-09,8.86E-09
0.274,0.0062,0.00627,0.00633,0.00639,0.00113,0.00114,0.00116,0.00117,1.79E-04,1.81E-04,1.83E-04,1.84E-04,2.45E-05,2.48E-05,2.50E-05,2.53E-05,3.17E-06,3.21E-06,3.24E-06,3.27E-06,5.84E-07,5.90E-07,5.95E-07,6.01E-07,9.95E-08,1.00E-07,1.01E-07,1.02E-07,1.18E-08,1.19E-08,1.20E-08,1.22E-08,9.54E-09,9.64E-09,9.73E-09,9.83E-09,9.19E-09,9.28E-09,9.38E-09,9.47E-09,9.95E-09,1.00E-08,1.01E-08,1.02E-08,9.60E-09,9.69E-09,9.79E-09,9.88E-09,9.50E-09,1.04E-08
0.276,0.00665,0.00672,0.00678,0.00685,0.00122,0.00123,0.00124,0.00126,1.94E-04,1.96E-04,1.98E-04,2.00E-04,2.67E-05,2.70E-05,2.72E-05,2.75E-05,3.55E-06,3.58E-06,3.62E-06,3.65E-06,6.71E-07,6.78E-07,6.85E-07,6.92E-07,1.12E-07,1.13E-07,1.14E-07,1.15E-07,1.41E-08,1.43E-08,1.44E-08,1.45E-08,1.13E-08,1.14E-08,1.15E-08,1.16E-08,1.08E-08,1.09E-08,1.11E-08,1.12E-08,1.16E-08,1.17E-08,1.18E-08,1.19E-08,1.13E-08,1.14E-08,1.15E-08,1.16E-08,1.12E-08,1.20E-08
0.278,0.0073,0.00737,0.00744,0.00752,0.00135,0.00137,0.00138,0.00139,2.18E-04,2.20E-04,2.22E-04,2.24E-04,3.03E-05,3.06E-05,3.09E-05,3.13E-05,3.92E-06,3.96E-06,4.00E-06,4.04E-06,7.59E-07,7.67E-07,7.74E-07,7.82E-07,1.24E-07,1.25E-07,1.26E-07,1.28E-07,1.64E-08,1.66E-08,1.68E-08,1.69E-08,1.30E-08,1.31E-08,1.32E-08,1.34E-08,1.25E-08,1.26E-08,1.27E-08,1.29E-08,1.32E-08,1.34E-08,1.35E-08,1.36E-08,1.30E-08,1.32E-08,1.33E-08,1.34E-08,1.29E-08,1.36E-08
0.28,0.00795,0.00803,0.0081,0.00818,0.00149,0.0015,0.00152,0.00153,2.42E-04,2.44E-04,2.46E-04,2.49E-04,3.40E-05,3.43E-05,3.47E-05,3.50E-05,4.29E-06,4.33E-06,4.38E-06,4.42E-06,8.47E-07,8.55E-07,8.64E-07,8.72E-07,1.41E-07,1.43E-07,1.44E-07,1.46E-07,1.88E-08,1.89E-08,1.91E-08,1.93E-08,1.47E-08,1.49E-08,1.50E-08,1.52E-08,1.41E-08,1.43E-08,1.44E-08,1.46E-08,1.49E-08,1.50E-08,1.52E-08,1.53E-08,1.47E-08,1.49E-08,1.50E-08,1.52E-08,1.46E-08,1.52E-08
0.282,0.00859,0.00868,0.00877,0.00885,0.00162,0.00164,0.00165,0.00167,2.65E-04,2.68E-04,2.71E-04,2.73E-04,3.76E-05,3.80E-05,3.84E-05,3.87E-05,4.93E-06,4.98E-06,5.02E-06,5.07E-06,9.34E-07,9.44E-07,9.53E-07,9.62E-07,1.64E-07,1.66E-07,1.67E-07,1.69E-07,2.11E-08,2.13E-08,2.15E-08,2.17E-08,1.64E-08,1.66E-08,1.68E-08,1.69E-08,1.58E-08,1.59E-08,1.61E-08,1.63E-08,1.65E-08,1.67E-08,1.68E-08,1.70E-08,1.64E-08,1.66E-08,1.68E-08,1.69E-08,1.63E-08,1.76E-08
0.284,0.00924,0.00933,0.00943,0.00952,0.00176,0.00177,0.00179,0.00181,2.89E-04,2.92E-04,2.95E-04,2.98E-04,4.13E-05,4.17E-05,4.21E-05,4.25E-05,5.56E-06,5.62E-06,5.67E-06,5.73E-06,1.06E-06,1.07E-06,1.08E-06,1.09E-06,1.87E-07,1.88E-07,1.90E-07,1.92E-07,2.34E-08,2.36E-08,2.39E-08,2.41E-08,1.90E-08,1.92E-08,1.93E-08,1.95E-08,1.82E-08,1.84E-08,1.86E-08,1.87E-08,1.97E-08,1.99E-08,2.01E-08,2.03E-08,1.90E-08,1.92E-08,1.93E-08,1.95E-08,1.88E-08,2.07E-08
0.286,0.00989,0.00999,0.01009,0.01019,0.00189,0.00191,0.00193,0.00195,3.13E-04,3.16E-04,3.19E-04,3.22E-04,4.49E-05,4.53E-05,4.58E-05,4.62E-05,6.20E-06,6.26E-06,6.32E-06,6.38E-06,1.21E-06,1.22E-06,1.24E-06,1.25E-06,2.09E-07,2.11E-07,2.13E-07,2.15E-07,2.79E-08,2.81E-08,2.84E-08,2.87E-08,2.23E-08,2.25E-08,2.28E-08,2.30E-08,2.14E-08,2.16E-08,2.18E-08,2.20E-08,2.29E-08,2.31E-08,2.33E-08,2.35E-08,2.23E-08,2.25E-08,2.28E-08,2.30E-08,2.21E-08,2.38E-08
0.288,0.01082,0.01093,0.01104,0.01115,0.00209,0.00211,0.00213,0.00215,3.50E-04,3.54E-04,3.57E-04,3.61E-04,5.08E-05,5.13E-05,5.19E-05,5.24E-05,6.83E-06,6.90E-06,6.97E-06,7.04E-06,1.37E-06,1.38E-06,1.40E-06,1.41E-06,2.32E-07,2.34E-07,2.36E-07,2.39E-07,3.23E-08,3.26E-08,3.30E-08,3.33E-08,2.57E-08,2.59E-08,2.62E-08,2.64E-08,2.46E-08,2.48E-08,2.51E-08,2.53E-08,2.60E-08,2.63E-08,2.66E-08,2.68E-08,2.57E-08,2.59E-08,2.62E-08,2.64E-08,2.54E-08,2.69E-08
0.29,0.01175,0.01187,0.01199,0.01211,0.00229,0.00231,0.00234,0.00236,3.87E-04,3.91E-04,3.95E-04,3.99E-04,5.68E-05,5.73E-05,5.79E-05,5.85E-05,7.47E-06,7.54E-06,7.62E-06,7.69E-06,1.53E-06,1.54E-06,1.56E-06,1.57E-06,2.64E-07,2.66E-07,2.69E-07,2.72E-07,3.68E-08,3.71E-08,3.75E-08,3.79E-08,2.90E-08,2.93E-08,2.96E-08,2.99E-08,2.78E-08,2.81E-08,2.84E-08,2.86E-08,2.92E-08,2.95E-08,2.98E-08,3.01E-08,2.90E-08,2.93E-08,2.96E-08,2.99E-08,2.87E-08,3.00E-08
0.292,0.01269,0.01281,0.01294,0.01307,0.00249,0.00251,0.00254,0.00256,4.25E-04,4.29E-04,4.33E-04,4.37E-04,6.27E-05,6.33E-05,6.40E-05,6.46E-05,8.56E-06,8.64E-06,8.73E-06,8.81E-06,1.68E-06,1.70E-06,1.72E-06,1.73E-06,3.05E-07,3.08E-07,3.11E-07,3.14E-07,4.12E-08,4.17E-08,4.21E-08,4.25E-08,3.23E-08,3.27E-08,3.30E-08,3.33E-08,3.10E-08,3.13E-08,3.16E-08,3.19E-08,3.24E-08,3.27E-08,3.30E-08,3.34E-08,3.23E-08,3.27E-08,3.30E-08,3.33E-08,3.20E-08,3.45E-08
0.294,0.01362,0.01375,0.01389,0.01403,0.00269,0.00272,0.00274,0.00277,4.62E-04,4.66E-04,4.71E-04,4.76E-04,6.87E-05,6.93E-05,7.00E-05,7.07E-05,9.64E-06,9.74E-06,9.83E-06,9.93E-06,1.90E-06,1.91E-06,1.93E-06,1.95E-06,3.46E-07,3.49E-07,3.53E-07,3.56E-07,4.57E-08,4.62E-08,4.66E-08,4.71E-08,3.72E-08,3.76E-08,3.80E-08,3.83E-08,3.57E-08,3.60E-08,3.64E-08,3.68E-08,3.85E-08,3.89E-08,3.93E-08,3.97E-08,3.72E-08,3.76E-08,3.79E-08,3.83E-08,3.68E-08,4.04E-08
0.296,0.01455,0.0147,0.01484,0.01499,0.00289,0.00292,0.00295,0.00298,4.99E-04,5.04E-04,5.09E-04,5.14E-04,7.46E-05,7.53E-05,7.61E-05,7.68E-05,1.07E-05,1.08E-05,1.09E-05,1.10E-05,2.17E-06,2.19E-06,2.21E-06,2.23E-06,3.87E-07,3.91E-07,3.95E-07,3.99E-07,5.43E-08,5.48E-08,5.54E-08,5.59E-08,4.36E-08,4.41E-08,4.45E-08,4.49E-08,4.19E-08,4.23E-08,4.27E-08,4.31E-08,4.46E-08,4.50E-08,4.55E-08,4.59E-08,4.36E-08,4.40E-08,4.44E-08,4.49E-08,4.31E-08,4.63E-08
0.298,0.01588,0.01604,0.0162,0.01636,0.00319,0.00322,0.00325,0.00328,5.56E-04,5.62E-04,5.68E-04,5.73E-04,8.43E-05,8.51E-05,8.60E-05,8.68E-05,1.18E-05,1.19E-05,1.21E-05,1.22E-05,2.44E-06,2.46E-06,2.48E-06,2.51E-06,4.28E-07,4.33E-07,4.37E-07,4.41E-07,6.29E-08,6.35E-08,6.41E-08,6.47E-08,5.01E-08,5.06E-08,5.11E-08,5.16E-08,4.81E-08,4.85E-08,4.90E-08,4.95E-08,5.07E-08,5.12E-08,5.17E-08,5.22E-08,5.00E-08,5.04E-08,5.09E-08,5.14E-08,4.95E-08,5.22E-08
0.3,0.01721,0.01738,0.01755,0.01773,0.00349,0.00352,0.00356,0.00359,6.14E-04,6.20E-04,6.26E-04,6.32E-04,9.40E-05,9.49E-05,9.58E-05,9.68E-05,1.29E-05,1.30E-05,1.32E-05,1.33E-05,2.71E-06,2.73E-06,2.76E-06,2.79E-06,4.86E-07,4.91E-07,4.96E-07,5.01E-07,7.14E-08,7.22E-08,7.29E-08,7.36E-08,5.65E-08,5.70E-08,5.76E-08,5.82E-08,5.42E-08,5.48E-08,5.53E-08,5.59E-08,5.68E-08,5.74E-08,5.79E-08,5.85E-08,5.63E-08,5.69E-08,5.75E-08,5.80E-08,5.58E-08,5.81E-08
0.302,0.01854,0.01873,0.01891,0.0191,0.00378,0.00382,0.00386,0.0039,6.71E-04,6.78E-04,6.85E-04,6.91E-04,1.04E-04,1.05E-04,1.06E-04,1.07E-04,1.47E-05,1.49E-05,1.50E-05,1.52E-05,2.98E-06,3.00E-06,3.03E-06,3.06E-06,5.61E-07,5.67E-07,5.72E-07,5.78E-07,8.00E-08,8.08E-08,8.16E-08,8.24E-08,6.29E-08,6.35E-08,6.41E-08,6.48E-08,6.04E-08,6.10E-08,6.16E-08,6.22E-08,6.29E-08,6.35E-08,6.42E-08,6.48E-08,6.27E-08,6.33E-08,6.40E-08,6.46E-08,6.21E-08,6.67E-08
0.304,0.01987,0.02007,0.02027,0.02047,0.00408,0.00412,0.00416,0.0042,7.29E-04,7.36E-04,7.43E-04,7.50E-04,1.13E-04,1.14E-04,1.16E-04,1.17E-04,1.65E-05,1.67E-05,1.69E-05,1.70E-05,3.35E-06,3.38E-06,3.41E-06,3.45E-06,6.36E-07,6.42E-07,6.48E-07,6.55E-07,8.86E-08,8.95E-08,9.04E-08,9.13E-08,7.22E-08,7.29E-08,7.36E-08,7.44E-08,6.94E-08,7.00E-08,7.07E-08,7.14E-08,7.45E-08,7.53E-08,7.60E-08,7.68E-08,7.20E-08,7.27E-08,7.35E-08,7.42E-08,7.13E-08,7.79E-08
0.306,0.0212,0.02141,0.02162,0.02184,0.00438,0.00442,0.00447,0.00451,7.86E-04,7.94E-04,8.02E-04,8.10E-04,1.23E-04,1.24E-04,1.25E-04,1.27E-04,1.84E-05,1.85E-05,1.87E-05,1.89E-05,3.82E-06,3.86E-06,3.89E-06,3.93E-06,7.10E-07,7.17E-07,7.24E-07,7.31E-07,1.05E-07,1.06E-07,1.07E-07,1.08E-07,8.44E-08,8.52E-08,8.61E-08,8.69E-08,8.11E-08,8.19E-08,8.27E-08,8.35E-08,8.61E-08,8.70E-08,8.79E-08,8.87E-08,8.42E-08,8.51E-08,8.59E-08,8.68E-08,8.34E-08,8.91E-08
0.308,0.02308,0.02331,0.02354,0.02377,0.00482,0.00486,0.00491,0.00496,8.75E-04,8.84E-04,8.92E-04,9.01E-04,1.38E-04,1.40E-04,1.41E-04,1.43E-04,2.02E-05,2.04E-05,2.06E-05,2.08E-05,4.29E-06,4.33E-06,4.38E-06,4.42E-06,7.85E-07,7.93E-07,8.00E-07,8.08E-07,1.21E-07,1.22E-07,1.24E-07,1.25E-07,9.66E-08,9.75E-08,9.85E-08,9.94E-08,9.28E-08,9.37E-08,9.46E-08,9.55E-08,9.78E-08,9.87E-08,9.97E-08,1.01E-07,9.65E-08,9.74E-08,9.84E-08,9.93E-08,9.55E-08,1.00E-07
0.31,0.02495,0.0252,0.02545,0.0257,0.00525,0.0053,0.00536,0.00541,9.64E-04,9.73E-04,9.83E-04,9.93E-04,1.54E-04,1.55E-04,1.57E-04,1.58E-04,2.20E-05,2.22E-05,2.24E-05,2.27E-05,4.76E-06,4.81E-06,4.86E-06,4.90E-06,8.89E-07,8.98E-07,9.07E-07,9.15E-07,1.37E-07,1.39E-07,1.40E-07,1.42E-07,1.09E-07,1.10E-07,1.11E-07,1.12E-07,1.04E-07,1.05E-07,1.07E-07,1.08E-07,1.09E-07,1.10E-07,1.12E-07,1.13E-07,1.09E-07,1.10E-07,1.11E-07,1.12E-07,1.08E-07,1.11E-07
0.312,0.02683,0.0271,0.02736,0.02763,0.00569,0.00574,0.0058,0.00586,0.00105,0.00106,0.00107,0.00108,1.69E-04,1.71E-04,1.73E-04,1.74E-04,2.50E-05,2.53E-05,2.55E-05,2.58E-05,5.23E-06,5.29E-06,5.34E-06,5.39E-06,1.02E-06,1.03E-06,1.04E-06,1.05E-06,1.54E-07,1.55E-07,1.57E-07,1.58E-07,1.21E-07,1.22E-07,1.23E-07,1.25E-07,1.16E-07,1.17E-07,1.18E-07,1.20E-07,1.21E-07,1.22E-07,1.23E-07,1.25E-07,1.21E-07,1.22E-07,1.23E-07,1.25E-07,1.20E-07,1.28E-07
0.314,0.0287,0.02899,0.02928,0.02957,0.00612,0.00619,0.00625,0.00631,0.00114,0.00115,0.00116,0.00118,1.85E-04,1.86E-04,1.88E-04,1.90E-04,2.80E-05,2.83E-05,2.86E-05,2.89E-05,5.87E-06,5.93E-06,5.99E-06,6.05E-06,1.16E-06,1.17E-06,1.18E-06,1.19E-06,1.70E-07,1.72E-07,1.73E-07,1.75E-07,1.39E-07,1.40E-07,1.41E-07,1.43E-07,1.33E-07,1.34E-07,1.36E-07,1.37E-07,1.43E-07,1.44E-07,1.46E-07,1.47E-07,1.38E-07,1.40E-07,1.41E-07,1.42E-07,1.37E-07,1.49E-07
0.316,0.03058,0.03089,0.03119,0.0315,0.00656,0.00663,0.00669,0.00676,0.00123,0.00124,0.00125,0.00127,2.00E-04,2.02E-04,2.04E-04,2.06E-04,3.11E-05,3.14E-05,3.17E-05,3.20E-05,6.68E-06,6.75E-06,6.82E-06,6.88E-06,1.29E-06,1.30E-06,1.32E-06,1.33E-06,2.00E-07,2.02E-07,2.04E-07,2.06E-07,1.62E-07,1.63E-07,1.65E-07,1.67E-07,1.55E-07,1.57E-07,1.58E-07,1.60E-07,1.65E-07,1.66E-07,1.68E-07,1.70E-07,1.61E-07,1.63E-07,1.64E-07,1.66E-07,1.59E-07,1.70E-07
0.318,0.03319,0.03352,0.03386,0.03419,0.00719,0.00726,0.00734,0.00741,0.00136,0.00138,0.00139,0.0014,2.24E-04,2.26E-04,2.29E-04,2.31E-04,3.41E-05,3.44E-05,3.48E-05,3.51E-05,7.49E-06,7.56E-06,7.64E-06,7.71E-06,1.42E-06,1.44E-06,1.45E-06,1.47E-06,2.31E-07,2.33E-07,2.35E-07,2.38E-07,1.85E-07,1.87E-07,1.89E-07,1.91E-07,1.77E-07,1.79E-07,1.81E-07,1.82E-07,1.86E-07,1.88E-07,1.90E-07,1.92E-07,1.84E-07,1.85E-07,1.87E-07,1.89E-07,1.82E-07,1.91E-07
0.32,0.0358,0.03616,0.03652,0.03688,0.00782,0.0079,0.00798,0.00806,0.00149,0.00151,0.00152,0.00154,2.48E-04,2.51E-04,2.53E-04,2.56E-04,3.71E-05,3.75E-05,3.78E-05,3.82E-05,8.30E-06,8.38E-06,8.46E-06,8.55E-06,1.61E-06,1.62E-06,1.64E-06,1.66E-06,2.61E-07,2.64E-07,2.66E-07,2.69E-07,2.08E-07,2.10E-07,2.12E-07,2.14E-07,1.99E-07,2.01E-07,2.03E-07,2.05E-07,2.08E-07,2.10E-07,2.12E-07,2.14E-07,2.06E-07,2.08E-07,2.10E-07,2.12E-07,2.04E-07,2.12E-07
0.322,0.03842,0.0388,0.03918,0.03957,0.00846,0.00854,0.00863,0.00871,0.00163,0.00164,0.00166,0.00167,2.73E-04,2.75E-04,2.78E-04,2.81E-04,4.21E-05,4.25E-05,4.29E-05,4.33E-05,9.11E-06,9.20E-06,9.29E-06,9.38E-06,1.84E-06,1.86E-06,1.88E-06,1.90E-06,2.92E-07,2.95E-07,2.97E-07,3.00E-07,2.31E-07,2.34E-07,2.36E-07,2.38E-07,2.21E-07,2.23E-07,2.25E-07,2.28E-07,2.30E-07,2.32E-07,2.35E-07,2.37E-07,2.29E-07,2.31E-07,2.33E-07,2.36E-07,2.26E-07,2.43E-07
0.324,0.04103,0.04144,0.04185,0.04226,0.00909,0.00918,0.00927,0.00936,0.00176,0.00178,0.00179,0.00181,2.97E-04,3.00E-04,3.03E-04,3.06E-04,4.70E-05,4.75E-05,4.80E-05,4.84E-05,1.02E-05,1.03E-05,1.04E-05,1.05E-05,2.08E-06,2.10E-06,2.12E-06,2.14E-06,3.22E-07,3.25E-07,3.28E-07,3.32E-07,2.64E-07,2.67E-07,2.70E-07,2.72E-07,2.53E-07,2.55E-07,2.58E-07,2.60E-07,2.70E-07,2.73E-07,2.76E-07,2.79E-07,2.61E-07,2.64E-07,2.66E-07,2.69E-07,2.58E-07,2.82E-07
0.326,0.04364,0.04408,0.04451,0.04495,0.00972,0.00982,0.00991,0.01001,0.00189,0.00191,0.00193,0.00195,3.21E-04,3.24E-04,3.27E-04,3.31E-04,5.20E-05,5.25E-05,5.30E-05,5.35E-05,1.15E-05,1.17E-05,1.18E-05,1.19E-05,2.31E-06,2.33E-06,2.36E-06,2.38E-06,3.78E-07,3.82E-07,3.86E-07,3.90E-07,3.07E-07,3.10E-07,3.13E-07,3.16E-07,2.94E-07,2.97E-07,3.00E-07,3.03E-07,3.11E-07,3.14E-07,3.17E-07,3.20E-07,3.03E-07,3.06E-07,3.09E-07,3.12E-07,3.00E-07,3.22E-07
0.328,0.04724,0.04771,0.04819,0.04866,0.01063,0.01073,0.01084,0.01095,0.00209,0.00211,0.00213,0.00215,3.59E-04,3.63E-04,3.66E-04,3.70E-04,5.69E-05,5.75E-05,5.81E-05,5.86E-05,1.29E-05,1.30E-05,1.32E-05,1.33E-05,2.54E-06,2.57E-06,2.59E-06,2.62E-06,4.35E-07,4.39E-07,4.43E-07,4.48E-07,3.50E-07,3.54E-07,3.57E-07,3.61E-07,3.35E-07,3.38E-07,3.42E-07,3.45E-07,3.51E-07,3.55E-07,3.58E-07,3.62E-07,3.46E-07,3.49E-07,3.52E-07,3.56E-07,3.42E-07,3.61E-07
0.33,0.05084,0.05135,0.05186,0.05237,0.01154,0.01165,0.01177,0.01188,0.00229,0.00231,0.00234,0.00236,3.97E-04,4.01E-04,4.05E-04,4.09E-04,6.19E-05,6.25E-05,6.31E-05,6.38E-05,1.43E-05,1.44E-05,1.45E-05,1.47E-05,2.87E-06,2.89E-06,2.92E-06,2.95E-06,4.91E-07,4.96E-07,5.01E-07,5.06E-07,3.93E-07,3.97E-07,4.01E-07,4.05E-07,3.76E-07,3.80E-07,3.84E-07,3.87E-07,3.92E-07,3.96E-07,3.99E-07,4.03E-07,3.88E-07,3.92E-07,3.95E-07,3.99E-07,3.84E-07,4.00E-07
0.332,0.05445,0.05499,0.05553,0.05608,0.01244,0.01257,0.01269,0.01282,0.00249,0.00251,0.00254,0.00256,4.36E-04,4.40E-04,4.44E-04,4.49E-04,6.99E-05,7.06E-05,7.13E-05,7.20E-05,1.56E-05,1.58E-05,1.59E-05,1.61E-05,3.28E-06,3.31E-06,3.34E-06,3.38E-06,5.48E-07,5.53E-07,5.59E-07,5.64E-07,4.36E-07,4.40E-07,4.44E-07,4.49E-07,4.17E-07,4.22E-07,4.26E-07,4.30E-07,4.32E-07,4.36E-07,4.41E-07,4.45E-07,4.30E-07,4.34E-07,4.38E-07,4.43E-07,4.26E-07,4.56E-07
0.334,0.05805,0.05863,0.05921,0.05979,0.01335,0.01349,0.01362,0.01375,0.00269,0.00272,0.00274,0.00277,4.74E-04,4.79E-04,4.83E-04,4.88E-04,7.79E-05,7.87E-05,7.95E-05,8.03E-05,1.75E-05,1.76E-05,1.78E-05,1.80E-05,3.69E-06,3.73E-06,3.76E-06,3.80E-06,6.04E-07,6.10E-07,6.16E-07,6.22E-07,4.97E-07,5.02E-07,5.07E-07,5.11E-07,4.76E-07,4.80E-07,4.85E-07,4.90E-07,5.07E-07,5.12E-07,5.17E-07,5.22E-07,4.90E-07,4.95E-07,5.00E-07,5.04E-07,4.85E-07,5.29E-07
0.336,0.06165,0.06227,0.06288,0.0635,0.01426,0.0144,0.01455,0.01469,0.00289,0.00292,0.00295,0.00298,5.12E-04,5.17E-04,5.22E-04,5.27E-04,8.60E-05,8.68E-05,8.77E-05,8.85E-05,1.98E-05,1.99E-05,2.01E-05,2.03E-05,4.10E-06,4.14E-06,4.18E-06,4.23E-06,7.07E-07,7.14E-07,7.21E-07,7.28E-07,5.76E-07,5.82E-07,5.87E-07,5.93E-07,5.51E-07,5.57E-07,5.62E-07,5.68E-07,5.81E-07,5.87E-07,5.93E-07,5.99E-07,5.67E-07,5.73E-07,5.79E-07,5.84E-07,5.62E-07,6.01E-07
0.338,0.06656,0.06723,0.06789,0.06856,0.01555,0.0157,0.01586,0.01601,0.00319,0.00322,0.00325,0.00328,5.71E-04,5.77E-04,5.82E-04,5.88E-04,9.40E-05,9.49E-05,9.59E-05,9.68E-05,2.21E-05,2.23E-05,2.25E-05,2.27E-05,4.51E-06,4.56E-06,4.60E-06,4.65E-06,8.10E-07,8.19E-07,8.27E-07,8.35E-07,6.55E-07,6.62E-07,6.68E-07,6.75E-07,6.27E-07,6.33E-07,6.39E-07,6.45E-07,6.56E-07,6.62E-07,6.69E-07,6.75E-07,6.45E-07,6.51E-07,6.58E-07,6.64E-07,6.39E-07,6.73E-07
0.34,0.07147,0.07219,0.0729,0.07362,0.01684,0.017,0.01717,0.01734,0.00348,0.00352,0.00355,0.00359,6.30E-04,6.36E-04,6.42E-04,6.48E-04,1.02E-04,1.03E-04,1.04E-04,1.05E-04,2.44E-05,2.46E-05,2.48E-05,2.51E-05,5.08E-06,5.13E-06,5.18E-06,5.23E-06,9.14E-07,9.23E-07,9.32E-07,9.41E-07,7.34E-07,7.42E-07,7.49E-07,7.56E-07,7.02E-07,7.09E-07,7.16E-07,7.23E-07,7.30E-07,7.38E-07,7.45E-07,7.52E-07,7.23E-07,7.30E-07,7.37E-07,7.44E-07,7.15E-07,7.46E-07
0.342,0.07639,0.07715,0.07791,0.07868,0.01812,0.01831,0.01849,0.01867,0.00378,0.00382,0.00385,0.00389,6.88E-04,6.95E-04,7.02E-04,7.09E-04,1.15E-04,1.16E-04,1.17E-04,1.18E-04,2.67E-05,2.69E-05,2.72E-05,2.74E-05,5.79E-06,5.85E-06,5.91E-06,5.96E-06,1.02E-06,1.03E-06,1.04E-06,1.05E-06,8.13E-07,8.22E-07,8.30E-07,8.38E-07,7.77E-07,7.85E-07,7.93E-07,8.01E-07,8.05E-07,8.13E-07,8.21E-07,8.29E-07,8.00E-07,8.08E-07,8.16E-07,8.24E-07,7.92E-07,8.48E-07
0.344,0.0813,0.08211,0.08292,0.08374,0.01941,0.01961,0.0198,0.01999,0.00407,0.00411,0.00416,0.0042,7.47E-04,7.55E-04,7.62E-04,7.70E-04,1.28E-04,1.29E-04,1.31E-04,1.32E-04,2.97E-05,3.00E-05,3.03E-05,3.06E-05,6.51E-06,6.57E-06,6.64E-06,6.70E-06,1.12E-06,1.13E-06,1.14E-06,1.15E-06,9.25E-07,9.34E-07,9.43E-07,9.52E-07,8.84E-07,8.92E-07,9.01E-07,9.10E-07,9.40E-07,9.49E-07,9.59E-07,9.68E-07,9.09E-07,9.18E-07,9.27E-07,9.36E-07,9.00E-07,9.79E-07
0.346,0.08621,0.08707,0.08793,0.0888,0.0207,0.02091,0.02111,0.02132,0.00437,0.00441,0.00446,0.0045,8.06E-04,8.14E-04,8.22E-04,8.30E-04,1.41E-04,1.42E-04,1.44E-04,1.45E-04,3.35E-05,3.38E-05,3.42E-05,3.45E-05,7.22E-06,7.29E-06,7.36E-06,7.44E-06,1.31E-06,1.32E-06,1.33E-06,1.35E-06,1.07E-06,1.08E-06,1.09E-06,1.10E-06,1.02E-06,1.03E-06,1.04E-06,1.05E-06,1.08E-06,1.09E-06,1.10E-06,1.11E-06,1.05E-06,1.06E-06,1.07E-06,1.08E-06,1.04E-06,1.11E-06
0.348,0.09283,0.09376,0.09468,0.09561,0.02251,0.02273,0.02296,0.02318,0.0048,0.00485,0.0049,0.00495,8.97E-04,9.06E-04,9.15E-04,9.24E-04,1.54E-04,1.56E-04,1.57E-04,1.59E-04,3.73E-05,3.77E-05,3.80E-05,3.84E-05,7.93E-06,8.01E-06,8.09E-06,8.17E-06,1.50E-06,1.51E-06,1.53E-06,1.54E-06,1.21E-06,1.22E-06,1.24E-06,1.25E-06,1.16E-06,1.17E-06,1.18E-06,1.19E-06,1.21E-06,1.22E-06,1.23E-06,1.25E-06,1.19E-06,1.20E-06,1.21E-06,1.23E-06,1.18E-06,1.24E-06
0.35,0.09945,0.10044,0.10143,0.10243,0.02432,0.02456,0.0248,0.02505,0.00524,0.00529,0.00534,0.0054,9.88E-04,9.97E-04,0.00101,0.00102,1.67E-04,1.69E-04,1.70E-04,1.72E-04,4.11E-05,4.15E-05,4.19E-05,4.23E-05,8.90E-06,8.99E-06,9.08E-06,9.17E-06,1.68E-06,1.70E-06,1.72E-06,1.73E-06,1.35E-06,1.37E-06,1.38E-06,1.40E-06,1.29E-06,1.31E-06,1.32E-06,1.33E-06,1.35E-06,1.36E-06,1.37E-06,1.39E-06,1.33E-06,1.34E-06,1.36E-06,1.37E-06,1.32E-06,1.37E-06
0.352,0.10606,0.10712,0.10819,0.10925,0.02612,0.02639,0.02665,0.02691,0.00567,0.00573,0.00579,0.00584,0.00108,0.00109,0.0011,0.00111,1.88E-04,1.89E-04,1.91E-04,1.93E-04,4.49E-05,4.53E-05,4.58E-05,4.62E-05,1.01E-05,1.02E-05,1.03E-05,1.04E-05,1.87E-06,1.89E-06,1.91E-06,1.93E-06,1.50E-06,1.51E-06,1.53E-06,1.54E-06,1.43E-06,1.45E-06,1.46E-06,1.47E-06,1.48E-06,1.49E-06,1.51E-06,1.52E-06,1.47E-06,1.48E-06,1.50E-06,1.51E-06,1.46E-06,1.56E-06
0.354,0.11268,0.11381,0.11494,0.11606,0.02793,0.02821,0.02849,0.02877,0.00611,0.00617,0.00623,0.00629,0.00117,0.00118,0.00119,0.0012,2.08E-04,2.10E-04,2.12E-04,2.14E-04,4.99E-05,5.04E-05,5.09E-05,5.14E-05,1.13E-05,1.15E-05,1.16E-05,1.17E-05,2.06E-06,2.08E-06,2.10E-06,2.12E-06,1.70E-06,1.72E-06,1.74E-06,1.75E-06,1.62E-06,1.64E-06,1.66E-06,1.67E-06,1.72E-06,1.74E-06,1.76E-06,1.78E-06,1.67E-06,1.68E-06,1.70E-06,1.72E-06,1.65E-06,1.79E-06
0.356,0.1193,0.12049,0.12169,0.12288,0.02974,0.03004,0.03033,0.03063,0.00654,0.00661,0.00667,0.00674,0.00126,0.00127,0.00129,0.0013,2.29E-04,2.31E-04,2.33E-04,2.36E-04,5.62E-05,5.67E-05,5.73E-05,5.78E-05,1.26E-05,1.27E-05,1.28E-05,1.29E-05,2.40E-06,2.42E-06,2.44E-06,2.47E-06,1.96E-06,1.98E-06,2.00E-06,2.02E-06,1.87E-06,1.89E-06,1.91E-06,1.93E-06,1.97E-06,1.99E-06,2.01E-06,2.03E-06,1.92E-06,1.94E-06,1.96E-06,1.98E-06,1.90E-06,2.03E-06
0.358,0.12814,0.12942,0.1307,0.13198,0.03225,0.03257,0.0329,0.03322,0.00717,0.00724,0.00731,0.00738,0.0014,0.00141,0.00142,0.00144,2.49E-04,2.52E-04,2.54E-04,2.57E-04,6.24E-05,6.30E-05,6.36E-05,6.43E-05,1.38E-05,1.39E-05,1.41E-05,1.42E-05,2.73E-06,2.76E-06,2.79E-06,2.81E-06,2.23E-06,2.25E-06,2.27E-06,2.29E-06,2.12E-06,2.14E-06,2.16E-06,2.18E-06,2.21E-06,2.23E-06,2.26E-06,2.28E-06,2.18E-06,2.20E-06,2.22E-06,2.24E-06,2.15E-06,2.27E-06
0.36,0.13698,0.13835,0.13972,0.14109,0.03476,0.03511,0.03546,0.03581,0.00779,0.00787,0.00795,0.00803,0.00153,0.00155,0.00156,0.00158,2.70E-04,2.73E-04,2.75E-04,2.78E-04,6.86E-05,6.93E-05,7.00E-05,7.07E-05,1.54E-05,1.56E-05,1.57E-05,1.59E-05,3.07E-06,3.10E-06,3.13E-06,3.16E-06,2.49E-06,2.51E-06,2.54E-06,2.56E-06,2.37E-06,2.39E-06,2.42E-06,2.44E-06,2.46E-06,2.48E-06,2.51E-06,2.53E-06,2.43E-06,2.45E-06,2.48E-06,2.50E-06,2.40E-06,2.50E-06
0.362,0.14582,0.14728,0.14874,0.15019,0.03728,0.03765,0.03802,0.03839,0.00842,0.0085,0.00859,0.00867,0.00167,0.00168,0.0017,0.00172,3.02E-04,3.05E-04,3.08E-04,3.11E-04,7.49E-05,7.56E-05,7.64E-05,7.71E-05,1.75E-05,1.77E-05,1.79E-05,1.80E-05,3.40E-06,3.44E-06,3.47E-06,3.51E-06,2.75E-06,2.78E-06,2.80E-06,2.83E-06,2.62E-06,2.64E-06,2.67E-06,2.69E-06,2.70E-06,2.73E-06,2.75E-06,2.78E-06,2.68E-06,2.71E-06,2.74E-06,2.76E-06,2.66E-06,2.83E-06
0.364,0.15466,0.15621,0.15775,0.1593,0.03979,0.04019,0.04058,0.04098,0.00904,0.00913,0.00922,0.00932,0.0018,0.00182,0.00184,0.00186,3.35E-04,3.38E-04,3.41E-04,3.45E-04,8.31E-05,8.39E-05,8.48E-05,8.56E-05,1.96E-05,1.98E-05,2.00E-05,2.02E-05,3.74E-06,3.78E-06,3.81E-06,3.85E-06,3.11E-06,3.14E-06,3.17E-06,3.21E-06,2.96E-06,2.99E-06,3.02E-06,3.05E-06,3.14E-06,3.17E-06,3.20E-06,3.23E-06,3.04E-06,3.07E-06,3.10E-06,3.13E-06,3.00E-06,3.25E-06
0.366,0.1635,0.16514,0.16677,0.16841,0.0423,0.04272,0.04315,0.04357,0.00967,0.00977,0.00986,0.00996,0.00194,0.00196,0.00198,0.002,3.67E-04,3.71E-04,3.75E-04,3.78E-04,9.33E-05,9.42E-05,9.52E-05,9.61E-05,2.17E-05,2.19E-05,2.21E-05,2.23E-05,4.34E-06,4.38E-06,4.42E-06,4.47E-06,3.58E-06,3.61E-06,3.65E-06,3.68E-06,3.40E-06,3.44E-06,3.47E-06,3.51E-06,3.57E-06,3.61E-06,3.64E-06,3.68E-06,3.49E-06,3.52E-06,3.55E-06,3.59E-06,3.45E-06,3.68E-06
0.368,0.17516,0.17691,0.17866,0.18041,0.04575,0.04621,0.04666,0.04712,0.01057,0.01068,0.01078,0.01089,0.00214,0.00217,0.00219,0.00221,4.00E-04,4.04E-04,4.08E-04,4.12E-04,1.04E-04,1.05E-04,1.06E-04,1.07E-04,2.38E-05,2.40E-05,2.42E-05,2.45E-05,4.94E-06,4.99E-06,5.03E-06,5.08E-06,4.04E-06,4.08E-06,4.12E-06,4.16E-06,3.85E-06,3.88E-06,3.92E-06,3.96E-06,4.01E-06,4.05E-06,4.09E-06,4.13E-06,3.94E-06,3.97E-06,4.01E-06,4.05E-06,3.90E-06,4.10E-06
0.37,0.18682,0.18869,0.19056,0.19242,0.0492,0.04969,0.05018,0.05067,0.01147,0.01158,0.0117,0.01181,0.00235,0.00237,0.00239,0.00242,4.32E-04,4.36E-04,4.41E-04,4.45E-04,1.14E-04,1.15E-04,1.16E-04,1.17E-04,2.65E-05,2.68E-05,2.71E-05,2.73E-05,5.53E-06,5.59E-06,5.64E-06,5.70E-06,4.50E-06,4.55E-06,4.59E-06,4.64E-06,4.29E-06,4.33E-06,4.37E-06,4.42E-06,4.44E-06,4.49E-06,4.53E-06,4.58E-06,4.39E-06,4.43E-06,4.47E-06,4.52E-06,4.34E-06,4.52E-06
0.372,0.19848,0.20046,0.20245,0.20443,0.05264,0.05317,0.0537,0.05422,0.01237,0.01249,0.01262,0.01274,0.00255,0.00258,0.0026,0.00263,4.82E-04,4.87E-04,4.92E-04,4.97E-04,1.24E-04,1.25E-04,1.26E-04,1.28E-04,3.00E-05,3.03E-05,3.06E-05,3.09E-05,6.13E-06,6.19E-06,6.25E-06,6.32E-06,4.97E-06,5.02E-06,5.07E-06,5.12E-06,4.73E-06,4.78E-06,4.82E-06,4.87E-06,4.88E-06,4.93E-06,4.98E-06,5.03E-06,4.84E-06,4.88E-06,4.93E-06,4.98E-06,4.79E-06,5.10E-06
0.374,0.21014,0.21224,0.21434,0.21644,0.05609,0.05665,0.05721,0.05777,0.01327,0.0134,0.01354,0.01367,0.00276,0.00278,0.00281,0.00284,5.33E-04,5.38E-04,5.43E-04,5.49E-04,1.37E-04,1.38E-04,1.40E-04,1.41E-04,3.35E-05,3.38E-05,3.41E-05,3.45E-05,6.73E-06,6.80E-06,6.86E-06,6.93E-06,5.61E-06,5.67E-06,5.72E-06,5.78E-06,5.34E-06,5.39E-06,5.45E-06,5.50E-06,5.64E-06,5.70E-06,5.76E-06,5.81E-06,5.46E-06,5.51E-06,5.56E-06,5.62E-06,5.40E-06,5.84E-06
0.376,0.2218,0.22402,0.22624,0.22845,0.05954,0.06014,0.06073,0.06133,0.01417,0.01431,0.01445,0.0146,0.00296,0.00299,0.00302,0.00305,5.83E-04,5.89E-04,5.95E-04,6.01E-04,1.53E-04,1.55E-04,1.56E-04,1.58E-04,3.69E-05,3.73E-05,3.76E-05,3.80E-05,7.78E-06,7.86E-06,7.94E-06,8.02E-06,6.43E-06,6.49E-06,6.56E-06,6.62E-06,6.12E-06,6.18E-06,6.24E-06,6.30E-06,6.41E-06,6.47E-06,6.54E-06,6.60E-06,6.25E-06,6.31E-06,6.37E-06,6.43E-06,6.18E-06,6.59E-06
0.378,0.237,0.23937,0.24174,0.24411,0.06423,0.06487,0.06551,0.06615,0.01544,0.0156,0.01575,0.01591,0.00326,0.00329,0.00333,0.00336,6.34E-04,6.40E-04,6.46E-04,6.53E-04,1.70E-04,1.71E-04,1.73E-04,1.75E-04,4.04E-05,4.08E-05,4.12E-05,4.16E-05,8.84E-06,8.93E-06,9.01E-06,9.10E-06,7.25E-06,7.32E-06,7.39E-06,7.46E-06,6.90E-06,6.96E-06,7.03E-06,7.10E-06,7.17E-06,7.24E-06,7.32E-06,7.39E-06,7.04E-06,7.11E-06,7.18E-06,7.25E-06,6.96E-06,7.33E-06
0.38,0.2522,0.25472,0.25724,0.25977,0.06891,0.0696,0.07029,0.07098,0.01671,0.01688,0.01705,0.01722,0.00356,0.0036,0.00364,0.00367,6.84E-04,6.91E-04,6.98E-04,7.05E-04,1.86E-04,1.88E-04,1.89E-04,1.91E-04,4.50E-05,4.54E-05,4.59E-05,4.63E-05,9.89E-06,9.99E-06,1.01E-05,1.02E-05,8.06E-06,8.14E-06,8.22E-06,8.30E-06,7.67E-06,7.75E-06,7.83E-06,7.90E-06,7.94E-06,8.02E-06,8.09E-06,8.17E-06,7.83E-06,7.90E-06,7.98E-06,8.06E-06,7.75E-06,8.07E-06
0.382,0.2674,0.27007,0.27275,0.27542,0.0736,0.07433,0.07507,0.07581,0.01799,0.01817,0.01835,0.01853,0.00387,0.0039,0.00394,0.00398,7.61E-04,7.69E-04,7.76E-04,7.84E-04,2.02E-04,2.04E-04,2.06E-04,2.08E-04,5.07E-05,5.12E-05,5.18E-05,5.23E-05,1.09E-05,1.11E-05,1.12E-05,1.13E-05,8.88E-06,8.97E-06,9.06E-06,9.15E-06,8.45E-06,8.54E-06,8.62E-06,8.70E-06,8.70E-06,8.79E-06,8.87E-06,8.96E-06,8.62E-06,8.70E-06,8.79E-06,8.87E-06,8.53E-06,9.09E-06
0.384,0.2826,0.28543,0.28825,0.29108,0.07828,0.07907,0.07985,0.08063,0.01926,0.01945,0.01964,0.01984,0.00417,0.00421,0.00425,0.00429,8.38E-04,8.47E-04,8.55E-04,8.64E-04,2.23E-04,2.25E-04,2.27E-04,2.30E-04,5.65E-05,5.71E-05,5.76E-05,5.82E-05,1.20E-05,1.21E-05,1.22E-05,1.24E-05,1.00E-05,1.01E-05,1.02E-05,1.03E-05,9.52E-06,9.61E-06,9.71E-06,9.80E-06,1.00E-05,1.01E-05,1.02E-05,1.03E-05,9.70E-06,9.80E-06,9.89E-06,9.99E-06,9.60E-06,1.04E-05
0.386,0.2978,0.30078,0.30376,0.30673,0.08297,0.0838,0.08463,0.08546,0.02053,0.02074,0.02094,0.02115,0.00447,0.00451,0.00456,0.0046,9.16E-04,9.25E-04,9.34E-04,9.43E-04,2.49E-04,2.51E-04,2.54E-04,2.56E-04,6.23E-05,6.29E-05,6.35E-05,6.41E-05,1.38E-05,1.40E-05,1.41E-05,1.42E-05,1.14E-05,1.15E-05,1.17E-05,1.18E-05,1.09E-05,1.10E-05,1.11E-05,1.12E-05,1.14E-05,1.15E-05,1.16E-05,1.17E-05,1.11E-05,1.12E-05,1.13E-05,1.14E-05,1.10E-05,1.17E-05
0.388,0.31742,0.32059,0.32377,0.32694,0.08926,0.09015,0.09104,0.09193,0.02231,0.02254,0.02276,0.02298,0.00491,0.00496,0.00501,0.00506,9.93E-04,0.001,0.00101,0.00102,2.75E-04,2.77E-04,2.80E-04,2.83E-04,6.80E-05,6.87E-05,6.94E-05,7.01E-05,1.56E-05,1.58E-05,1.60E-05,1.61E-05,1.28E-05,1.30E-05,1.31E-05,1.32E-05,1.22E-05,1.23E-05,1.25E-05,1.26E-05,1.27E-05,1.28E-05,1.30E-05,1.31E-05,1.25E-05,1.26E-05,1.27E-05,1.28E-05,1.23E-05,1.30E-05
0.39,0.33704,0.34041,0.34378,0.34715,0.09554,0.0965,0.09745,0.09841,0.0241,0.02434,0.02458,0.02482,0.00535,0.0054,0.00546,0.00551,0.00107,0.00108,0.00109,0.0011,3.00E-04,3.03E-04,3.06E-04,3.09E-04,7.56E-05,7.64E-05,7.71E-05,7.79E-05,1.75E-05,1.76E-05,1.78E-05,1.80E-05,1.43E-05,1.44E-05,1.46E-05,1.47E-05,1.36E-05,1.37E-05,1.38E-05,1.40E-05,1.41E-05,1.42E-05,1.43E-05,1.45E-05,1.38E-05,1.40E-05,1.41E-05,1.42E-05,1.37E-05,1.43E-05
0.392,0.35666,0.36023,0.36379,0.36736,0.10183,0.10285,0.10386,0.10488,0.02588,0.02614,0.0264,0.02666,0.00579,0.00585,0.00591,0.00596,0.00119,0.0012,0.00121,0.00122,3.26E-04,3.29E-04,3.33E-04,3.36E-04,8.50E-05,8.59E-05,8.67E-05,8.76E-05,1.93E-05,1.95E-05,1.97E-05,1.99E-05,1.57E-05,1.58E-05,1.60E-05,1.62E-05,1.49E-05,1.51E-05,1.52E-05,1.54E-05,1.54E-05,1.56E-05,1.57E-05,1.59E-05,1.52E-05,1.54E-05,1.55E-05,1.57E-05,1.51E-05,1.60E-05
0.394,0.37628,0.38004,0.38381,0.38757,0.10811,0.1092,0.11028,0.11136,0.02767,0.02794,0.02822,0.0285,0.00623,0.00629,0.00635,0.00642,0.00131,0.00132,0.00133,0.00135,3.59E-04,3.63E-04,3.66E-04,3.70E-04,9.45E-05,9.54E-05,9.63E-05,9.73E-05,2.11E-05,2.13E-05,2.15E-05,2.17E-05,1.76E-05,1.78E-05,1.80E-05,1.82E-05,1.68E-05,1.69E-05,1.71E-05,1.73E-05,1.77E-05,1.79E-05,1.80E-05,1.82E-05,1.71E-05,1.73E-05,1.74E-05,1.76E-05,1.69E-05,1.82E-05
0.396,0.3959,0.39986,0.40382,0.40778,0.1144,0.11554,0.11669,0.11783,0.02945,0.02974,0.03004,0.03033,0.00667,0.00674,0.0068,0.00687,0.00142,0.00144,0.00145,0.00147,4.00E-04,4.04E-04,4.08E-04,4.12E-04,1.04E-04,1.05E-04,1.06E-04,1.07E-04,2.42E-05,2.45E-05,2.47E-05,2.49E-05,2.01E-05,2.03E-05,2.05E-05,2.07E-05,1.91E-05,1.93E-05,1.95E-05,1.97E-05,2.00E-05,2.02E-05,2.04E-05,2.06E-05,1.94E-05,1.96E-05,1.98E-05,2.00E-05,1.92E-05,2.05E-05
0.398,0.42094,0.42515,0.42936,0.43357,0.12276,0.12399,0.12522,0.12644,0.03192,0.03224,0.03256,0.03288,0.00731,0.00738,0.00746,0.00753,0.00154,0.00156,0.00157,0.00159,4.40E-04,4.44E-04,4.49E-04,4.53E-04,1.13E-04,1.14E-04,1.16E-04,1.17E-04,2.73E-05,2.76E-05,2.79E-05,2.82E-05,2.26E-05,2.28E-05,2.31E-05,2.33E-05,2.15E-05,2.17E-05,2.19E-05,2.21E-05,2.22E-05,2.25E-05,2.27E-05,2.29E-05,2.18E-05,2.20E-05,2.22E-05,2.25E-05,2.16E-05,2.27E-05
0.4,0.44598,0.45044,0.4549,0.45936,0.13112,0.13243,0.13374,0.13505,0.03439,0.03473,0.03508,0.03542,0.00795,0.00803,0.00811,0.00819,0.00166,0.00168,0.00169,0.00171,4.80E-04,4.85E-04,4.90E-04,4.95E-04,1.26E-04,1.27E-04,1.28E-04,1.29E-04,3.05E-05,3.08E-05,3.11E-05,3.14E-05,2.51E-05,2.53E-05,2.56E-05,2.58E-05,2.38E-05,2.40E-05,2.43E-05,2.45E-05,2.45E-05,2.48E-05,2.50E-05,2.53E-05,2.42E-05,2.44E-05,2.46E-05,2.49E-05,2.39E-05,2.49E-05
0.402,0.47102,0.47573,0.48044,0.48515,0.13948,0.14087,0.14227,0.14366,0.03686,0.03723,0.0376,0.03797,0.00859,0.00868,0.00876,0.00885,0.00184,0.00186,0.00187,0.00189,5.21E-04,5.26E-04,5.31E-04,5.36E-04,1.41E-04,1.43E-04,1.44E-04,1.45E-04,3.36E-05,3.39E-05,3.43E-05,3.46E-05,2.76E-05,2.78E-05,2.81E-05,2.84E-05,2.61E-05,2.64E-05,2.67E-05,2.69E-05,2.68E-05,2.71E-05,2.73E-05,2.76E-05,2.65E-05,2.68E-05,2.71E-05,2.73E-05,2.63E-05,2.79E-05
0.404,0.49606,0.50102,0.50598,0.51094,0.14784,0.14932,0.1508,0.15228,0.03933,0.03972,0.04012,0.04051,0.00923,0.00932,0.00941,0.00951,0.00202,0.00204,0.00206,0.00208,5.73E-04,5.78E-04,5.84E-04,5.90E-04,1.57E-04,1.58E-04,1.60E-04,1.61E-04,3.67E-05,3.71E-05,3.74E-05,3.78E-05,3.09E-05,3.12E-05,3.15E-05,3.18E-05,2.93E-05,2.96E-05,2.99E-05,3.02E-05,3.07E-05,3.10E-05,3.13E-05,3.16E-05,2.97E-05,3.00E-05,3.03E-05,3.06E-05,2.94E-05,3.17E-05
0.406,0.5211,0.52631,0.53152,0.53673,0.1562,0.15776,0.15932,0.16089,0.0418,0.04222,0.04264,0.04305,0.00987,0.00997,0.01007,0.01017,0.00219,0.00222,0.00224,0.00226,6.36E-04,6.42E-04,6.48E-04,6.55E-04,1.72E-04,1.74E-04,1.75E-04,1.77E-04,4.20E-05,4.24E-05,4.28E-05,4.33E-05,3.51E-05,3.55E-05,3.58E-05,3.62E-05,3.33E-05,3.36E-05,3.40E-05,3.43E-05,3.46E-05,3.50E-05,3.53E-05,3.57E-05,3.38E-05,3.41E-05,3.44E-05,3.48E-05,3.34E-05,3.55E-05
0.408,0.5527,0.55823,0.56375,0.56928,0.1672,0.16887,0.17054,0.17222,0.04519,0.04564,0.04609,0.04654,0.01079,0.01089,0.011,0.01111,0.00237,0.0024,0.00242,0.00244,6.99E-04,7.05E-04,7.12E-04,7.19E-04,1.87E-04,1.89E-04,1.91E-04,1.93E-04,4.73E-05,4.78E-05,4.82E-05,4.87E-05,3.93E-05,3.97E-05,4.01E-05,4.05E-05,3.73E-05,3.77E-05,3.80E-05,3.84E-05,3.86E-05,3.89E-05,3.93E-05,3.97E-05,3.78E-05,3.82E-05,3.86E-05,3.89E-05,3.74E-05,3.93E-05
0.41,0.5843,0.59014,0.59599,0.60183,0.1782,0.17998,0.18176,0.18355,0.04857,0.04906,0.04954,0.05003,0.0117,0.01182,0.01194,0.01205,0.00255,0.00258,0.0026,0.00263,7.62E-04,7.69E-04,7.77E-04,7.84E-04,2.07E-04,2.09E-04,2.11E-04,2.14E-04,5.26E-05,5.31E-05,5.37E-05,5.42E-05,4.35E-05,4.39E-05,4.44E-05,4.48E-05,4.13E-05,4.17E-05,4.21E-05,4.25E-05,4.25E-05,4.29E-05,4.33E-05,4.38E-05,4.18E-05,4.23E-05,4.27E-05,4.31E-05,4.14E-05,4.31E-05
0.412,0.6159,0.62206,0.62822,0.63438,0.1892,0.19109,0.19298,0.19488,0.05196,0.05248,0.053,0.05352,0.01262,0.01274,0.01287,0.013,0.00281,0.00284,0.00287,0.0029,8.25E-04,8.33E-04,8.41E-04,8.49E-04,2.32E-04,2.34E-04,2.37E-04,2.39E-04,5.79E-05,5.85E-05,5.91E-05,5.96E-05,4.77E-05,4.82E-05,4.87E-05,4.91E-05,4.53E-05,4.58E-05,4.62E-05,4.67E-05,4.64E-05,4.69E-05,4.73E-05,4.78E-05,4.59E-05,4.63E-05,4.68E-05,4.73E-05,4.54E-05,4.82E-05
0.414,0.6475,0.65398,0.66045,0.66693,0.2002,0.2022,0.2042,0.20621,0.05534,0.0559,0.05645,0.057,0.01353,0.01367,0.0138,0.01394,0.00308,0.00311,0.00314,0.00317,9.04E-04,9.13E-04,9.22E-04,9.32E-04,2.57E-04,2.59E-04,2.62E-04,2.64E-04,6.32E-05,6.38E-05,6.45E-05,6.51E-05,5.34E-05,5.39E-05,5.44E-05,5.50E-05,5.07E-05,5.12E-05,5.17E-05,5.22E-05,5.30E-05,5.35E-05,5.41E-05,5.46E-05,5.13E-05,5.18E-05,5.23E-05,5.28E-05,5.08E-05,5.46E-05
0.416,0.6791,0.68589,0.69268,0.69947,0.2112,0.21331,0.21542,0.21754,0.05873,0.05932,0.0599,0.06049,0.01445,0.01459,0.01474,0.01488,0.00334,0.00338,0.00341,0.00344,0.001,0.00101,0.00102,0.00103,2.81E-04,2.84E-04,2.87E-04,2.90E-04,7.22E-05,7.29E-05,7.36E-05,7.43E-05,6.05E-05,6.11E-05,6.17E-05,6.23E-05,5.74E-05,5.80E-05,5.85E-05,5.91E-05,5.96E-05,6.02E-05,6.08E-05,6.14E-05,5.81E-05,5.87E-05,5.92E-05,5.98E-05,5.75E-05,6.10E-05
0.418,0.71852,0.72571,0.73289,0.74008,0.22548,0.22773,0.22999,0.23224,0.06332,0.06395,0.06458,0.06522,0.01574,0.0159,0.01606,0.01622,0.00361,0.00364,0.00368,0.00371,0.0011,0.00111,0.00112,0.00113,3.06E-04,3.09E-04,3.12E-04,3.15E-04,8.11E-05,8.19E-05,8.27E-05,8.36E-05,6.76E-05,6.82E-05,6.89E-05,6.96E-05,6.41E-05,6.47E-05,6.54E-05,6.60E-05,6.62E-05,6.69E-05,6.75E-05,6.82E-05,6.49E-05,6.55E-05,6.61E-05,6.68E-05,6.42E-05,6.74E-05
0.42,0.75794,0.76552,0.7731,0.78068,0.23976,0.24216,0.24456,0.24695,0.06791,0.06859,0.06926,0.06994,0.01704,0.01721,0.01738,0.01755,0.00387,0.00391,0.00395,0.00399,0.00119,0.00121,0.00122,0.00123,3.38E-04,3.41E-04,3.44E-04,3.48E-04,9.01E-05,9.10E-05,9.19E-05,9.28E-05,7.47E-05,7.54E-05,7.61E-05,7.69E-05,7.08E-05,7.15E-05,7.22E-05,7.29E-05,7.28E-05,7.35E-05,7.43E-05,7.50E-05,7.16E-05,7.23E-05,7.31E-05,7.38E-05,7.09E-05,7.38E-05
0.422,0.79736,0.80533,0.81331,0.82128,0.25404,0.25658,0.25912,0.26166,0.07249,0.07322,0.07394,0.07467,0.01833,0.01852,0.0187,0.01888,0.00426,0.0043,0.00435,0.00439,0.00129,0.0013,0.00132,0.00133,3.77E-04,3.81E-04,3.85E-04,3.88E-04,9.90E-05,1.00E-04,1.01E-04,1.02E-04,8.18E-05,8.26E-05,8.34E-05,8.42E-05,7.75E-05,7.83E-05,7.91E-05,7.99E-05,7.94E-05,8.02E-05,8.10E-05,8.18E-05,7.84E-05,7.92E-05,8.00E-05,8.08E-05,7.76E-05,8.23E-05
0.424,0.83678,0.84515,0.85352,0.86188,0.26832,0.271,0.27369,0.27637,0.07708,0.07785,0.07862,0.07939,0.01963,0.01982,0.02002,0.02021,0.00465,0.0047,0.00474,0.00479,0.00141,0.00143,0.00144,0.00146,4.17E-04,4.21E-04,4.25E-04,4.29E-04,1.08E-04,1.09E-04,1.10E-04,1.11E-04,9.13E-05,9.22E-05,9.31E-05,9.40E-05,8.65E-05,8.74E-05,8.82E-05,8.91E-05,9.03E-05,9.12E-05,9.21E-05,9.30E-05,8.74E-05,8.83E-05,8.92E-05,9.00E-05,8.65E-05,9.29E-05
0.426,0.8762,0.88496,0.89372,0.90249,0.2826,0.28543,0.28825,0.29108,0.08167,0.08249,0.0833,0.08412,0.02092,0.02113,0.02134,0.02155,0.00504,0.00509,0.00514,0.00519,0.00156,0.00158,0.00159,0.00161,4.56E-04,4.60E-04,4.65E-04,4.70E-04,1.23E-04,1.24E-04,1.25E-04,1.26E-04,1.03E-04,1.04E-04,1.05E-04,1.06E-04,9.77E-05,9.87E-05,9.97E-05,1.01E-04,1.01E-04,1.02E-04,1.03E-04,1.04E-04,9.87E-05,9.96E-05,1.01E-04,1.02E-04,9.77E-05,1.04E-04
0.428,0.92496,0.93421,0.94346,0.95271,0.30094,0.30395,0.30696,0.30997,0.08782,0.08869,0.08957,0.09045,0.02273,0.02296,0.02319,0.02342,0.00543,0.00548,0.00554,0.00559,0.00171,0.00173,0.00174,0.00176,4.95E-04,5.00E-04,5.05E-04,5.10E-04,1.38E-04,1.39E-04,1.40E-04,1.42E-04,1.15E-04,1.16E-04,1.17E-04,1.19E-04,1.09E-04,1.10E-04,1.11E-04,1.12E-04,1.12E-04,1.13E-04,1.14E-04,1.16E-04,1.10E-04,1.11E-04,1.12E-04,1.13E-04,1.09E-04,1.14E-04
0.43,0.97372,0.98346,0.99319,1.00293,0.31928,0.32247,0.32567,0.32886,0.09396,0.0949,0.09584,0.09678,0.02455,0.02479,0.02504,0.02528,0.00582,0.00588,0.00594,0.00599,0.00186,0.00188,0.0019,0.00191,5.46E-04,5.51E-04,5.57E-04,5.62E-04,1.52E-04,1.54E-04,1.55E-04,1.57E-04,1.27E-04,1.28E-04,1.30E-04,1.31E-04,1.20E-04,1.21E-04,1.23E-04,1.24E-04,1.23E-04,1.24E-04,1.26E-04,1.27E-04,1.21E-04,1.22E-04,1.24E-04,1.25E-04,1.20E-04,1.25E-04
0.432,1.02248,1.0327,1.04293,1.05315,0.33762,0.341,0.34437,0.34775,0.10011,0.10111,0.10211,0.10311,0.02636,0.02663,0.02689,0.02715,0.00639,0.00645,0.00651,0.00658,0.00201,0.00203,0.00205,0.00207,6.08E-04,6.14E-04,6.20E-04,6.26E-04,1.67E-04,1.69E-04,1.71E-04,1.72E-04,1.39E-04,1.40E-04,1.42E-04,1.43E-04,1.31E-04,1.33E-04,1.34E-04,1.35E-04,1.34E-04,1.35E-04,1.37E-04,1.38E-04,1.32E-04,1.34E-04,1.35E-04,1.36E-04,1.31E-04,1.39E-04
0.434,1.07124,1.08195,1.09266,1.10338,0.35596,0.35952,0.36308,0.36664,0.10625,0.10732,0.10838,0.10944,0.02818,0.02846,0.02874,0.02902,0.00695,0.00702,0.00709,0.00716,0.00219,0.00221,0.00223,0.00226,6.70E-04,6.76E-04,6.83E-04,6.90E-04,1.82E-04,1.84E-04,1.86E-04,1.87E-04,1.55E-04,1.56E-04,1.58E-04,1.59E-04,1.46E-04,1.48E-04,1.49E-04,1.51E-04,1.52E-04,1.54E-04,1.55E-04,1.57E-04,1.47E-04,1.49E-04,1.50E-04,1.52E-04,1.46E-04,1.56E-04
0.436,1.12,1.1312,1.1424,1.1536,0.3743,0.37804,0.38179,0.38553,0.1124,0.11352,0.11465,0.11577,0.02999,0.03029,0.03059,0.03089,0.00752,0.00759,0.00767,0.00774,0.00241,0.00243,0.00246,0.00248,7.31E-04,7.39E-04,7.46E-04,7.53E-04,2.06E-04,2.08E-04,2.11E-04,2.13E-04,1.74E-04,1.76E-04,1.78E-04,1.80E-04,1.65E-04,1.67E-04,1.68E-04,1.70E-04,1.70E-04,1.72E-04,1.74E-04,1.76E-04,1.66E-04,1.68E-04,1.69E-04,1.71E-04,1.64E-04,1.74E-04
0.438,1.1792,1.19099,1.20278,1.21458,0.39764,0.40162,0.40559,0.40957,0.12056,0.12177,0.12297,0.12418,0.0325,0.03283,0.03315,0.03348,0.00808,0.00816,0.00825,0.00833,0.00263,0.00266,0.00268,0.00271,7.93E-04,8.01E-04,8.09E-04,8.17E-04,2.31E-04,2.33E-04,2.35E-04,2.38E-04,1.94E-04,1.96E-04,1.98E-04,2.00E-04,1.84E-04,1.85E-04,1.87E-04,1.89E-04,1.89E-04,1.90E-04,1.92E-04,1.94E-04,1.85E-04,1.86E-04,1.88E-04,1.90E-04,1.83E-04,1.92E-04
0.44,1.2384,1.25078,1.26317,1.27555,0.42098,0.42519,0.4294,0.43361,0.12872,0.13001,0.13129,0.13258,0.03501,0.03536,0.03571,0.03606,0.00865,0.00874,0.00882,0.00891,0.00285,0.00288,0.00291,0.00294,8.73E-04,8.81E-04,8.90E-04,8.99E-04,2.55E-04,2.58E-04,2.60E-04,2.63E-04,2.14E-04,2.16E-04,2.18E-04,2.20E-04,2.02E-04,2.04E-04,2.06E-04,2.08E-04,2.07E-04,2.09E-04,2.11E-04,2.13E-04,2.03E-04,2.05E-04,2.07E-04,2.09E-04,2.01E-04,2.09E-04
0.442,1.2976,1.31058,1.32355,1.33653,0.44432,0.44876,0.45321,0.45765,0.13688,0.13825,0.13962,0.14099,0.03752,0.0379,0.03827,0.03865,0.00947,0.00956,0.00966,0.00975,0.00307,0.0031,0.00313,0.00316,9.70E-04,9.79E-04,9.89E-04,9.99E-04,2.80E-04,2.82E-04,2.85E-04,2.88E-04,2.33E-04,2.36E-04,2.38E-04,2.40E-04,2.21E-04,2.23E-04,2.25E-04,2.27E-04,2.25E-04,2.27E-04,2.30E-04,2.32E-04,2.22E-04,2.24E-04,2.26E-04,2.28E-04,2.19E-04,2.32E-04
0.444,1.3568,1.37037,1.38394,1.3975,0.46766,0.47234,0.47701,0.48169,0.14504,0.14649,0.14794,0.14939,0.04003,0.04043,0.04083,0.04123,0.01029,0.01039,0.01049,0.01059,0.00335,0.00338,0.00341,0.00345,0.00107,0.00108,0.00109,0.0011,3.04E-04,3.07E-04,3.10E-04,3.13E-04,2.59E-04,2.62E-04,2.64E-04,2.67E-04,2.45E-04,2.48E-04,2.50E-04,2.52E-04,2.55E-04,2.57E-04,2.60E-04,2.62E-04,2.46E-04,2.49E-04,2.51E-04,2.54E-04,2.44E-04,2.61E-04
0.446,1.416,1.43016,1.44432,1.45848,0.491,0.49591,0.50082,0.50573,0.1532,0.15473,0.15626,0.1578,0.04254,0.04297,0.04339,0.04382,0.0111,0.01122,0.01133,0.01144,0.00368,0.00371,0.00375,0.00379,0.00116,0.00118,0.00119,0.0012,3.44E-04,3.47E-04,3.50E-04,3.54E-04,2.91E-04,2.94E-04,2.97E-04,3.00E-04,2.75E-04,2.78E-04,2.81E-04,2.84E-04,2.84E-04,2.87E-04,2.90E-04,2.93E-04,2.77E-04,2.79E-04,2.82E-04,2.85E-04,2.74E-04,2.90E-04
0.448,1.4876,1.50248,1.51735,1.53223,0.52036,0.52556,0.53077,0.53597,0.16388,0.16552,0.16716,0.1688,0.04598,0.04644,0.0469,0.04736,0.01192,0.01204,0.01216,0.01228,0.00401,0.00405,0.00409,0.00413,0.00126,0.00127,0.00129,0.0013,3.83E-04,3.87E-04,3.91E-04,3.95E-04,3.23E-04,3.26E-04,3.29E-04,3.33E-04,3.06E-04,3.09E-04,3.12E-04,3.15E-04,3.14E-04,3.17E-04,3.20E-04,3.23E-04,3.07E-04,3.10E-04,3.13E-04,3.16E-04,3.04E-04,3.19E-04
0.45,1.5592,1.57479,1.59038,1.60598,0.54972,0.55522,0.56071,0.56621,0.17456,0.17631,0.17805,0.1798,0.04941,0.04991,0.0504,0.05089,0.01274,0.01287,0.01299,0.01312,0.00434,0.00438,0.00442,0.00447,0.00138,0.0014,0.00141,0.00143,4.23E-04,4.27E-04,4.31E-04,4.35E-04,3.55E-04,3.59E-04,3.62E-04,3.66E-04,3.36E-04,3.39E-04,3.42E-04,3.46E-04,3.43E-04,3.47E-04,3.50E-04,3.54E-04,3.37E-04,3.41E-04,3.44E-04,3.48E-04,3.34E-04,3.48E-04
0.452,1.6308,1.64711,1.66342,1.67972,0.57908,0.58487,0.59066,0.59645,0.18524,0.18709,0.18894,0.1908,0.05285,0.05338,0.0539,0.05443,0.0139,0.01404,0.01418,0.01432,0.00467,0.00471,0.00476,0.0048,0.00153,0.00155,0.00156,0.00158,4.62E-04,4.67E-04,4.72E-04,4.76E-04,3.87E-04,3.91E-04,3.95E-04,3.99E-04,3.66E-04,3.70E-04,3.73E-04,3.77E-04,3.73E-04,3.77E-04,3.80E-04,3.84E-04,3.68E-04,3.71E-04,3.75E-04,3.79E-04,3.64E-04,3.85E-04
0.454,1.7024,1.71942,1.73645,1.75347,0.60844,0.61452,0.62061,0.62669,0.19592,0.19788,0.19984,0.2018,0.05628,0.05685,0.05741,0.05797,0.01507,0.01522,0.01537,0.01552,0.00507,0.00512,0.00517,0.00523,0.00168,0.0017,0.00171,0.00173,5.02E-04,5.07E-04,5.12E-04,5.17E-04,4.29E-04,4.33E-04,4.37E-04,4.42E-04,4.06E-04,4.10E-04,4.14E-04,4.18E-04,4.21E-04,4.25E-04,4.29E-04,4.33E-04,4.07E-04,4.11E-04,4.16E-04,4.20E-04,4.03E-04,4.32E-04
0.456,1.774,1.79174,1.80948,1.82722,0.6378,0.64418,0.65056,0.65693,0.2066,0.20867,0.21073,0.2128,0.05972,0.06032,0.06091,0.06151,0.01623,0.01639,0.01656,0.01672,0.00556,0.00561,0.00567,0.00573,0.00183,0.00185,0.00186,0.00188,5.66E-04,5.71E-04,5.77E-04,5.83E-04,4.81E-04,4.86E-04,4.90E-04,4.95E-04,4.55E-04,4.59E-04,4.64E-04,4.68E-04,4.69E-04,4.73E-04,4.78E-04,4.83E-04,4.56E-04,4.61E-04,4.65E-04,4.70E-04,4.52E-04,4.78E-04
0.458,1.8594,1.87799,1.89659,1.91518,0.6743,0.68104,0.68779,0.69453,0.22046,0.22266,0.22487,0.22707,0.06438,0.06502,0.06566,0.06631,0.0174,0.01757,0.01774,0.01792,0.00605,0.00611,0.00617,0.00623,0.00198,0.002,0.00202,0.00204,6.29E-04,6.35E-04,6.42E-04,6.48E-04,5.33E-04,5.38E-04,5.43E-04,5.48E-04,5.04E-04,5.09E-04,5.14E-04,5.19E-04,5.16E-04,5.22E-04,5.27E-04,5.32E-04,5.05E-04,5.10E-04,5.15E-04,5.20E-04,5.00E-04,5.24E-04
0.46,1.9448,1.96425,1.9837,2.00314,0.7108,0.71791,0.72502,0.73212,0.23432,0.23666,0.23901,0.24135,0.06903,0.06972,0.07041,0.0711,0.01856,0.01875,0.01893,0.01912,0.00653,0.0066,0.00666,0.00673,0.00216,0.00218,0.00221,0.00223,6.93E-04,7.00E-04,7.07E-04,7.14E-04,5.84E-04,5.90E-04,5.96E-04,6.02E-04,5.53E-04,5.58E-04,5.64E-04,5.69E-04,5.64E-04,5.70E-04,5.75E-04,5.81E-04,5.54E-04,5.59E-04,5.65E-04,5.70E-04,5.48E-04,5.71E-04
0.462,2.0302,2.0505,2.0708,2.09111,0.7473,0.75477,0.76225,0.76972,0.24818,0.25066,0.25314,0.25563,0.07369,0.07442,0.07516,0.0759,0.0202,0.0204,0.0206,0.02081,0.00702,0.00709,0.00716,0.00723,0.00239,0.00241,0.00244,0.00246,7.56E-04,7.64E-04,7.72E-04,7.79E-04,6.36E-04,6.42E-04,6.49E-04,6.55E-04,6.02E-04,6.08E-04,6.14E-04,6.20E-04,6.12E-04,6.18E-04,6.24E-04,6.30E-04,6.03E-04,6.09E-04,6.15E-04,6.21E-04,5.97E-04,6.31E-04
0.464,2.1156,2.13676,2.15791,2.17907,0.7838,0.79164,0.79948,0.80731,0.26204,0.26466,0.26728,0.2699,0.07834,0.07913,0.07991,0.08069,0.02184,0.02206,0.02228,0.0225,0.00762,0.00769,0.00777,0.00784,0.00262,0.00264,0.00267,0.00269,8.20E-04,8.28E-04,8.36E-04,8.45E-04,7.04E-04,7.11E-04,7.18E-04,7.25E-04,6.65E-04,6.72E-04,6.79E-04,6.85E-04,6.88E-04,6.95E-04,7.02E-04,7.09E-04,6.66E-04,6.73E-04,6.80E-04,6.86E-04,6.60E-04,7.05E-04
0.466,2.201,2.22301,2.24502,2.26703,0.8203,0.8285,0.83671,0.84491,0.2759,0.27866,0.28142,0.28418,0.083,0.08383,0.08466,0.08549,0.02348,0.02371,0.02395,0.02418,0.00833,0.00841,0.00849,0.00857,0.00284,0.00287,0.0029,0.00293,9.22E-04,9.31E-04,9.40E-04,9.50E-04,7.87E-04,7.95E-04,8.03E-04,8.11E-04,7.44E-04,7.52E-04,7.59E-04,7.67E-04,7.65E-04,7.72E-04,7.80E-04,7.88E-04,7.45E-04,7.52E-04,7.60E-04,7.67E-04,7.37E-04,7.79E-04
0.468,2.3018,2.32482,2.34784,2.37085,0.86524,0.87389,0.88254,0.8912,0.29366,0.2966,0.29953,0.30247,0.08924,0.09013,0.09102,0.09192,0.02512,0.02537,0.02562,0.02587,0.00904,0.00913,0.00922,0.00931,0.00307,0.0031,0.00313,0.00316,0.00102,0.00103,0.00104,0.00105,8.71E-04,8.80E-04,8.88E-04,8.97E-04,8.23E-04,8.31E-04,8.39E-04,8.48E-04,8.41E-04,8.50E-04,8.58E-04,8.66E-04,8.24E-04,8.32E-04,8.40E-04,8.48E-04,8.15E-04,8.53E-04
0.47,2.4026,2.42663,2.45065,2.47468,0.91018,0.91928,0.92838,0.93749,0.31142,0.31453,0.31765,0.32076,0.09548,0.09643,0.09739,0.09834,0.02676,0.02703,0.0273,0.02756,0.00975,0.00984,0.00994,0.01004,0.00335,0.00338,0.00342,0.00345,0.00113,0.00114,0.00115,0.00116,9.55E-04,9.64E-04,9.74E-04,9.83E-04,9.02E-04,9.11E-04,9.20E-04,9.29E-04,9.18E-04,9.27E-04,9.36E-04,9.45E-04,9.02E-04,9.11E-04,9.20E-04,9.29E-04,8.93E-04,9.27E-04
0.472,2.5034,2.52843,2.55347,2.5785,0.95512,0.96467,0.97422,0.98377,0.32918,0.33247,0.33576,0.33906,0.10172,0.10274,0.10375,0.10477,0.02905,0.02934,0.02963,0.02992,0.01046,0.01056,0.01066,0.01077,0.00369,0.00373,0.00377,0.0038,0.00123,0.00124,0.00125,0.00126,0.00104,0.00105,0.00106,0.00107,9.81E-04,9.90E-04,0.001,0.00101,9.94E-04,0.001,0.00101,0.00102,9.81E-04,9.91E-04,0.001,0.00101,9.71E-04,0.00102
0.474,2.6042,2.63024,2.65628,2.68233,1.00006,1.01006,1.02006,1.03006,0.34694,0.35041,0.35388,0.35735,0.10796,0.10904,0.11012,0.1112,0.03133,0.03165,0.03196,0.03227,0.01132,0.01143,0.01155,0.01166,0.00404,0.00408,0.00412,0.00416,0.00133,0.00134,0.00136,0.00137,0.00115,0.00116,0.00117,0.00118,0.00108,0.00109,0.0011,0.00111,0.00112,0.00113,0.00114,0.00115,0.00108,0.00109,0.0011,0.00111,0.00107,0.00114
0.476,2.705,2.73205,2.7591,2.78615,1.045,1.05545,1.0659,1.07635,0.3647,0.36835,0.37199,0.37564,0.1142,0.11534,0.11648,0.11763,0.03362,0.03395,0.03429,0.03463,0.01234,0.01247,0.01259,0.01271,0.00438,0.00442,0.00446,0.00451,0.00149,0.0015,0.00152,0.00153,0.00128,0.00129,0.0013,0.00131,0.00121,0.00122,0.00123,0.00124,0.00124,0.00125,0.00126,0.00127,0.0012,0.00122,0.00123,0.00124,0.00119,0.00126
0.478,2.8222,2.85042,2.87864,2.90687,1.0996,1.1106,1.12159,1.13259,0.38724,0.39111,0.39498,0.39886,0.12246,0.12368,0.12491,0.12613,0.0359,0.03626,0.03662,0.03698,0.01337,0.0135,0.01363,0.01377,0.00472,0.00477,0.00481,0.00486,0.00165,0.00166,0.00168,0.0017,0.00141,0.00142,0.00143,0.00145,0.00133,0.00134,0.00136,0.00137,0.00136,0.00137,0.00138,0.0014,0.00133,0.00134,0.00135,0.00136,0.00131,0.00137
0.48,2.9394,2.96879,2.99819,3.02758,1.1542,1.16574,1.17728,1.18883,0.40978,0.41388,0.41798,0.42207,0.13072,0.13203,0.13333,0.13464,0.03819,0.03857,0.03895,0.03934,0.01439,0.01453,0.01467,0.01482,0.00515,0.0052,0.00525,0.0053,0.0018,0.00182,0.00184,0.00186,0.00154,0.00155,0.00157,0.00158,0.00145,0.00147,0.00148,0.0015,0.00148,0.00149,0.00151,0.00152,0.00145,0.00146,0.00148,0.00149,0.00143,0.00149
0.482,3.0566,3.08717,3.11773,3.1483,1.2088,1.22089,1.23298,1.24506,0.43232,0.43664,0.44097,0.44529,0.13898,0.14037,0.14176,0.14315,0.04134,0.04176,0.04217,0.04258,0.01541,0.01556,0.01572,0.01587,0.00566,0.00571,0.00577,0.00583,0.00196,0.00198,0.002,0.00202,0.00167,0.00168,0.0017,0.00171,0.00158,0.00159,0.00161,0.00163,0.0016,0.00162,0.00163,0.00165,0.00157,0.00158,0.0016,0.00162,0.00155,0.00164
0.484,3.1738,3.20554,3.23728,3.26901,1.2634,1.27603,1.28867,1.3013,0.45486,0.45941,0.46396,0.46851,0.14724,0.14871,0.15018,0.15166,0.0445,0.04494,0.04539,0.04583,0.01665,0.01682,0.01698,0.01715,0.00617,0.00623,0.00629,0.00636,0.00212,0.00214,0.00216,0.00218,0.00183,0.00185,0.00187,0.00189,0.00174,0.00175,0.00177,0.00179,0.00179,0.00181,0.00182,0.00184,0.00173,0.00174,0.00176,0.00178,0.00171,0.00182
0.486,3.291,3.32391,3.35682,3.38973,1.318,1.33118,1.34436,1.35754,0.4774,0.48217,0.48695,0.49172,0.1555,0.15706,0.15861,0.16017,0.04765,0.04813,0.04861,0.04908,0.01811,0.01829,0.01847,0.01865,0.00668,0.00675,0.00682,0.00688,0.00237,0.00239,0.00242,0.00244,0.00204,0.00206,0.00208,0.0021,0.00193,0.00195,0.00197,0.00199,0.00198,0.002,0.00202,0.00204,0.00192,0.00194,0.00196,0.00198,0.0019,0.00201
0.488,3.4262,3.46046,3.49472,3.52899,1.3838,1.39764,1.41148,1.42531,0.50566,0.51072,0.51577,0.52083,0.16632,0.16798,0.16965,0.17131,0.05081,0.05131,0.05182,0.05233,0.01957,0.01977,0.01996,0.02016,0.00719,0.00727,0.00734,0.00741,0.00262,0.00264,0.00267,0.00269,0.00225,0.00227,0.00229,0.00231,0.00212,0.00214,0.00216,0.00218,0.00216,0.00219,0.00221,0.00223,0.00211,0.00213,0.00215,0.00217,0.00209,0.00219
0.49,3.5614,3.59701,3.63263,3.66824,1.4496,1.4641,1.47859,1.49309,0.53392,0.53926,0.5446,0.54994,0.17714,0.17891,0.18068,0.18245,0.05396,0.0545,0.05504,0.05558,0.02103,0.02124,0.02145,0.02166,0.00783,0.00791,0.00798,0.00806,0.00286,0.00289,0.00292,0.00295,0.00245,0.00248,0.0025,0.00252,0.00231,0.00234,0.00236,0.00238,0.00235,0.00238,0.0024,0.00242,0.0023,0.00233,0.00235,0.00237,0.00228,0.00237
0.492,3.6966,3.73357,3.77053,3.8075,1.5154,1.53055,1.54571,1.56086,0.56218,0.5678,0.57342,0.57905,0.18796,0.18984,0.19172,0.1936,0.05827,0.05885,0.05943,0.06001,0.02249,0.02271,0.02294,0.02316,0.00858,0.00867,0.00876,0.00884,0.00311,0.00314,0.00317,0.00321,0.00266,0.00268,0.00271,0.00274,0.0025,0.00253,0.00255,0.00258,0.00254,0.00257,0.00259,0.00262,0.00249,0.00252,0.00254,0.00257,0.00247,0.0026
0.494,3.8318,3.87012,3.90844,3.94675,1.5812,1.59701,1.61282,1.62864,0.59044,0.59634,0.60225,0.60815,0.19878,0.20077,0.20276,0.20474,0.06257,0.0632,0.06382,0.06445,0.02425,0.02449,0.02474,0.02498,0.00934,0.00943,0.00953,0.00962,0.00336,0.00339,0.00343,0.00346,0.00292,0.00295,0.00298,0.00301,0.00275,0.00278,0.0028,0.00283,0.00283,0.00286,0.00289,0.00292,0.00274,0.00277,0.00279,0.00282,0.00271,0.00288
0.496,3.967,4.00667,4.04634,4.08601,1.647,1.66347,1.67994,1.69641,0.6187,0.62489,0.63107,0.63726,0.2096,0.2117,0.21379,0.21589,0.06688,0.06755,0.06822,0.06888,0.02632,0.02658,0.02684,0.02711,0.0101,0.0102,0.0103,0.0104,0.00374,0.00378,0.00382,0.00385,0.00323,0.00327,0.0033,0.00333,0.00305,0.00308,0.00311,0.00314,0.00312,0.00316,0.00319,0.00322,0.00303,0.00306,0.00309,0.00313,0.003,0.00317
0.498,4.1208,4.16201,4.20322,4.24442,1.7252,1.74245,1.7597,1.77696,0.6538,0.66034,0.66688,0.67341,0.22364,0.22588,0.22811,0.23035,0.07118,0.0719,0.07261,0.07332,0.02838,0.02866,0.02895,0.02923,0.01085,0.01096,0.01107,0.01118,0.00412,0.00417,0.00421,0.00425,0.00355,0.00359,0.00362,0.00366,0.00335,0.00338,0.00341,0.00345,0.00342,0.00345,0.00348,0.00352,0.00333,0.00336,0.0034,0.00343,0.0033,0.00345
0.5,4.2746,4.31735,4.36009,4.40284,1.8034,1.82143,1.83947,1.8575,0.6889,0.69579,0.70268,0.70957,0.23768,0.24006,0.24243,0.24481,0.07549,0.07624,0.077,0.07775,0.03044,0.03075,0.03105,0.03136,0.01178,0.0119,0.01202,0.01214,0.00451,0.00455,0.0046,0.00464,0.00387,0.0039,0.00394,0.00398,0.00364,0.00368,0.00372,0.00375,0.00371,0.00375,0.00378,0.00382,0.00363,0.00366,0.0037,0.00373,0.00359,0.00373
0.502,4.4284,4.47268,4.51697,4.56125,1.8816,1.90042,1.91923,1.93805,0.724,0.73124,0.73848,0.74572,0.25172,0.25424,0.25675,0.25927,0.08131,0.08213,0.08294,0.08375,0.03251,0.03283,0.03316,0.03348,0.01289,0.01302,0.01315,0.01328,0.00489,0.00494,0.00499,0.00503,0.00418,0.00422,0.00427,0.00431,0.00394,0.00398,0.00402,0.00406,0.004,0.00404,0.00408,0.00412,0.00392,0.00396,0.004,0.00404,0.00388,0.00409
0.504,4.5822,4.62802,4.67384,4.71967,1.9598,1.9794,1.999,2.01859,0.7591,0.76669,0.77428,0.78187,0.26576,0.26842,0.27108,0.27373,0.08713,0.08801,0.08888,0.08975,0.03498,0.03533,0.03568,0.03603,0.014,0.01413,0.01427,0.01441,0.00527,0.00532,0.00538,0.00543,0.00458,0.00463,0.00467,0.00472,0.00432,0.00436,0.00441,0.00445,0.00445,0.00449,0.00453,0.00458,0.0043,0.00434,0.00438,0.00442,0.00425,0.00452
0.506,4.736,4.78336,4.83072,4.87808,2.038,2.05838,2.07876,2.09914,0.7942,0.80214,0.81008,0.81803,0.2798,0.2826,0.2854,0.28819,0.09296,0.09389,0.09482,0.09574,0.03787,0.03824,0.03862,0.039,0.0151,0.01525,0.0154,0.01555,0.00585,0.00591,0.00597,0.00603,0.00507,0.00512,0.00517,0.00522,0.00478,0.00482,0.00487,0.00492,0.00489,0.00494,0.00499,0.00504,0.00475,0.0048,0.00484,0.00489,0.0047,0.00495
0.508,4.9088,4.95789,5.00698,5.05606,2.1302,2.1515,2.1728,2.19411,0.83736,0.84573,0.85411,0.86248,0.2978,0.30078,0.30376,0.30673,0.09878,0.09977,0.10075,0.10174,0.04075,0.04116,0.04157,0.04197,0.01621,0.01637,0.01653,0.01669,0.00643,0.0065,0.00656,0.00663,0.00556,0.00561,0.00567,0.00572,0.00524,0.00529,0.00534,0.00539,0.00534,0.00539,0.00544,0.0055,0.0052,0.00525,0.0053,0.00536,0.00515,0.00538
0.51,5.0816,5.13242,5.18323,5.23405,2.2224,2.24462,2.26685,2.28907,0.88052,0.88933,0.89813,0.90694,0.3158,0.31896,0.32212,0.32527,0.1046,0.10565,0.10669,0.10774,0.04363,0.04407,0.04451,0.04494,0.01756,0.01774,0.01791,0.01809,0.00702,0.00709,0.00716,0.00723,0.00604,0.0061,0.00616,0.00622,0.00569,0.00575,0.00581,0.00586,0.00578,0.00584,0.0059,0.00596,0.00565,0.00571,0.00577,0.00582,0.0056,0.00581
0.512,5.2544,5.30694,5.35949,5.41203,2.3146,2.33775,2.36089,2.38404,0.92368,0.93292,0.94215,0.95139,0.3338,0.33714,0.34048,0.34381,0.11236,0.11348,0.11461,0.11573,0.04652,0.04698,0.04745,0.04791,0.01917,0.01936,0.01955,0.01974,0.0076,0.00767,0.00775,0.00783,0.00653,0.00659,0.00666,0.00672,0.00615,0.00621,0.00627,0.00634,0.00623,0.00629,0.00635,0.00642,0.0061,0.00617,0.00623,0.00629,0.00604,0.00636
0.514,5.4272,5.48147,5.53574,5.59002,2.4068,2.43087,2.45494,2.479,0.96684,0.97651,0.98618,0.99585,0.3518,0.35532,0.35884,0.36235,0.12012,0.12132,0.12252,0.12372,0.04996,0.05046,0.05096,0.05146,0.02077,0.02098,0.02119,0.02139,0.00818,0.00826,0.00834,0.00843,0.00714,0.00721,0.00728,0.00735,0.00673,0.00679,0.00686,0.00693,0.0069,0.00697,0.00704,0.00711,0.00667,0.00674,0.0068,0.00687,0.0066,0.00701
0.516,5.6,5.656,5.712,5.768,2.499,2.52399,2.54898,2.57397,1.01,1.0201,1.0302,1.0403,0.3698,0.3735,0.3772,0.38089,0.12788,0.12916,0.13044,0.13172,0.05395,0.05449,0.05503,0.05557,0.02237,0.0226,0.02282,0.02305,0.00905,0.00914,0.00924,0.00933,0.00787,0.00795,0.00803,0.00811,0.00742,0.00749,0.00757,0.00764,0.00757,0.00765,0.00773,0.0078,0.00735,0.00743,0.0075,0.00757,0.00728,0.00767
0.518,5.7918,5.84972,5.90764,5.96555,2.6062,2.63226,2.65832,2.68439,1.0622,1.07282,1.08344,1.09407,0.39266,0.39659,0.40051,0.40444,0.13564,0.137,0.13835,0.13971,0.05795,0.05853,0.05911,0.05969,0.02398,0.02422,0.02446,0.0247,0.00993,0.01003,0.01013,0.01023,0.00861,0.00869,0.00878,0.00886,0.00811,0.00819,0.00827,0.00835,0.00825,0.00833,0.00841,0.00849,0.00804,0.00812,0.0082,0.00828,0.00795,0.00832
0.52,5.9836,6.04344,6.10327,6.16311,2.7134,2.74053,2.76767,2.7948,1.1144,1.12554,1.13669,1.14783,0.41552,0.41968,0.42383,0.42799,0.1434,0.14483,0.14627,0.1477,0.06195,0.06257,0.06318,0.0638,0.02593,0.02619,0.02645,0.02671,0.0108,0.01091,0.01102,0.01113,0.00934,0.00943,0.00953,0.00962,0.0088,0.00889,0.00898,0.00907,0.00892,0.00901,0.0091,0.00919,0.00872,0.0088,0.00889,0.00898,0.00863,0.00897
0.522,6.1754,6.23715,6.29891,6.36066,2.8206,2.84881,2.87701,2.90522,1.1666,1.17827,1.18993,1.2016,0.43838,0.44276,0.44715,0.45153,0.15368,0.15522,0.15675,0.15829,0.06594,0.0666,0.06726,0.06792,0.02823,0.02852,0.0288,0.02908,0.01168,0.01179,0.01191,0.01203,0.01007,0.01017,0.01027,0.01038,0.00949,0.00959,0.00968,0.00978,0.00959,0.00969,0.00978,0.00988,0.0094,0.00949,0.00959,0.00968,0.00931,0.00979
0.524,6.3672,6.43087,6.49454,6.55822,2.9278,2.95708,2.98636,3.01563,1.2188,1.23099,1.24318,1.25536,0.46124,0.46585,0.47046,0.47508,0.16396,0.1656,0.16724,0.16888,0.07068,0.07138,0.07209,0.0728,0.03054,0.03084,0.03115,0.03145,0.01255,0.01268,0.0128,0.01293,0.01099,0.0111,0.01121,0.01132,0.01036,0.01046,0.01057,0.01067,0.0106,0.01071,0.01081,0.01092,0.01025,0.01035,0.01046,0.01056,0.01015,0.01076
0.526,6.559,6.62459,6.69018,6.75577,3.035,3.06535,3.0957,3.12605,1.271,1.28371,1.29642,1.30913,0.4841,0.48894,0.49378,0.49862,0.17424,0.17598,0.17772,0.17947,0.07615,0.07691,0.07767,0.07844,0.03284,0.03317,0.03349,0.03382,0.01385,0.01399,0.01413,0.01427,0.01209,0.01221,0.01233,0.01245,0.01139,0.01151,0.01162,0.01174,0.01161,0.01173,0.01184,0.01196,0.01127,0.01138,0.0115,0.01161,0.01116,0.01174
0.528,6.7692,6.83689,6.90458,6.97228,3.1584,3.18998,3.22157,3.25315,1.3338,1.34714,1.36048,1.37381,0.51276,0.51789,0.52302,0.52814,0.18452,0.18637,0.18821,0.19006,0.08163,0.08244,0.08326,0.08407,0.03514,0.03549,0.03584,0.03619,0.01516,0.01531,0.01546,0.01561,0.01319,0.01332,0.01345,0.01358,0.01243,0.01255,0.01268,0.0128,0.01262,0.01275,0.01287,0.013,0.01229,0.01241,0.01254,0.01266,0.01217,0.01272
0.53,6.9794,7.04919,7.11899,7.18878,3.2818,3.31462,3.34744,3.38025,1.3966,1.41057,1.42453,1.4385,0.54142,0.54683,0.55225,0.55766,0.1948,0.19675,0.1987,0.20064,0.0871,0.08797,0.08884,0.08971,0.03792,0.0383,0.03868,0.03906,0.01646,0.01663,0.01679,0.01696,0.01428,0.01443,0.01457,0.01471,0.01347,0.0136,0.01374,0.01387,0.01363,0.01377,0.0139,0.01404,0.01331,0.01344,0.01358,0.01371,0.01318,0.01369
0.532,7.1896,7.2615,7.33339,7.40529,3.4052,3.43925,3.4733,3.50736,1.4594,1.47399,1.48859,1.50318,0.57008,0.57578,0.58148,0.58718,0.20824,0.21032,0.2124,0.21449,0.09257,0.0935,0.09442,0.09535,0.04119,0.0416,0.04201,0.04242,0.01777,0.01794,0.01812,0.0183,0.01538,0.01553,0.01569,0.01584,0.0145,0.01465,0.01479,0.01494,0.01464,0.01479,0.01493,0.01508,0.01433,0.01447,0.01462,0.01476,0.01419,0.0149
0.534,7.3998,7.4738,7.5478,7.62179,3.5286,3.56389,3.59917,3.63446,1.5222,1.53742,1.55264,1.56787,0.59874,0.60473,0.61071,0.6167,0.22168,0.2239,0.22611,0.22833,0.09903,0.10002,0.10101,0.102,0.04446,0.0449,0.04534,0.04579,0.01907,0.01926,0.01945,0.01964,0.01674,0.01691,0.01708,0.01725,0.01579,0.01594,0.0161,0.01626,0.01613,0.01629,0.01645,0.01662,0.01559,0.01575,0.01591,0.01606,0.01544,0.01635
0.536,7.61,7.6861,7.7622,7.8383,3.652,3.68852,3.72504,3.76156,1.585,1.60085,1.6167,1.63255,0.6274,0.63367,0.63995,0.64622,0.23512,0.23747,0.23982,0.24217,0.10647,0.10753,0.1086,0.10966,0.04772,0.0482,0.04868,0.04915,0.02099,0.0212,0.02141,0.02162,0.01837,0.01856,0.01874,0.01892,0.01732,0.01749,0.01767,0.01784,0.01762,0.0178,0.01798,0.01815,0.0171,0.01727,0.01744,0.01762,0.01693,0.0178
0.538,7.8374,7.91577,7.99415,8.07252,3.7924,3.83032,3.86825,3.90617,1.6598,1.6764,1.693,1.70959,0.66302,0.66965,0.67628,0.68291,0.24856,0.25105,0.25353,0.25602,0.11391,0.11504,0.11618,0.11732,0.05099,0.0515,0.05201,0.05252,0.02291,0.02314,0.02336,0.02359,0.02,0.0202,0.0204,0.0206,0.01886,0.01904,0.01923,0.01942,0.01912,0.01931,0.0195,0.01969,0.01861,0.0188,0.01898,0.01917,0.01842,0.01924
0.54,8.0648,8.14545,8.2261,8.30674,3.9328,3.97213,4.01146,4.05078,1.7346,1.75195,1.76929,1.78664,0.69864,0.70563,0.71261,0.7196,0.262,0.26462,0.26724,0.26986,0.12134,0.12256,0.12377,0.12498,0.05492,0.05546,0.05601,0.05656,0.02482,0.02507,0.02532,0.02557,0.02163,0.02184,0.02206,0.02228,0.02039,0.02059,0.0208,0.021,0.02061,0.02081,0.02102,0.02123,0.02012,0.02032,0.02052,0.02072,0.01992,0.02069
0.542,8.2922,8.37512,8.45804,8.54097,4.0732,4.11393,4.15466,4.1954,1.8094,1.82749,1.84559,1.86368,0.73426,0.7416,0.74895,0.75629,0.27942,0.28221,0.28501,0.2878,0.12878,0.13007,0.13136,0.13264,0.05951,0.0601,0.0607,0.06129,0.02674,0.02701,0.02728,0.02754,0.02326,0.02349,0.02372,0.02395,0.02192,0.02214,0.02236,0.02258,0.0221,0.02232,0.02254,0.02276,0.02163,0.02184,0.02206,0.02227,0.02141,0.02247
0.544,8.5196,8.6048,8.68999,8.77519,4.2136,4.25574,4.29787,4.34001,1.8842,1.90304,1.92188,1.94073,0.76988,0.77758,0.78528,0.79298,0.29684,0.29981,0.30278,0.30575,0.13748,0.13885,0.14023,0.1416,0.0641,0.06474,0.06538,0.06602,0.02866,0.02895,0.02923,0.02952,0.02526,0.02552,0.02577,0.02602,0.02381,0.02405,0.02429,0.02453,0.02429,0.02453,0.02477,0.02501,0.02348,0.02372,0.02395,0.02419,0.02325,0.02459
0.546,8.747,8.83447,8.92194,9.00941,4.354,4.39754,4.44108,4.48462,1.959,1.97859,1.99818,2.01777,0.8055,0.81356,0.82161,0.82967,0.31426,0.3174,0.32055,0.32369,0.14744,0.14891,0.15039,0.15186,0.06869,0.06937,0.07006,0.07075,0.03146,0.03177,0.03209,0.0324,0.02765,0.02793,0.0282,0.02848,0.02606,0.02632,0.02658,0.02684,0.02647,0.02674,0.027,0.02727,0.02569,0.02594,0.0262,0.02646,0.02543,0.02671
0.548,8.9898,9.0797,9.1696,9.25949,4.512,4.55712,4.60224,4.64736,2.0468,2.06727,2.08774,2.1082,0.8492,0.85769,0.86618,0.87468,0.33168,0.335,0.33831,0.34163,0.1574,0.15897,0.16055,0.16212,0.07328,0.07401,0.07474,0.07547,0.03426,0.0346,0.03494,0.03528,0.03004,0.03034,0.03064,0.03094,0.02831,0.02859,0.02888,0.02916,0.02866,0.02894,0.02923,0.02952,0.02789,0.02817,0.02845,0.02873,0.02761,0.02882
0.55,9.2326,9.32493,9.41725,9.50958,4.67,4.7167,4.7634,4.8101,2.1346,2.15595,2.17729,2.19864,0.8929,0.90183,0.91076,0.91969,0.3491,0.35259,0.35608,0.35957,0.16736,0.16903,0.17071,0.17238,0.07876,0.07955,0.08034,0.08113,0.03705,0.03742,0.0378,0.03817,0.03242,0.03275,0.03307,0.03339,0.03056,0.03086,0.03117,0.03147,0.03084,0.03115,0.03146,0.03177,0.03009,0.03039,0.0307,0.031,0.02979,0.03094
0.552,9.4754,9.57015,9.66491,9.75966,4.828,4.87628,4.92456,4.97284,2.2224,2.24462,2.26685,2.28907,0.9366,0.94597,0.95533,0.9647,0.37144,0.37515,0.37887,0.38258,0.17732,0.17909,0.18087,0.18264,0.08515,0.086,0.08685,0.0877,0.03985,0.04025,0.04065,0.04105,0.03481,0.03516,0.0355,0.03585,0.03281,0.03313,0.03346,0.03379,0.03303,0.03336,0.03369,0.03402,0.0323,0.03262,0.03294,0.03327,0.03198,0.03353
0.554,9.7182,9.81538,9.91256,10.00975,4.986,5.03586,5.08572,5.13558,2.3102,2.3333,2.3564,2.37951,0.9803,0.9901,0.99991,1.00971,0.39378,0.39772,0.40166,0.40559,0.18894,0.19083,0.19272,0.19461,0.09154,0.09245,0.09337,0.09428,0.04265,0.04308,0.0435,0.04393,0.03773,0.0381,0.03848,0.03886,0.03556,0.03591,0.03627,0.03662,0.0362,0.03656,0.03692,0.03728,0.035,0.03534,0.03569,0.03604,0.03465,0.0366
0.556,9.961,10.06061,10.16022,10.25983,5.144,5.19544,5.24688,5.29832,2.398,2.42198,2.44596,2.46994,1.024,1.03424,1.04448,1.05472,0.41612,0.42028,0.42444,0.4286,0.20222,0.20424,0.20626,0.20829,0.09792,0.0989,0.09988,0.10086,0.04668,0.04715,0.04762,0.04808,0.04118,0.04159,0.042,0.04242,0.03881,0.0392,0.03959,0.03998,0.03936,0.03976,0.04015,0.04054,0.03819,0.03857,0.03895,0.03933,0.0378,0.03967
0.558,10.2168,10.31897,10.42114,10.5233,5.3198,5.373,5.4262,5.47939,2.5002,2.5252,2.5502,2.57521,1.0774,1.08817,1.09895,1.10972,0.43846,0.44284,0.44723,0.45161,0.2155,0.21766,0.21981,0.22197,0.10431,0.10535,0.10639,0.10744,0.05071,0.05122,0.05173,0.05224,0.04464,0.04508,0.04553,0.04597,0.04207,0.04249,0.04291,0.04333,0.04253,0.04295,0.04338,0.0438,0.04138,0.04179,0.0422,0.04262,0.04096,0.04274
0.56,10.4726,10.57733,10.68205,10.78678,5.4956,5.55056,5.60551,5.66047,2.6024,2.62842,2.65445,2.68047,1.1308,1.14211,1.15342,1.16472,0.4608,0.46541,0.47002,0.47462,0.22878,0.23107,0.23336,0.23564,0.1119,0.11302,0.11414,0.11526,0.05475,0.05529,0.05584,0.05639,0.04809,0.04857,0.04905,0.04953,0.04533,0.04578,0.04623,0.04669,0.04569,0.04615,0.04661,0.04706,0.04457,0.04501,0.04546,0.0459,0.04412,0.04581
0.562,10.7284,10.83568,10.94297,11.05025,5.6714,5.72811,5.78483,5.84154,2.7046,2.73165,2.75869,2.78574,1.1842,1.19604,1.20788,1.21973,0.48918,0.49407,0.49896,0.50386,0.24206,0.24448,0.2469,0.24932,0.1207,0.12191,0.12311,0.12432,0.05878,0.05937,0.05995,0.06054,0.05154,0.05206,0.05257,0.05309,0.04858,0.04907,0.04955,0.05004,0.04886,0.04935,0.04984,0.05033,0.04776,0.04823,0.04871,0.04919,0.04728,0.04954
0.564,10.9842,11.09404,11.20388,11.31373,5.8472,5.90567,5.96414,6.02262,2.8068,2.83487,2.86294,2.891,1.2376,1.24998,1.26235,1.27473,0.51756,0.52274,0.52791,0.53309,0.25745,0.26002,0.2626,0.26517,0.1295,0.1308,0.13209,0.13339,0.06281,0.06344,0.06407,0.06469,0.05575,0.0563,0.05686,0.05742,0.05254,0.05307,0.05359,0.05412,0.0534,0.05393,0.05446,0.055,0.05163,0.05215,0.05266,0.05318,0.05112,0.05393
0.566,11.24,11.3524,11.4648,11.5772,6.023,6.08323,6.14346,6.20369,2.909,2.93809,2.96718,2.99627,1.291,1.30391,1.31682,1.32973,0.54594,0.5514,0.55686,0.56232,0.27495,0.2777,0.28045,0.2832,0.1383,0.13968,0.14107,0.14245,0.06856,0.06924,0.06993,0.07061,0.0607,0.0613,0.06191,0.06252,0.05721,0.05778,0.05836,0.05893,0.05793,0.05851,0.05909,0.05967,0.0562,0.05676,0.05732,0.05788,0.05563,0.05833
0.568,11.504,11.61904,11.73408,11.84912,6.2162,6.27836,6.34052,6.40269,3.0266,3.05687,3.08713,3.1174,1.3552,1.36875,1.3823,1.39586,0.57432,0.58006,0.58581,0.59155,0.29245,0.29537,0.2983,0.30122,0.1471,0.14857,0.15004,0.15151,0.0743,0.07505,0.07579,0.07653,0.06565,0.06631,0.06696,0.06762,0.06188,0.0625,0.06312,0.06374,0.06247,0.06309,0.06372,0.06434,0.06076,0.06137,0.06198,0.06258,0.06015,0.06272
0.57,11.768,11.88568,12.00336,12.12104,6.4094,6.47349,6.53759,6.60168,3.1442,3.17564,3.20708,3.23853,1.4194,1.43359,1.44779,1.46198,0.6027,0.60873,0.61475,0.62078,0.30995,0.31305,0.31615,0.31925,0.1575,0.15908,0.16065,0.16223,0.08005,0.08085,0.08165,0.08245,0.0706,0.07131,0.07201,0.07272,0.06655,0.06721,0.06788,0.06854,0.067,0.06767,0.06834,0.06901,0.06532,0.06598,0.06663,0.06728,0.06467,0.06711
0.572,12.032,12.15232,12.27264,12.39296,6.6026,6.66863,6.73465,6.80068,3.2618,3.29442,3.32704,3.35965,1.4836,1.49844,1.51327,1.52811,0.63838,0.64476,0.65115,0.65753,0.32745,0.33072,0.334,0.33727,0.1695,0.1712,0.17289,0.17459,0.08579,0.08665,0.08751,0.08837,0.07555,0.07631,0.07707,0.07782,0.07122,0.07193,0.07264,0.07335,0.07154,0.07226,0.07297,0.07369,0.06989,0.07059,0.07129,0.07198,0.06919,0.07243
0.574,12.296,12.41896,12.54192,12.66488,6.7958,6.86376,6.93172,6.99967,3.3794,3.41319,3.44699,3.48078,1.5478,1.56328,1.57876,1.59423,0.67406,0.6808,0.68754,0.69428,0.3476,0.35108,0.35455,0.35803,0.1815,0.18332,0.18513,0.18695,0.09154,0.09246,0.09337,0.09429,0.08154,0.08235,0.08317,0.08398,0.07686,0.07762,0.07839,0.07916,0.07797,0.07875,0.07953,0.08031,0.0754,0.07616,0.07691,0.07767,0.07465,0.07867
0.576,12.56,12.6856,12.8112,12.9368,6.989,7.05889,7.12878,7.19867,3.497,3.53197,3.56694,3.60191,1.612,1.62812,1.64424,1.66036,0.70974,0.71684,0.72393,0.73103,0.3704,0.3741,0.37781,0.38151,0.1935,0.19544,0.19737,0.19931,0.09965,0.10065,0.10165,0.10264,0.08855,0.08944,0.09032,0.09121,0.08347,0.0843,0.08513,0.08597,0.0844,0.08525,0.08609,0.08694,0.08187,0.08269,0.08351,0.08433,0.08105,0.08491
0.578,12.83,12.9583,13.0866,13.2149,7.199,7.27099,7.34298,7.41497,3.631,3.66731,3.70362,3.73993,1.6884,1.70528,1.72217,1.73905,0.74542,0.75287,0.76033,0.76778,0.3932,0.39713,0.40106,0.405,0.2055,0.20756,0.20961,0.21167,0.10776,0.10884,0.10992,0.111,0.09557,0.09652,0.09748,0.09843,0.09008,0.09098,0.09188,0.09278,0.09084,0.09174,0.09265,0.09356,0.08834,0.08922,0.0901,0.09099,0.08745,0.09114
0.58,13.1,13.231,13.362,13.493,7.409,7.48309,7.55718,7.63127,3.765,3.80265,3.8403,3.87795,1.7648,1.78245,1.8001,1.81774,0.7811,0.78891,0.79672,0.80453,0.416,0.42016,0.42432,0.42848,0.21959,0.22179,0.22398,0.22618,0.11588,0.11703,0.11819,0.11935,0.10258,0.1036,0.10463,0.10566,0.09669,0.09765,0.09862,0.09959,0.09727,0.09824,0.09921,0.10019,0.0948,0.09575,0.0967,0.09765,0.09385,0.09738
0.582,13.37,13.5037,13.6374,13.7711,7.619,7.69519,7.77138,7.84757,3.899,3.93799,3.97698,4.01597,1.8412,1.85961,1.87802,1.89644,0.82548,0.83373,0.84199,0.85024,0.4388,0.44319,0.44758,0.45196,0.23577,0.23813,0.24049,0.24284,0.12399,0.12523,0.12647,0.12771,0.10959,0.11069,0.11178,0.11288,0.1033,0.10433,0.10536,0.10639,0.1037,0.10474,0.10577,0.10681,0.10127,0.10228,0.10329,0.10431,0.10025,0.10486
0.584,13.64,13.7764,13.9128,14.0492,7.829,7.90729,7.98558,8.06387,4.033,4.07333,4.11366,4.15399,1.9176,1.93678,1.95595,1.97513,0.86986,0.87856,0.88726,0.89596,0.46495,0.4696,0.47425,0.4789,0.25195,0.25447,0.25699,0.25951,0.1321,0.13342,0.13474,0.13606,0.11802,0.1192,0.12038,0.12156,0.11124,0.11235,0.11346,0.11458,0.11272,0.11385,0.11497,0.1161,0.10902,0.11011,0.1112,0.11229,0.10793,0.11358
0.586,13.91,14.0491,14.1882,14.3273,8.039,8.11939,8.19978,8.28017,4.167,4.20867,4.25034,4.29201,1.994,2.01394,2.03388,2.05382,0.91424,0.92338,0.93252,0.94167,0.49445,0.49939,0.50434,0.50928,0.26813,0.27081,0.27349,0.27617,0.14338,0.14481,0.14625,0.14768,0.12786,0.12914,0.13042,0.1317,0.12052,0.12173,0.12293,0.12414,0.12174,0.12296,0.12417,0.12539,0.11806,0.11924,0.12042,0.1216,0.11688,0.1223
0.588,14.182,14.32382,14.46564,14.60746,8.2644,8.34704,8.42969,8.51233,4.318,4.36118,4.40436,4.44754,2.0844,2.10524,2.12609,2.14693,0.95862,0.96821,0.97779,0.98738,0.52395,0.52919,0.53443,0.53967,0.28431,0.28715,0.29,0.29284,0.15466,0.15621,0.15775,0.1593,0.1377,0.13908,0.14045,0.14183,0.1298,0.1311,0.1324,0.13369,0.13076,0.13207,0.13338,0.13468,0.1271,0.12837,0.12964,0.13091,0.12583,0.13102
0.59,14.454,14.59854,14.74308,14.88762,8.4898,8.5747,8.6596,8.74449,4.469,4.51369,4.55838,4.60307,2.1748,2.19655,2.2183,2.24004,1.003,1.01303,1.02306,1.03309,0.55345,0.55898,0.56452,0.57005,0.30322,0.30625,0.30928,0.31232,0.16594,0.1676,0.16926,0.17092,0.14754,0.14902,0.15049,0.15197,0.13908,0.14047,0.14186,0.14325,0.13978,0.14118,0.14258,0.14397,0.13614,0.1375,0.13886,0.14022,0.13478,0.13974
0.592,14.726,14.87326,15.02052,15.16778,8.7152,8.80235,8.8895,8.97666,4.62,4.6662,4.7124,4.7586,2.2652,2.28785,2.3105,2.33316,1.0578,1.06838,1.07896,1.08953,0.58295,0.58878,0.59461,0.60044,0.32486,0.32811,0.33136,0.33461,0.17722,0.17899,0.18076,0.18254,0.15738,0.15895,0.16053,0.1621,0.14836,0.14984,0.15133,0.15281,0.1488,0.15029,0.15178,0.15326,0.14518,0.14663,0.14808,0.14954,0.14373,0.15016
0.594,14.998,15.14798,15.29796,15.44794,8.9406,9.03001,9.11941,9.20882,4.771,4.81871,4.86642,4.91413,2.3556,2.37916,2.40271,2.42627,1.1126,1.12373,1.13485,1.14598,0.61658,0.62275,0.62891,0.63508,0.3465,0.34997,0.35343,0.3569,0.1885,0.19039,0.19227,0.19416,0.16912,0.17081,0.1725,0.17419,0.15944,0.16103,0.16263,0.16422,0.1613,0.16291,0.16453,0.16614,0.15597,0.15753,0.15909,0.16065,0.15441,0.16228
0.596,15.27,15.4227,15.5754,15.7281,9.166,9.25766,9.34932,9.44098,4.922,4.97122,5.02044,5.06966,2.446,2.47046,2.49492,2.51938,1.1674,1.17907,1.19075,1.20242,0.65434,0.66088,0.66743,0.67397,0.36814,0.37182,0.3755,0.37918,0.20408,0.20612,0.20816,0.2102,0.18276,0.18459,0.18642,0.18824,0.17232,0.17404,0.17577,0.17749,0.1738,0.17554,0.17728,0.17901,0.16851,0.1702,0.17188,0.17357,0.16682,0.1744
0.598,15.536,15.69136,15.84672,16.00208,9.4048,9.49885,9.5929,9.68694,5.0908,5.14171,5.19262,5.24352,2.5518,2.57732,2.60284,2.62835,1.2222,1.23442,1.24664,1.25887,0.6921,0.69902,0.70594,0.71286,0.38978,0.39368,0.39758,0.40147,0.21966,0.22186,0.22405,0.22625,0.1964,0.19836,0.20033,0.20229,0.1852,0.18705,0.1889,0.19076,0.1863,0.18816,0.19003,0.19189,0.18105,0.18286,0.18467,0.18648,0.17924,0.18652
0.6,15.802,15.96002,16.11804,16.27606,9.6436,9.74004,9.83647,9.93291,5.2596,5.3122,5.36479,5.41739,2.6576,2.68418,2.71075,2.73733,1.277,1.28977,1.30254,1.31531,0.72986,0.73716,0.74446,0.75176,0.41491,0.41906,0.42321,0.42736,0.23524,0.23759,0.23994,0.2423,0.21004,0.21214,0.21424,0.21634,0.19808,0.20006,0.20204,0.20402,0.1988,0.20079,0.20278,0.20476,0.19359,0.19553,0.19746,0.1994,0.19165,0.19864
0.602,16.068,16.22868,16.38936,16.55004,9.8824,9.98122,10.08005,10.17887,5.4284,5.48268,5.53697,5.59125,2.7634,2.79103,2.81867,2.8463,1.344,1.35744,1.37088,1.38432,0.76762,0.7753,0.78297,0.79065,0.44353,0.44797,0.4524,0.45684,0.25082,0.25333,0.25584,0.25834,0.22368,0.22592,0.22815,0.23039,0.21096,0.21307,0.21518,0.21729,0.2113,0.21341,0.21553,0.21764,0.20613,0.20819,0.21025,0.21231,0.20407,0.21302
0.604,16.334,16.49734,16.66068,16.82402,10.1212,10.22241,10.32362,10.42484,5.5972,5.65317,5.70914,5.76512,2.8692,2.89789,2.92658,2.95528,1.411,1.42511,1.43922,1.45333,0.81045,0.81855,0.82666,0.83476,0.47215,0.47687,0.48159,0.48631,0.2664,0.26906,0.27173,0.27439,0.23985,0.24225,0.24465,0.24705,0.22624,0.2285,0.23076,0.23303,0.22846,0.23074,0.23303,0.23531,0.22098,0.22319,0.2254,0.22761,0.21877,0.22966
0.606,16.6,16.766,16.932,17.098,10.36,10.4636,10.5672,10.6708,5.766,5.82366,5.88132,5.93898,2.975,3.00475,3.0345,3.06425,1.478,1.49278,1.50756,1.52234,0.85835,0.86693,0.87552,0.8841,0.50077,0.50578,0.51079,0.51579,0.28766,0.29054,0.29341,0.29629,0.25855,0.26114,0.26372,0.26631,0.24392,0.24636,0.2488,0.25124,0.24562,0.24808,0.25053,0.25299,0.23814,0.24052,0.2429,0.24528,0.23576,0.2463
0.608,16.858,17.02658,17.19516,17.36374,10.61,10.7161,10.8222,10.9283,5.9522,6.01172,6.07124,6.13077,3.0974,3.12837,3.15935,3.19032,1.545,1.56045,1.5759,1.59135,0.90625,0.91531,0.92438,0.93344,0.52939,0.53468,0.53998,0.54527,0.30892,0.31201,0.3151,0.31819,0.27725,0.28002,0.2828,0.28557,0.2616,0.26422,0.26683,0.26945,0.26278,0.26541,0.26804,0.27066,0.2553,0.25785,0.26041,0.26296,0.25275,0.26294
0.61,17.116,17.28716,17.45832,17.62948,10.86,10.9686,11.0772,11.1858,6.1384,6.19978,6.26117,6.32255,3.2198,3.252,3.2842,3.31639,1.612,1.62812,1.64424,1.66036,0.95415,0.96369,0.97323,0.98277,0.56245,0.56807,0.5737,0.57932,0.33018,0.33348,0.33678,0.34009,0.29595,0.29891,0.30187,0.30483,0.27928,0.28207,0.28487,0.28766,0.27994,0.28274,0.28554,0.28834,0.27246,0.27518,0.27791,0.28063,0.26974,0.27958
0.612,17.374,17.54774,17.72148,17.89522,11.11,11.2211,11.3322,11.4433,6.3246,6.38785,6.45109,6.51434,3.3422,3.37562,3.40904,3.44247,1.6932,1.71013,1.72706,1.744,1.00205,1.01207,1.02209,1.03211,0.59995,0.60595,0.61195,0.61795,0.35144,0.35495,0.35847,0.36198,0.31465,0.3178,0.32094,0.32409,0.29696,0.29993,0.3029,0.30587,0.2971,0.30007,0.30304,0.30601,0.28962,0.29252,0.29541,0.29831,0.28672,0.29918
0.614,17.632,17.80832,17.98464,18.16096,11.36,11.4736,11.5872,11.7008,6.5108,6.57591,6.64102,6.70612,3.4646,3.49925,3.53389,3.56854,1.7744,1.79214,1.80989,1.82763,1.0561,1.06666,1.07722,1.08778,0.63745,0.64382,0.6502,0.65657,0.3727,0.37643,0.38015,0.38388,0.33668,0.34005,0.34341,0.34678,0.31778,0.32096,0.32414,0.32731,0.32038,0.32358,0.32679,0.32999,0.30984,0.31294,0.31604,0.31914,0.30674,0.32174
0.616,17.89,18.0689,18.2478,18.4267,11.61,11.7261,11.8422,11.9583,6.697,6.76397,6.83094,6.89791,3.587,3.62287,3.65874,3.69461,1.8556,1.87416,1.89271,1.91127,1.1163,1.12746,1.13863,1.14979,0.67495,0.6817,0.68845,0.6952,0.40136,0.40537,0.40939,0.4134,0.36204,0.36566,0.36928,0.3729,0.34174,0.34516,0.34857,0.35199,0.34366,0.3471,0.35053,0.35397,0.33312,0.33645,0.33978,0.34311,0.32979,0.3443
0.618,18.134,18.31534,18.49668,18.67802,11.87,11.9887,12.1074,12.2261,6.901,6.97001,7.03902,7.10803,3.7278,3.76508,3.80236,3.83963,1.9368,1.95617,1.97554,1.9949,1.1765,1.18827,1.20003,1.2118,0.71245,0.71957,0.7267,0.73382,0.43002,0.43432,0.43862,0.44292,0.3874,0.39127,0.39515,0.39902,0.3657,0.36936,0.37301,0.37667,0.36694,0.37061,0.37428,0.37795,0.3564,0.35996,0.36353,0.36709,0.35284,0.36686
0.62,18.378,18.56178,18.74556,18.92934,12.13,12.2513,12.3726,12.4939,7.105,7.17605,7.2471,7.31815,3.8686,3.90729,3.94597,3.98466,2.018,2.03818,2.05836,2.07854,1.2367,1.24907,1.26143,1.2738,0.75551,0.76307,0.77062,0.77818,0.45868,0.46327,0.46785,0.47244,0.41276,0.41689,0.42102,0.42514,0.38966,0.39356,0.39745,0.40135,0.39022,0.39412,0.39802,0.40193,0.37968,0.38348,0.38727,0.39107,0.37588,0.38942
0.622,18.622,18.80822,18.99444,19.18066,12.39,12.5139,12.6378,12.7617,7.309,7.38209,7.45518,7.52827,4.0094,4.04949,4.08959,4.12968,2.1156,2.13676,2.15791,2.17907,1.2969,1.30987,1.32284,1.33581,0.80413,0.81217,0.82021,0.82825,0.48734,0.49221,0.49709,0.50196,0.43812,0.4425,0.44688,0.45126,0.41362,0.41776,0.42189,0.42603,0.4135,0.41764,0.42177,0.42591,0.40296,0.40699,0.41102,0.41505,0.39893,0.41586
0.624,18.866,19.05466,19.24332,19.43198,12.65,12.7765,12.903,13.0295,7.513,7.58813,7.66326,7.73839,4.1502,4.1917,4.2332,4.27471,2.2132,2.23533,2.25746,2.2796,1.3645,1.37815,1.39179,1.40544,0.85275,0.86128,0.86981,0.87833,0.516,0.52116,0.52632,0.53148,0.46781,0.47249,0.47717,0.48184,0.4417,0.44612,0.45053,0.45495,0.44474,0.44919,0.45363,0.45808,0.43021,0.43451,0.43881,0.44312,0.42591,0.44618
0.626,19.11,19.3011,19.4922,19.6833,12.91,13.0391,13.1682,13.2973,7.717,7.79417,7.87134,7.94851,4.291,4.33391,4.37682,4.41973,2.3108,2.33391,2.35702,2.38012,1.4395,1.4539,1.46829,1.48269,0.90137,0.91038,0.9194,0.92841,0.55426,0.5598,0.56535,0.57089,0.50183,0.50685,0.51187,0.51688,0.4739,0.47864,0.48338,0.48812,0.47598,0.48074,0.4855,0.49026,0.46143,0.46604,0.47066,0.47527,0.45682,0.4765
0.628,19.334,19.52734,19.72068,19.91402,13.174,13.30574,13.43748,13.56922,7.9378,8.01718,8.09656,8.17593,4.4514,4.49591,4.54043,4.58494,2.4084,2.43248,2.45657,2.48065,1.5145,1.52965,1.54479,1.55994,0.94999,0.95949,0.96899,0.97849,0.59252,0.59845,0.60437,0.6103,0.53585,0.54121,0.54657,0.55193,0.5061,0.51116,0.51622,0.52128,0.50722,0.51229,0.51736,0.52244,0.49265,0.49758,0.5025,0.50743,0.48772,0.50682
0.63,19.558,19.75358,19.94916,20.14474,13.438,13.57238,13.70676,13.84114,8.1586,8.24019,8.32177,8.40336,4.6118,4.65792,4.70404,4.75015,2.506,2.53106,2.55612,2.58118,1.5895,1.6054,1.62129,1.63719,1.00547,1.01552,1.02558,1.03563,0.63078,0.63709,0.6434,0.6497,0.56987,0.57557,0.58127,0.58697,0.5383,0.54368,0.54907,0.55445,0.53846,0.54384,0.54923,0.55461,0.52387,0.52911,0.53435,0.53959,0.51863,0.53714
0.632,19.782,19.97982,20.17764,20.37546,13.702,13.83902,13.97604,14.11306,8.3794,8.46319,8.54699,8.63078,4.7722,4.81992,4.86764,4.91537,2.6222,2.64842,2.67464,2.70087,1.6645,1.68115,1.69779,1.71444,1.06781,1.07849,1.08917,1.09984,0.66904,0.67573,0.68242,0.68911,0.60389,0.60993,0.61597,0.62201,0.5705,0.57621,0.58191,0.58762,0.5697,0.5754,0.58109,0.58679,0.55509,0.56064,0.56619,0.57174,0.54954,0.57243
0.634,20.006,20.20606,20.40612,20.60618,13.966,14.10566,14.24532,14.38498,8.6002,8.6862,8.7722,8.85821,4.9326,4.98193,5.03125,5.08058,2.7384,2.76578,2.79317,2.82055,1.7483,1.76578,1.78327,1.80075,1.13015,1.14145,1.15275,1.16405,0.7073,0.71437,0.72145,0.72852,0.64346,0.64989,0.65633,0.66276,0.60797,0.61405,0.62013,0.62621,0.61122,0.61733,0.62344,0.62956,0.59141,0.59732,0.60324,0.60915,0.5855,0.61269
0.636,20.23,20.4323,20.6346,20.8369,14.23,14.3723,14.5146,14.6569,8.821,8.90921,8.99742,9.08563,5.093,5.14393,5.19486,5.24579,2.8546,2.88315,2.91169,2.94024,1.8409,1.85931,1.87772,1.89613,1.19249,1.20441,1.21634,1.22826,0.75776,0.76534,0.77292,0.78049,0.68858,0.69547,0.70235,0.70924,0.65071,0.65722,0.66372,0.67023,0.65274,0.65927,0.66579,0.67232,0.63283,0.63916,0.64549,0.65181,0.6265,0.65295
0.638,20.43,20.6343,20.8386,21.0429,14.496,14.64096,14.78592,14.93088,9.0588,9.14939,9.23998,9.33056,5.2742,5.32694,5.37968,5.43243,2.9708,3.00051,3.03022,3.05992,1.9335,1.95284,1.97217,1.99151,1.25483,1.26738,1.27993,1.29247,0.80822,0.8163,0.82438,0.83247,0.7337,0.74104,0.74837,0.75571,0.69345,0.70038,0.70732,0.71425,0.69426,0.7012,0.70815,0.71509,0.67425,0.68099,0.68774,0.69448,0.66751,0.69321
0.64,20.63,20.8363,21.0426,21.2489,14.762,14.90962,15.05724,15.20486,9.2966,9.38957,9.48253,9.5755,5.4554,5.50995,5.56451,5.61906,3.087,3.11787,3.14874,3.17961,2.0261,2.04636,2.06662,2.08688,1.3257,1.33896,1.35221,1.36547,0.85868,0.86727,0.87585,0.88444,0.77882,0.78661,0.7944,0.80218,0.73619,0.74355,0.75091,0.75828,0.73578,0.74314,0.7505,0.75785,0.71567,0.72283,0.72998,0.73714,0.70851,0.73347
0.642,20.83,21.0383,21.2466,21.4549,15.028,15.17828,15.32856,15.47884,9.5344,9.62974,9.72509,9.82043,5.6366,5.69297,5.74933,5.8057,3.2244,3.25664,3.28889,3.32113,2.1187,2.13989,2.16107,2.18226,1.4051,1.41915,1.4332,1.44725,0.90914,0.91823,0.92732,0.93641,0.82394,0.83218,0.84042,0.84866,0.77893,0.78672,0.79451,0.8023,0.7773,0.78507,0.79285,0.80062,0.75709,0.76466,0.77223,0.7798,0.74952,0.78004
0.644,21.03,21.2403,21.4506,21.6609,15.294,15.44694,15.59988,15.75282,9.7722,9.86992,9.96764,10.06537,5.8178,5.87598,5.93416,5.99233,3.3618,3.39542,3.42904,3.46265,2.2217,2.24392,2.26613,2.28835,1.4845,1.49935,1.51419,1.52904,0.9596,0.9692,0.97879,0.98839,0.87605,0.88481,0.89357,0.90233,0.82837,0.83665,0.84494,0.85322,0.83184,0.84016,0.84848,0.8568,0.80502,0.81307,0.82112,0.82917,0.79697,0.83292
0.646,21.23,21.4423,21.6546,21.8669,15.56,15.7156,15.8712,16.0268,10.01,10.1101,10.2102,10.3103,5.999,6.05899,6.11898,6.17897,3.4992,3.53419,3.56918,3.60418,2.3351,2.35845,2.3818,2.40515,1.5639,1.57954,1.59518,1.61082,1.02548,1.03573,1.04599,1.05624,0.93515,0.9445,0.95385,0.9632,0.88451,0.89336,0.9022,0.91105,0.88638,0.89524,0.90411,0.91297,0.85946,0.86805,0.87665,0.88524,0.85087,0.8858
0.648,21.402,21.61602,21.83004,22.04406,15.824,15.98224,16.14048,16.29872,10.262,10.36462,10.46724,10.56986,6.2022,6.26422,6.32624,6.38827,3.6366,3.67297,3.70933,3.7457,2.4485,2.47299,2.49747,2.52196,1.6433,1.65973,1.67617,1.6926,1.09136,1.10227,1.11319,1.1241,0.99425,1.00419,1.01414,1.02408,0.94065,0.95006,0.95946,0.96887,0.94092,0.95033,0.95974,0.96915,0.9139,0.92304,0.93218,0.94132,0.90476,0.93868
0.65,21.574,21.78974,22.00548,22.22122,16.088,16.24888,16.40976,16.57064,10.514,10.61914,10.72428,10.82942,6.4054,6.46945,6.53351,6.59756,3.774,3.81174,3.84948,3.88722,2.5619,2.58752,2.61314,2.63876,1.733,1.75033,1.76766,1.78499,1.15724,1.16881,1.18038,1.19196,1.05335,1.06388,1.07442,1.08495,0.99679,1.00676,1.01673,1.02669,0.99546,1.00541,1.01537,1.02532,0.96834,0.97802,0.98771,0.99739,0.95866,0.99156
0.652,21.746,21.96346,22.18092,22.39838,16.352,16.51552,16.67904,16.84256,10.766,10.87366,10.98132,11.08898,6.6086,6.67469,6.74077,6.80686,3.935,3.97435,4.0137,4.05305,2.6753,2.70205,2.72881,2.75556,1.833,1.85133,1.86966,1.88799,1.22312,1.23535,1.24758,1.25981,1.11245,1.12357,1.1347,1.14582,1.05293,1.06346,1.07399,1.08452,1.05,1.0605,1.071,1.0815,1.02278,1.03301,1.04324,1.05346,1.01255,1.0524
0.654,21.918,22.13718,22.35636,22.57554,16.616,16.78216,16.94832,17.11448,11.018,11.12818,11.23836,11.34854,6.8118,6.87992,6.94804,7.01615,4.096,4.13696,4.17792,4.21888,2.8008,2.82881,2.85682,2.88482,1.933,1.95233,1.97166,1.99099,1.289,1.30189,1.31478,1.32767,1.1804,1.1922,1.20401,1.21581,1.1174,1.12857,1.13975,1.15092,1.1208,1.13201,1.14322,1.15442,1.0852,1.09605,1.1069,1.11776,1.07435,1.1212
0.656,22.09,22.3109,22.5318,22.7527,16.88,17.0488,17.2176,17.3864,11.27,11.3827,11.4954,11.6081,7.015,7.08515,7.1553,7.22545,4.257,4.29957,4.34214,4.38471,2.9384,2.96778,2.99717,3.02655,2.033,2.05333,2.07366,2.09399,1.374,1.38774,1.40148,1.41522,1.2572,1.26977,1.28234,1.29492,1.1902,1.2021,1.214,1.22591,1.1916,1.20352,1.21543,1.22735,1.1556,1.16716,1.17871,1.19027,1.14404,1.19
0.658,22.23,22.4523,22.6746,22.8969,17.138,17.30938,17.48076,17.65214,11.536,11.65136,11.76672,11.88208,7.241,7.31341,7.38582,7.45823,4.418,4.46218,4.50636,4.55054,3.076,3.10676,3.13752,3.16828,2.133,2.15433,2.17566,2.19699,1.459,1.47359,1.48818,1.50277,1.334,1.34734,1.36068,1.37402,1.263,1.27563,1.28826,1.30089,1.2624,1.27502,1.28765,1.30027,1.226,1.23826,1.25052,1.26278,1.21374,1.2588
0.66,22.37,22.5937,22.8174,23.0411,17.396,17.56996,17.74392,17.91788,11.802,11.92002,12.03804,12.15606,7.467,7.54167,7.61634,7.69101,4.579,4.62479,4.67058,4.71637,3.2136,3.24574,3.27787,3.31001,2.2452,2.26765,2.2901,2.31256,1.544,1.55944,1.57488,1.59032,1.4108,1.42491,1.43902,1.45312,1.3358,1.34916,1.36252,1.37587,1.3332,1.34653,1.35986,1.3732,1.2964,1.30936,1.32233,1.33529,1.28344,1.3276
0.662,22.51,22.7351,22.9602,23.1853,17.654,17.83054,18.00708,18.18362,12.068,12.18868,12.30936,12.43004,7.693,7.76993,7.84686,7.92379,4.7664,4.81406,4.86173,4.90939,3.3512,3.38471,3.41822,3.45174,2.3696,2.3933,2.41699,2.44069,1.629,1.64529,1.66158,1.67787,1.4876,1.50248,1.51735,1.53223,1.4086,1.42269,1.43677,1.45086,1.404,1.41804,1.43208,1.44612,1.3668,1.38047,1.39414,1.4078,1.35313,1.4062
0.664,22.65,22.8765,23.103,23.3295,17.912,18.09112,18.27024,18.44936,12.334,12.45734,12.58068,12.70402,7.919,7.99819,8.07738,8.15657,4.9538,5.00334,5.05288,5.10241,3.5027,3.53773,3.57275,3.60778,2.494,2.51894,2.54388,2.56882,1.714,1.73114,1.74828,1.76542,1.5753,1.59105,1.60681,1.62256,1.4919,1.50682,1.52174,1.53666,1.495,1.50995,1.5249,1.53985,1.4473,1.46177,1.47625,1.49072,1.43283,1.4946
0.666,22.79,23.0179,23.2458,23.4737,18.17,18.3517,18.5334,18.7151,12.6,12.726,12.852,12.978,8.145,8.22645,8.3079,8.38935,5.1412,5.19261,5.24402,5.29544,3.6681,3.70478,3.74146,3.77814,2.6184,2.64458,2.67077,2.69695,1.8224,1.84062,1.85885,1.87707,1.6739,1.69064,1.70738,1.72412,1.5857,1.60156,1.61741,1.63327,1.586,1.60186,1.61772,1.63358,1.5379,1.55328,1.56866,1.58404,1.52252,1.583
0.668,22.898,23.12698,23.35596,23.58494,18.42,18.6042,18.7884,18.9726,12.878,13.00678,13.13556,13.26434,8.3952,8.47915,8.5631,8.64706,5.3286,5.38189,5.43517,5.48846,3.8335,3.87184,3.91017,3.94851,2.7428,2.77023,2.79766,2.82508,1.9308,1.95011,1.96942,1.98872,1.7725,1.79023,1.80795,1.82568,1.6795,1.6963,1.71309,1.72989,1.677,1.69377,1.71054,1.72731,1.6285,1.64479,1.66107,1.67736,1.61222,1.6714
0.67,23.006,23.23606,23.46612,23.69618,18.67,18.8567,19.0434,19.2301,13.156,13.28756,13.41912,13.55068,8.6454,8.73185,8.81831,8.90476,5.516,5.57116,5.62632,5.68148,3.9989,4.03889,4.07888,4.11887,2.8818,2.91062,2.93944,2.96825,2.0392,2.05959,2.07998,2.10038,1.8711,1.88981,1.90852,1.92723,1.7733,1.79103,1.80877,1.8265,1.768,1.78568,1.80336,1.82104,1.7191,1.73629,1.75348,1.77067,1.70191,1.7598
0.672,23.114,23.34514,23.57628,23.80742,18.92,19.1092,19.2984,19.4876,13.434,13.56834,13.70268,13.83702,8.8956,8.98456,9.07351,9.16247,5.7324,5.78972,5.84705,5.90437,4.1643,4.20594,4.24759,4.28923,3.0354,3.06575,3.09611,3.12646,2.1476,2.16908,2.19055,2.21203,1.9697,1.9894,2.00909,2.02879,1.8671,1.88577,1.90444,1.92311,1.859,1.87759,1.89618,1.91477,1.8097,1.8278,1.84589,1.86399,1.7916,1.8602
0.674,23.222,23.45422,23.68644,23.91866,19.17,19.3617,19.5534,19.7451,13.712,13.84912,13.98624,14.12336,9.1458,9.23726,9.32872,9.42017,5.9488,6.00829,6.06778,6.12726,4.3458,4.38926,4.43272,4.47617,3.189,3.22089,3.25278,3.28467,2.256,2.27856,2.30112,2.32368,2.0815,2.10232,2.12313,2.14395,1.9735,1.99324,2.01297,2.03271,1.9746,1.99435,2.01409,2.03384,1.9125,1.93163,1.95075,1.96988,1.89338,1.9726
0.676,23.33,23.5633,23.7966,24.0299,19.42,19.6142,19.8084,20.0026,13.99,14.1299,14.2698,14.4097,9.396,9.48996,9.58392,9.67788,6.1652,6.22685,6.2885,6.35016,4.5434,4.58883,4.63427,4.6797,3.3426,3.37603,3.40945,3.44288,2.3926,2.41653,2.44045,2.46438,2.2065,2.22857,2.25063,2.2727,2.0925,2.11343,2.13435,2.15528,2.0902,2.1111,2.132,2.15291,2.0275,2.04778,2.06805,2.08833,2.00723,2.085
0.678,23.404,23.63804,23.87208,24.10612,19.656,19.85256,20.04912,20.24568,14.28,14.4228,14.5656,14.7084,9.6708,9.76751,9.86422,9.96092,6.3816,6.44542,6.50923,6.57305,4.741,4.78841,4.83582,4.88323,3.4962,3.53116,3.56612,3.60109,2.5292,2.55449,2.57978,2.60508,2.3315,2.35482,2.37813,2.40145,2.2115,2.23362,2.25573,2.27785,2.2058,2.22786,2.24992,2.27197,2.1425,2.16393,2.18535,2.20678,2.12108,2.1974
0.68,23.478,23.71278,23.94756,24.18234,19.892,20.09092,20.28984,20.48876,14.57,14.7157,14.8614,15.0071,9.9456,10.04506,10.14451,10.24397,6.598,6.66398,6.72996,6.79594,4.9386,4.98799,5.03737,5.08676,3.6669,3.70357,3.74024,3.77691,2.6658,2.69246,2.71912,2.74577,2.4565,2.48107,2.50563,2.5302,2.3305,2.35381,2.37711,2.40042,2.3214,2.34461,2.36783,2.39104,2.2575,2.28008,2.30265,2.32523,2.23493,2.3098
0.682,23.552,23.78752,24.02304,24.25856,20.128,20.32928,20.53056,20.73184,14.86,15.0086,15.1572,15.3058,10.2204,10.3226,10.42481,10.52701,6.8464,6.91486,6.98333,7.05179,5.1362,5.18756,5.23892,5.29029,3.8547,3.89325,3.93179,3.97034,2.8024,2.83042,2.85845,2.88647,2.5815,2.60732,2.63313,2.65895,2.4495,2.474,2.49849,2.52299,2.437,2.46137,2.48574,2.51011,2.3725,2.39623,2.41995,2.44368,2.34878,2.4367
0.684,23.626,23.86226,24.09852,24.33478,20.364,20.56764,20.77128,20.97492,15.15,15.3015,15.453,15.6045,10.4952,10.60015,10.7051,10.81006,7.0948,7.16575,7.2367,7.30764,5.3517,5.40522,5.45873,5.51225,4.0425,4.08293,4.12335,4.16378,2.939,2.96839,2.99778,3.02717,2.7224,2.74962,2.77685,2.80407,2.5837,2.60954,2.63537,2.66121,2.5824,2.60822,2.63405,2.65987,2.5023,2.52732,2.55235,2.57737,2.47728,2.5781
0.686,23.7,23.937,24.174,24.411,20.6,20.806,21.012,21.218,15.44,15.5944,15.7488,15.9032,10.77,10.8777,10.9854,11.0931,7.3432,7.41663,7.49006,7.5635,5.5851,5.64095,5.6968,5.75265,4.2303,4.2726,4.31491,4.35721,3.1098,3.1409,3.172,3.20309,2.8792,2.90799,2.93678,2.96558,2.7331,2.76043,2.78776,2.81509,2.7278,2.75508,2.78236,2.80963,2.6469,2.67337,2.69984,2.72631,2.62043,2.7195
0.688,23.742,23.97942,24.21684,24.45426,20.824,21.03224,21.24048,21.44872,15.74,15.8974,16.0548,16.2122,11.072,11.18272,11.29344,11.40416,7.5916,7.66752,7.74343,7.81935,5.8185,5.87669,5.93487,5.99306,4.4181,4.46228,4.50646,4.55064,3.2806,3.31341,3.34621,3.37902,3.036,3.06636,3.09672,3.12708,2.8825,2.91133,2.94015,2.96898,2.8732,2.90193,2.93066,2.9594,2.7915,2.81942,2.84733,2.87525,2.76359,2.8609
0.69,23.784,24.02184,24.25968,24.49752,21.048,21.25848,21.46896,21.67944,16.04,16.2004,16.3608,16.5212,11.374,11.48774,11.60148,11.71522,7.84,7.9184,7.9968,8.0752,6.0519,6.11242,6.17294,6.23346,4.6254,4.67165,4.71791,4.76416,3.4514,3.48591,3.52043,3.55494,3.1928,3.22473,3.25666,3.28858,3.0319,3.06222,3.09254,3.12286,3.0186,3.04879,3.07897,3.10916,2.9361,2.96546,2.99482,3.02418,2.90674,3.0023
0.692,23.826,24.06426,24.30252,24.54078,21.272,21.48472,21.69744,21.91016,16.34,16.5034,16.6668,16.8302,11.676,11.79276,11.90952,12.02628,8.1232,8.20443,8.28566,8.3669,6.2853,6.34815,6.41101,6.47386,4.8522,4.90072,4.94924,4.99777,3.6222,3.65842,3.69464,3.73087,3.3496,3.3831,3.41659,3.45009,3.1813,3.21311,3.24493,3.27674,3.164,3.19564,3.22728,3.25892,3.0807,3.11151,3.14231,3.17312,3.04989,3.1609
0.694,23.868,24.10668,24.34536,24.58404,21.496,21.71096,21.92592,22.14088,16.64,16.8064,16.9728,17.1392,11.978,12.09778,12.21756,12.33734,8.4064,8.49046,8.57453,8.65859,6.539,6.60439,6.66978,6.73517,5.079,5.12979,5.18058,5.23137,3.793,3.83093,3.86886,3.90679,3.5252,3.56045,3.5957,3.63096,3.3489,3.38239,3.41588,3.44937,3.3448,3.37825,3.4117,3.44514,3.2427,3.27513,3.30755,3.33998,3.21027,3.3367
0.696,23.91,24.1491,24.3882,24.6273,21.72,21.9372,22.1544,22.3716,16.94,17.1094,17.2788,17.4482,12.28,12.4028,12.5256,12.6484,8.6896,8.7765,8.86339,8.95029,6.813,6.88113,6.94926,7.01739,5.3058,5.35886,5.41192,5.46497,4.0034,4.04343,4.08347,4.1235,3.7196,3.7568,3.79399,3.83119,3.5347,3.57005,3.60539,3.64074,3.5256,3.56086,3.59611,3.63137,3.4221,3.45632,3.49054,3.52476,3.38788,3.5125
0.698,23.92,24.1592,24.3984,24.6376,21.928,22.14728,22.36656,22.58584,17.248,17.42048,17.59296,17.76544,12.606,12.73206,12.85812,12.98418,8.9728,9.06253,9.15226,9.24198,7.087,7.15787,7.22874,7.29961,5.5326,5.58793,5.64325,5.69858,4.2138,4.25594,4.29808,4.34021,3.914,3.95314,3.99228,4.03142,3.7205,3.75771,3.79491,3.83212,3.7064,3.74346,3.78053,3.81759,3.6015,3.63752,3.67353,3.70955,3.56549,3.6883
0.7,23.93,24.1693,24.4086,24.6479,22.136,22.35736,22.57872,22.80008,17.556,17.73156,17.90712,18.08268,12.932,13.06132,13.19064,13.31996,9.256,9.34856,9.44112,9.53368,7.361,7.43461,7.50822,7.58183,5.7819,5.83972,5.89754,5.95536,4.4242,4.46844,4.51268,4.55693,4.1084,4.14948,4.19057,4.23165,3.9063,3.94536,3.98443,4.02349,3.8872,3.92607,3.96494,4.00382,3.7809,3.81871,3.85652,3.89433,3.74309,3.8641
0.702,23.94,24.1794,24.4188,24.6582,22.344,22.56744,22.79088,23.01432,17.864,18.04264,18.22128,18.39992,13.258,13.39058,13.52316,13.65574,9.5768,9.67257,9.76834,9.8641,7.635,7.71135,7.7877,7.86405,6.0537,6.11424,6.17477,6.23531,4.6346,4.68095,4.72729,4.77364,4.3028,4.34583,4.38886,4.43188,4.0921,4.13302,4.17394,4.21486,4.068,4.10868,4.14936,4.19004,3.9603,3.9999,4.03951,4.07911,3.9207,4.0602
0.704,23.95,24.1895,24.429,24.6685,22.552,22.77752,23.00304,23.22856,18.172,18.35372,18.53544,18.71716,13.584,13.71984,13.85568,13.99152,9.8976,9.99658,10.09555,10.19453,7.9313,8.01061,8.08993,8.16924,6.3255,6.38876,6.45201,6.51527,4.845,4.89345,4.9419,4.99035,4.5192,4.56439,4.60958,4.65478,4.2991,4.34209,4.38508,4.42807,4.2902,4.3331,4.376,4.41891,4.1603,4.2019,4.24351,4.28511,4.1187,4.2766
0.706,23.96,24.1996,24.4392,24.6788,22.76,22.9876,23.2152,23.4428,18.48,18.6648,18.8496,19.0344,13.91,14.0491,14.1882,14.3273,10.2184,10.32058,10.42277,10.52495,8.2499,8.3324,8.4149,8.4974,6.5973,6.66327,6.72925,6.79522,5.1018,5.15282,5.20384,5.25485,4.7576,4.80518,4.85275,4.90033,4.5273,4.57257,4.61785,4.66312,4.5124,4.55752,4.60265,4.64777,4.3809,4.42471,4.46852,4.51233,4.33709,4.493
0.708,23.946,24.18546,24.42492,24.66438,22.952,23.18152,23.41104,23.64056,18.794,18.98194,19.16988,19.35782,14.266,14.40866,14.55132,14.69398,10.5392,10.64459,10.74998,10.85538,8.5685,8.65419,8.73987,8.82556,6.8691,6.93779,7.00648,7.07517,5.3586,5.41219,5.46577,5.51936,4.996,5.04596,5.09592,5.14588,4.7555,4.80306,4.85061,4.89817,4.7346,4.78195,4.82929,4.87664,4.6015,4.64752,4.69353,4.73955,4.55549,4.7094
0.71,23.932,24.17132,24.41064,24.64996,23.144,23.37544,23.60688,23.83832,19.108,19.29908,19.49016,19.68124,14.622,14.76822,14.91444,15.06066,10.86,10.9686,11.0772,11.1858,8.8871,8.97597,9.06484,9.15371,7.166,7.23766,7.30932,7.38098,5.6154,5.67155,5.72771,5.78386,5.2344,5.28674,5.33909,5.39143,4.9837,5.03354,5.08337,5.13321,4.9568,5.00637,5.05594,5.1055,4.8221,4.87032,4.91854,4.96676,4.77388,4.9258
0.712,23.918,24.15718,24.39636,24.63554,23.336,23.56936,23.80272,24.03608,19.422,19.61622,19.81044,20.00466,14.978,15.12778,15.27756,15.42734,11.222,11.33422,11.44644,11.55866,9.2057,9.29776,9.38981,9.48187,7.488,7.56288,7.63776,7.71264,5.8722,5.93092,5.98964,6.04837,5.4728,5.52753,5.58226,5.63698,5.2119,5.26402,5.31614,5.36826,5.179,5.23079,5.28258,5.33437,5.0427,5.09313,5.14355,5.19398,4.99227,5.1656
0.714,23.904,24.14304,24.38208,24.62112,23.528,23.76328,23.99856,24.23384,19.736,19.93336,20.13072,20.32808,15.334,15.48734,15.64068,15.79402,11.584,11.69984,11.81568,11.93152,9.5485,9.64399,9.73947,9.83496,7.81,7.8881,7.9662,8.0443,6.129,6.19029,6.25158,6.31287,5.7366,5.79397,5.85133,5.9087,5.4646,5.51925,5.57389,5.62854,5.4492,5.50369,5.55818,5.61268,5.2871,5.33997,5.39284,5.44571,5.23423,5.4288
0.716,23.89,24.1289,24.3678,24.6067,23.72,23.9572,24.1944,24.4316,20.05,20.2505,20.451,20.6515,15.69,15.8469,16.0038,16.1607,11.946,12.06546,12.18492,12.30438,9.9155,10.01466,10.11381,10.21297,8.132,8.21332,8.29464,8.37596,6.4386,6.50299,6.56737,6.63176,6.0258,6.08606,6.14632,6.20657,5.7418,5.79922,5.85664,5.91405,5.7194,5.77659,5.83379,5.89098,5.5553,5.61085,5.66641,5.72196,5.49975,5.692
0.718,23.854,24.09254,24.33108,24.56962,23.898,24.13698,24.37596,24.61494,20.374,20.57774,20.78148,20.98522,16.074,16.23474,16.39548,16.55622,12.308,12.43108,12.55416,12.67724,10.2825,10.38533,10.48815,10.59098,8.454,8.53854,8.62308,8.70762,6.7482,6.81568,6.88316,6.95065,6.315,6.37815,6.4413,6.50445,6.019,6.07919,6.13938,6.19957,5.9896,6.0495,6.10939,6.16929,5.8235,5.88174,5.93997,5.99821,5.76527,5.9552
0.72,23.818,24.05618,24.29436,24.53254,24.076,24.31676,24.55752,24.79828,20.698,20.90498,21.11196,21.31894,16.458,16.62258,16.78716,16.95174,12.67,12.7967,12.9234,13.0501,10.6495,10.756,10.86249,10.96899,8.8035,8.89154,8.97957,9.06761,7.0578,7.12838,7.19896,7.26953,6.6042,6.67024,6.73628,6.80233,6.2962,6.35916,6.42212,6.48509,6.2598,6.3224,6.385,6.44759,6.0917,6.15262,6.21353,6.27445,6.03078,6.2184
0.722,23.782,24.01982,24.25764,24.49546,24.254,24.49654,24.73908,24.98162,21.022,21.23222,21.44244,21.65266,16.842,17.01042,17.17884,17.34726,13.074,13.20474,13.33548,13.46622,11.0165,11.12667,11.23683,11.347,9.1805,9.27231,9.36411,9.45592,7.3674,7.44107,7.51475,7.58842,6.8934,6.96233,7.03127,7.1002,6.5734,6.63913,6.70487,6.7706,6.53,6.5953,6.6606,6.7259,6.3599,6.4235,6.4871,6.5507,6.2963,6.5084
0.724,23.746,23.98346,24.22092,24.45838,24.432,24.67632,24.92064,25.16496,21.346,21.55946,21.77292,21.98638,17.226,17.39826,17.57052,17.74278,13.478,13.61278,13.74756,13.88234,11.411,11.52511,11.63922,11.75333,9.5575,9.65308,9.74865,9.84423,7.677,7.75377,7.83054,7.90731,7.2113,7.28341,7.35553,7.42764,6.8784,6.94718,7.01597,7.08475,6.8548,6.92335,6.9919,7.06044,6.655,6.72155,6.7881,6.85465,6.58845,6.8252
0.726,23.71,23.9471,24.1842,24.4213,24.61,24.8561,25.1022,25.3483,21.67,21.8867,22.1034,22.3201,17.61,17.7861,17.9622,18.1383,13.882,14.02082,14.15964,14.29846,11.833,11.95133,12.06966,12.18799,9.9345,10.03385,10.13319,10.23254,8.0462,8.12666,8.20712,8.28759,7.5579,7.63348,7.70906,7.78464,7.2112,7.28331,7.35542,7.42754,7.1796,7.2514,7.32319,7.39499,6.977,7.04677,7.11654,7.18631,6.90723,7.142
0.728,23.662,23.89862,24.13524,24.37186,24.774,25.02174,25.26948,25.51722,22,22.22,22.44,22.66,18.022,18.20222,18.38244,18.56266,14.286,14.42886,14.57172,14.71458,12.255,12.37755,12.5001,12.62265,10.3115,10.41462,10.51773,10.62085,8.4154,8.49955,8.58371,8.66786,7.9045,7.98355,8.06259,8.14164,7.544,7.61944,7.69488,7.77032,7.5044,7.57944,7.65449,7.72953,7.299,7.37199,7.44498,7.51797,7.22601,7.4588
0.73,23.614,23.85014,24.08628,24.32242,24.938,25.18738,25.43676,25.68614,22.33,22.5533,22.7766,22.9999,18.434,18.61834,18.80268,18.98702,14.69,14.8369,14.9838,15.1307,12.677,12.80377,12.93054,13.05731,10.72,10.8272,10.9344,11.0416,8.7846,8.87245,8.96029,9.04814,8.2511,8.33361,8.41612,8.49863,7.8768,7.95557,8.03434,8.1131,7.8292,7.90749,7.98578,8.06408,7.621,7.69721,7.77342,7.84963,7.54479,7.7756
0.732,23.566,23.80166,24.03732,24.27298,25.102,25.35302,25.60404,25.85506,22.66,22.8866,23.1132,23.3398,18.846,19.03446,19.22292,19.41138,15.138,15.28938,15.44076,15.59214,13.099,13.22999,13.36098,13.49197,11.16,11.2716,11.3832,11.4948,9.1538,9.24534,9.33688,9.42841,8.5977,8.68368,8.76965,8.85563,8.2096,8.2917,8.37379,8.45589,8.154,8.23554,8.31708,8.39862,7.943,8.02243,8.10186,8.18129,7.86357,8.1224
0.734,23.518,23.75318,23.98836,24.22354,25.266,25.51866,25.77132,26.02398,22.99,23.2199,23.4498,23.6797,19.258,19.45058,19.64316,19.83574,15.586,15.74186,15.89772,16.05358,13.548,13.68348,13.81896,13.95444,11.6,11.716,11.832,11.948,9.523,9.61823,9.71346,9.80869,8.9759,9.06566,9.15542,9.24518,8.5734,8.65913,8.74487,8.8306,8.5392,8.62459,8.70998,8.79538,8.2956,8.37856,8.46151,8.54447,8.21264,8.4992
0.736,23.47,23.7047,23.9394,24.1741,25.43,25.6843,25.9386,26.1929,23.32,23.5532,23.7864,24.0196,19.67,19.8667,20.0634,20.2601,16.034,16.19434,16.35468,16.51502,14.024,14.16424,14.30448,14.44472,12.04,12.1604,12.2808,12.4012,9.9584,10.05798,10.15757,10.25715,9.3857,9.47956,9.57341,9.66727,8.9682,9.05788,9.14756,9.23725,8.9244,9.01364,9.10289,9.19213,8.6788,8.76559,8.85238,8.93916,8.59201,8.876
0.738,23.416,23.65016,23.88432,24.11848,25.586,25.84186,26.09772,26.35358,23.66,23.8966,24.1332,24.3698,20.114,20.31514,20.51628,20.71742,16.482,16.64682,16.81164,16.97646,14.5,14.645,14.79,14.935,12.48,12.6048,12.7296,12.8544,10.3938,10.49774,10.60168,10.70561,9.7955,9.89346,9.99141,10.08937,9.363,9.45663,9.55026,9.64389,9.3096,9.4027,9.49579,9.58889,9.062,9.15262,9.24324,9.33386,8.97138,9.2528
0.74,23.362,23.59562,23.82924,24.06286,25.742,25.99942,26.25684,26.51426,24,24.24,24.48,24.72,20.558,20.76358,20.96916,21.17474,16.93,17.0993,17.2686,17.4379,14.976,15.12576,15.27552,15.42528,12.952,13.08152,13.21104,13.34056,10.8292,10.93749,11.04578,11.15408,10.2053,10.30735,10.40941,10.51146,9.7578,9.85538,9.95296,10.05053,9.6948,9.79175,9.8887,9.98564,9.4452,9.53965,9.6341,9.72856,9.35075,9.6296
0.742,23.308,23.54108,23.77416,24.00724,25.898,26.15698,26.41596,26.67494,24.34,24.5834,24.8268,25.0702,21.002,21.21202,21.42204,21.63206,17.428,17.60228,17.77656,17.95084,15.452,15.60652,15.76104,15.91556,13.456,13.59056,13.72512,13.85968,11.2646,11.37725,11.48989,11.60254,10.6151,10.72125,10.8274,10.93355,10.1526,10.25413,10.35565,10.45718,10.08,10.1808,10.2816,10.3824,9.8284,9.92668,10.02497,10.12325,9.73012,10.0392
0.744,23.254,23.48654,23.71908,23.95162,26.054,26.31454,26.57508,26.83562,24.68,24.9268,25.1736,25.4204,21.446,21.66046,21.87492,22.08938,17.926,18.10526,18.28452,18.46378,15.958,16.11758,16.27716,16.43674,13.96,14.0996,14.2392,14.3788,11.7,11.817,11.934,12.051,11.061,11.17161,11.28222,11.39283,10.582,10.68782,10.79364,10.89946,10.534,10.63934,10.74468,10.85002,10.245,10.34745,10.4499,10.55235,10.14255,10.4816
0.746,23.2,23.432,23.664,23.896,26.21,26.4721,26.7342,26.9963,25.02,25.2702,25.5204,25.7706,21.89,22.1089,22.3278,22.5467,18.424,18.60824,18.79248,18.97672,16.494,16.65894,16.82388,16.98882,14.464,14.60864,14.75328,14.89792,12.206,12.32806,12.45012,12.57218,11.543,11.65843,11.77386,11.88929,11.046,11.15646,11.26692,11.37738,10.988,11.09788,11.20776,11.31764,10.695,10.80195,10.9089,11.01585,10.58805,10.924
0.748,23.154,23.38554,23.61708,23.84862,26.36,26.6236,26.8872,27.1508,25.37,25.6237,25.8774,26.1311,22.366,22.58966,22.81332,23.03698,18.922,19.11122,19.30044,19.48966,17.03,17.2003,17.3706,17.5409,14.968,15.11768,15.26736,15.41704,12.712,12.83912,12.96624,13.09336,12.025,12.14525,12.2655,12.38575,11.51,11.6251,11.7402,11.8553,11.442,11.55642,11.67084,11.78526,11.145,11.25645,11.3679,11.47935,11.03355,11.3664
0.75,23.108,23.33908,23.57016,23.80124,26.51,26.7751,27.0402,27.3053,25.72,25.9772,26.2344,26.4916,22.842,23.07042,23.29884,23.52726,19.42,19.6142,19.8084,20.0026,17.566,17.74166,17.91732,18.09298,15.506,15.66106,15.81612,15.97118,13.218,13.35018,13.48236,13.61454,12.507,12.63207,12.75714,12.88221,11.974,12.09374,12.21348,12.33322,11.896,12.01496,12.13392,12.25288,11.595,11.71095,11.8269,11.94285,11.47905,11.8088
0.752,23.062,23.29262,23.52324,23.75386,26.66,26.9266,27.1932,27.4598,26.07,26.3307,26.5914,26.8521,23.318,23.55118,23.78436,24.01754,19.966,20.16566,20.36532,20.56498,18.102,18.28302,18.46404,18.64506,16.078,16.23878,16.39956,16.56034,13.724,13.86124,13.99848,14.13572,12.989,13.11889,13.24878,13.37867,12.438,12.56238,12.68676,12.81114,12.35,12.4735,12.597,12.7205,12.045,12.16545,12.2859,12.40635,11.92455,12.288
0.754,23.016,23.24616,23.47632,23.70648,26.81,27.0781,27.3462,27.6143,26.42,26.6842,26.9484,27.2126,23.794,24.03194,24.26988,24.50782,20.512,20.71712,20.92224,21.12736,18.67,18.8567,19.0434,19.2301,16.65,16.8165,16.983,17.1495,14.23,14.3723,14.5146,14.6569,13.508,13.64308,13.77816,13.91324,12.94,13.0694,13.1988,13.3282,12.878,13.00678,13.13556,13.26434,12.531,12.65631,12.78162,12.90693,12.40569,12.804
0.756,22.97,23.1997,23.4294,23.6591,26.96,27.2296,27.4992,27.7688,26.77,27.0377,27.3054,27.5731,24.27,24.5127,24.7554,24.9981,21.058,21.26858,21.47916,21.68974,19.27,19.4627,19.6554,19.8481,17.222,17.39422,17.56644,17.73866,14.814,14.96214,15.11028,15.25842,14.064,14.20464,14.34528,14.48592,13.48,13.6148,13.7496,13.8844,13.406,13.54006,13.67412,13.80818,13.053,13.18353,13.31406,13.44459,12.92247,13.32
0.758,22.938,23.16738,23.39676,23.62614,27.114,27.38514,27.65628,27.92742,27.132,27.40332,27.67464,27.94596,24.78,25.0278,25.2756,25.5234,21.604,21.82004,22.03608,22.25212,19.87,20.0687,20.2674,20.4661,17.794,17.97194,18.14988,18.32782,15.398,15.55198,15.70596,15.85994,14.62,14.7662,14.9124,15.0586,14.02,14.1602,14.3004,14.4406,13.934,14.07334,14.21268,14.35202,13.575,13.71075,13.8465,13.98225,13.43925,13.836
0.76,22.906,23.13506,23.36412,23.59318,27.268,27.54068,27.81336,28.08604,27.494,27.76894,28.04388,28.31882,25.29,25.5429,25.7958,26.0487,22.15,22.3715,22.593,22.8145,20.47,20.6747,20.8794,21.0841,18.403,18.58703,18.77106,18.95509,15.982,16.14182,16.30164,16.46146,15.176,15.32776,15.47952,15.63128,14.56,14.7056,14.8512,14.9968,14.462,14.60662,14.75124,14.89586,14.097,14.23797,14.37894,14.51991,13.95603,14.352
0.762,22.874,23.10274,23.33148,23.56022,27.422,27.69622,27.97044,28.24466,27.856,28.13456,28.41312,28.69168,25.8,26.058,26.316,26.574,22.746,22.97346,23.20092,23.42838,21.07,21.2807,21.4914,21.7021,19.049,19.23949,19.42998,19.62047,16.566,16.73166,16.89732,17.06298,15.732,15.88932,16.04664,16.20396,15.1,15.251,15.402,15.553,14.99,15.1399,15.2898,15.4397,14.619,14.76519,14.91138,15.05757,14.47281,14.907
0.764,22.842,23.07042,23.29884,23.52726,27.576,27.85176,28.12752,28.40328,28.218,28.50018,28.78236,29.06454,26.31,26.5731,26.8362,27.0993,23.342,23.57542,23.80884,24.04226,21.7,21.917,22.134,22.351,19.695,19.89195,20.0889,20.28585,17.15,17.3215,17.493,17.6645,16.328,16.49128,16.65456,16.81784,15.678,15.83478,15.99156,16.14834,15.594,15.74994,15.90588,16.06182,15.18,15.3318,15.4836,15.6354,15.0282,15.501
0.766,22.81,23.0381,23.2662,23.4943,27.73,28.0073,28.2846,28.5619,28.58,28.8658,29.1516,29.4374,26.82,27.0882,27.3564,27.6246,23.938,24.17738,24.41676,24.65614,22.36,22.5836,22.8072,23.0308,20.341,20.54441,20.74782,20.95123,17.812,17.99012,18.16824,18.34636,16.964,17.13364,17.30328,17.47292,16.294,16.45694,16.61988,16.78282,16.198,16.35998,16.52196,16.68394,15.78,15.9378,16.0956,16.2534,15.6222,16.095
0.768,22.804,23.03204,23.26008,23.48812,27.896,28.17496,28.45392,28.73288,28.96,29.2496,29.5392,29.8288,27.364,27.63764,27.91128,28.18492,24.534,24.77934,25.02468,25.27002,23.02,23.2502,23.4804,23.7106,20.987,21.19687,21.40674,21.61661,18.474,18.65874,18.84348,19.02822,17.6,17.776,17.952,18.128,16.91,17.0791,17.2482,17.4173,16.802,16.97002,17.13804,17.30606,16.38,16.5438,16.7076,16.8714,16.2162,16.689
0.77,22.798,23.02598,23.25396,23.48194,28.062,28.34262,28.62324,28.90386,29.34,29.6334,29.9268,30.2202,27.908,28.18708,28.46616,28.74524,25.13,25.3813,25.6326,25.8839,23.68,23.9168,24.1536,24.3904,21.669,21.88569,22.10238,22.31907,19.136,19.32736,19.51872,19.71008,18.236,18.41836,18.60072,18.78308,17.526,17.70126,17.87652,18.05178,17.406,17.58006,17.75412,17.92818,16.98,17.1498,17.3196,17.4894,16.8102,17.283
0.772,22.792,23.01992,23.24784,23.47576,28.228,28.51028,28.79256,29.07484,29.72,30.0172,30.3144,30.6116,28.452,28.73652,29.02104,29.30556,25.78,26.0378,26.2956,26.5534,24.34,24.5834,24.8268,25.0702,22.387,22.61087,22.83474,23.05861,19.798,19.99598,20.19396,20.39194,18.872,19.06072,19.24944,19.43816,18.142,18.32342,18.50484,18.68626,18.01,18.1901,18.3702,18.5503,17.58,17.7558,17.9316,18.1074,17.4042,17.916
0.774,22.786,23.01386,23.24172,23.46958,28.394,28.67794,28.96188,29.24582,30.1,30.401,30.702,31.003,28.996,29.28596,29.57592,29.86588,26.43,26.6943,26.9586,27.2229,25.033,25.28333,25.53366,25.78399,23.105,23.33605,23.5671,23.79815,20.46,20.6646,20.8692,21.0738,19.55,19.7455,19.941,20.1365,18.8,18.988,19.176,19.364,18.698,18.88498,19.07196,19.25894,18.22,18.4022,18.5844,18.7666,18.0378,18.588
0.776,22.78,23.0078,23.2356,23.4634,28.56,28.8456,29.1312,29.4168,30.48,30.7848,31.0896,31.3944,29.54,29.8354,30.1308,30.4262,27.08,27.3508,27.6216,27.8924,25.759,26.01659,26.27418,26.53177,23.823,24.06123,24.29946,24.53769,21.206,21.41806,21.63012,21.84218,20.27,20.4727,20.6754,20.8781,19.5,19.695,19.89,20.085,19.386,19.57986,19.77372,19.96758,18.9,19.089,19.278,19.467,18.711,19.26
0.778,22.816,23.04416,23.27232,23.50048,28.744,29.03144,29.31888,29.60632,30.88,31.1888,31.4976,31.8064,30.12,30.4212,30.7224,31.0236,27.73,28.0073,28.2846,28.5619,26.485,26.74985,27.0147,27.27955,24.541,24.78641,25.03182,25.27723,21.952,22.17152,22.39104,22.61056,20.99,21.1999,21.4098,21.6197,20.2,20.402,20.604,20.806,20.074,20.27474,20.47548,20.67622,19.58,19.7758,19.9716,20.1674,19.3842,19.932
0.78,22.852,23.08052,23.30904,23.53756,28.928,29.21728,29.50656,29.79584,31.28,31.5928,31.9056,32.2184,30.7,31.007,31.314,31.621,28.38,28.6638,28.9476,29.2314,27.211,27.48311,27.75522,28.02733,25.296,25.54896,25.80192,26.05488,22.698,22.92498,23.15196,23.37894,21.71,21.9271,22.1442,22.3613,20.9,21.109,21.318,21.527,20.762,20.96962,21.17724,21.38486,20.26,20.4626,20.6652,20.8678,20.0574,20.604
0.782,22.888,23.11688,23.34576,23.57464,29.112,29.40312,29.69424,29.98536,31.68,31.9968,32.3136,32.6304,31.28,31.5928,31.9056,32.2184,29.078,29.36878,29.65956,29.95034,27.937,28.21637,28.49574,28.77511,26.088,26.34888,26.60976,26.87064,23.444,23.67844,23.91288,24.14732,22.43,22.6543,22.8786,23.1029,21.6,21.816,22.032,22.248,21.45,21.6645,21.879,22.0935,20.94,21.1494,21.3588,21.5682,20.7306,21.319
0.784,22.924,23.15324,23.38248,23.61172,29.296,29.58896,29.88192,30.17488,32.08,32.4008,32.7216,33.0424,31.86,32.1786,32.4972,32.8158,29.776,30.07376,30.37152,30.66928,28.693,28.97993,29.26686,29.55379,26.88,27.1488,27.4176,27.6864,24.19,24.4319,24.6738,24.9157,23.191,23.42291,23.65482,23.88673,22.342,22.56542,22.78884,23.01226,22.22,22.4422,22.6644,22.8866,21.662,21.87862,22.09524,22.31186,21.44538,22.077
0.786,22.96,23.1896,23.4192,23.6488,29.48,29.7748,30.0696,30.3644,32.48,32.8048,33.1296,33.4544,32.44,32.7644,33.0888,33.4132,30.474,30.77874,31.08348,31.38822,29.479,29.77379,30.06858,30.36337,27.672,27.94872,28.22544,28.50216,25.018,25.26818,25.51836,25.76854,23.993,24.23293,24.47286,24.71279,23.126,23.35726,23.58852,23.81978,22.99,23.2199,23.4498,23.6797,22.426,22.65026,22.87452,23.09878,22.20174,22.835
0.788,23.044,23.27444,23.50488,23.73532,29.69,29.9869,30.2838,30.5807,32.904,33.23304,33.56208,33.89112,33.058,33.38858,33.71916,34.04974,31.172,31.48372,31.79544,32.10716,30.265,30.56765,30.8703,31.17295,28.464,28.74864,29.03328,29.31792,25.846,26.10446,26.36292,26.62138,24.795,25.04295,25.2909,25.53885,23.91,24.1491,24.3882,24.6273,23.76,23.9976,24.2352,24.4728,23.19,23.4219,23.6538,23.8857,22.9581,23.593
0.79,23.128,23.35928,23.59056,23.82184,29.9,30.199,30.498,30.797,33.328,33.66128,33.99456,34.32784,33.676,34.01276,34.34952,34.68628,31.87,32.1887,32.5074,32.8261,31.051,31.36151,31.67202,31.98253,29.291,29.58391,29.87682,30.16973,26.674,26.94074,27.20748,27.47422,25.597,25.85297,26.10894,26.36491,24.694,24.94094,25.18788,25.43482,24.53,24.7753,25.0206,25.2659,23.954,24.19354,24.43308,24.67262,23.71446,24.351
0.792,23.212,23.44412,23.67624,23.90836,30.11,30.4111,30.7122,31.0133,33.752,34.08952,34.42704,34.76456,34.294,34.63694,34.97988,35.32282,32.62,32.9462,33.2724,33.5986,31.837,32.15537,32.47374,32.79211,30.153,30.45453,30.75606,31.05759,27.502,27.77702,28.05204,28.32706,26.399,26.66299,26.92698,27.19097,25.478,25.73278,25.98756,26.24234,25.3,25.553,25.806,26.059,24.718,24.96518,25.21236,25.45954,24.47082,25.149
0.794,23.296,23.52896,23.76192,23.99488,30.32,30.6232,30.9264,31.2296,34.176,34.51776,34.85952,35.20128,34.912,35.26112,35.61024,35.95936,33.37,33.7037,34.0374,34.3711,32.654,32.98054,33.30708,33.63362,31.015,31.32515,31.6353,31.94545,28.33,28.6133,28.8966,29.1799,27.243,27.51543,27.78786,28.06029,26.304,26.56704,26.83008,27.09312,26.152,26.41352,26.67504,26.93656,25.523,25.77823,26.03346,26.28869,25.26777,25.987
0.796,23.38,23.6138,23.8476,24.0814,30.53,30.8353,31.1406,31.4459,34.6,34.946,35.292,35.638,35.53,35.8853,36.2406,36.5959,34.12,34.4612,34.8024,35.1436,33.502,33.83702,34.17204,34.50706,31.877,32.19577,32.51454,32.83331,29.238,29.53038,29.82276,30.11514,28.129,28.41029,28.69158,28.97287,27.172,27.44372,27.71544,27.98716,27.004,27.27404,27.54408,27.81412,26.369,26.63269,26.89638,27.16007,26.10531,26.825
0.798,23.524,23.75924,23.99448,24.22972,30.78,31.0878,31.3956,31.7034,35.054,35.40454,35.75508,36.10562,36.184,36.54584,36.90768,37.26952,34.87,35.2187,35.5674,35.9161,34.35,34.6935,35.037,35.3805,32.739,33.06639,33.39378,33.72117,30.146,30.44746,30.74892,31.05038,29.015,29.30515,29.5953,29.88545,28.04,28.3204,28.6008,28.8812,27.856,28.13456,28.41312,28.69168,27.215,27.48715,27.7593,28.03145,26.94285,27.663
0.8,23.668,23.90468,24.14136,24.37804,31.03,31.3403,31.6506,31.9609,35.508,35.86308,36.21816,36.57324,36.838,37.20638,37.57476,37.94314,35.62,35.9762,36.3324,36.6886,35.198,35.54998,35.90196,36.25394,33.634,33.97034,34.30668,34.64302,31.054,31.36454,31.67508,31.98562,29.901,30.20001,30.49902,30.79803,28.908,29.19708,29.48616,29.77524,28.708,28.99508,29.28216,29.56924,28.061,28.34161,28.62222,28.90283,27.78039,28.501
0.802,23.812,24.05012,24.28824,24.52636,31.28,31.5928,31.9056,32.2184,35.962,36.32162,36.68124,37.04086,37.492,37.86692,38.24184,38.61676,36.418,36.78218,37.14636,37.51054,36.046,36.40646,36.76692,37.12738,34.562,34.90762,35.25324,35.59886,31.962,32.28162,32.60124,32.92086,30.787,31.09487,31.40274,31.71061,29.776,30.07376,30.37152,30.66928,29.56,29.8556,30.1512,30.4468,28.907,29.19607,29.48514,29.77421,28.61793,29.38
0.804,23.956,24.19556,24.43512,24.67468,31.53,31.8453,32.1606,32.4759,36.416,36.78016,37.14432,37.50848,38.146,38.52746,38.90892,39.29038,37.216,37.58816,37.96032,38.33248,36.921,37.29021,37.65942,38.02863,35.49,35.8449,36.1998,36.5547,32.87,33.1987,33.5274,33.8561,31.713,32.03013,32.34726,32.66439,30.683,30.98983,31.29666,31.60349,30.494,30.79894,31.10388,31.40882,29.794,30.09194,30.38988,30.68782,29.49606,30.3
0.806,24.1,24.341,24.582,24.823,31.78,32.0978,32.4156,32.7334,36.87,37.2387,37.6074,37.9761,38.8,39.188,39.576,39.964,38.014,38.39414,38.77428,39.15442,37.823,38.20123,38.57946,38.95769,36.418,36.78218,37.14636,37.51054,33.854,34.19254,34.53108,34.86962,32.679,33.00579,33.33258,33.65937,31.629,31.94529,32.26158,32.57787,31.428,31.74228,32.05656,32.37084,30.722,31.02922,31.33644,31.64366,30.41478,31.22
0.808,24.314,24.55714,24.80028,25.04342,32.076,32.39676,32.71752,33.03828,37.356,37.72956,38.10312,38.47668,39.492,39.88692,40.28184,40.67676,38.812,39.20012,39.58824,39.97636,38.725,39.11225,39.4995,39.88675,37.346,37.71946,38.09292,38.46638,34.838,35.18638,35.53476,35.88314,33.645,33.98145,34.3179,34.65435,32.575,32.90075,33.2265,33.55225,32.362,32.68562,33.00924,33.33286,31.65,31.9665,32.283,32.5995,31.3335,32.14
0.81,24.528,24.77328,25.01856,25.26384,32.372,32.69572,33.01944,33.34316,37.842,38.22042,38.59884,38.97726,40.184,40.58584,40.98768,41.38952,39.61,40.0061,40.4022,40.7983,39.627,40.02327,40.41954,40.81581,38.305,38.68805,39.0711,39.45415,35.822,36.18022,36.53844,36.89666,34.611,34.95711,35.30322,35.64933,33.521,33.85621,34.19142,34.52663,33.296,33.62896,33.96192,34.29488,32.578,32.90378,33.22956,33.55534,32.25222,33.06
0.812,24.742,24.98942,25.23684,25.48426,32.668,32.99468,33.32136,33.64804,38.328,38.71128,39.09456,39.47784,40.876,41.28476,41.69352,42.10228,40.454,40.85854,41.26308,41.66762,40.529,40.93429,41.33958,41.74487,39.295,39.68795,40.0809,40.47385,36.806,37.17406,37.54212,37.91018,35.577,35.93277,36.28854,36.64431,34.467,34.81167,35.15634,35.50101,34.23,34.5723,34.9146,35.2569,33.506,33.84106,34.17612,34.51118,33.17094,34.018
0.814,24.956,25.20556,25.45512,25.70468,32.964,33.29364,33.62328,33.95292,38.814,39.20214,39.59028,39.97842,41.568,41.98368,42.39936,42.81504,41.298,41.71098,42.12396,42.53694,41.456,41.87056,42.28512,42.69968,40.285,40.68785,41.0907,41.49355,37.79,38.1679,38.5458,38.9237,36.578,36.94378,37.30956,37.67534,35.451,35.80551,36.16002,36.51453,35.24,35.5924,35.9448,36.2972,34.471,34.81571,35.16042,35.50513,34.12629,35.014
0.816,25.17,25.4217,25.6734,25.9251,33.26,33.5926,33.9252,34.2578,39.3,39.693,40.086,40.479,42.26,42.6826,43.1052,43.5278,42.142,42.56342,42.98484,43.40626,42.408,42.83208,43.25616,43.68024,41.275,41.68775,42.1005,42.51325,38.842,39.23042,39.61884,40.00726,37.614,37.99014,38.36628,38.74242,36.473,36.83773,37.20246,37.56719,36.25,36.6125,36.975,37.3375,35.473,35.82773,36.18246,36.53719,35.11827,36.01
0.818,25.46,25.7146,25.9692,26.2238,33.61,33.9461,34.2822,34.6183,39.826,40.22426,40.62252,41.02078,42.988,43.41788,43.84776,44.27764,42.986,43.41586,43.84572,44.27558,43.36,43.7936,44.2272,44.6608,42.265,42.68765,43.1103,43.53295,39.894,40.29294,40.69188,41.09082,38.65,39.0365,39.423,39.8095,37.495,37.86995,38.2449,38.61985,37.26,37.6326,38.0052,38.3778,36.475,36.83975,37.2045,37.56925,36.11025,37.006
0.82,25.75,26.0075,26.265,26.5225,33.96,34.2996,34.6392,34.9788,40.352,40.75552,41.15904,41.56256,43.716,44.15316,44.59032,45.02748,43.83,44.2683,44.7066,45.1449,44.312,44.75512,45.19824,45.64136,43.281,43.71381,44.14662,44.57943,40.946,41.35546,41.76492,42.17438,39.686,40.08286,40.47972,40.87658,38.517,38.90217,39.28734,39.67251,38.27,38.6527,39.0354,39.4181,37.477,37.85177,38.22654,38.60131,37.10223,38.002
0.822,26.04,26.3004,26.5608,26.8212,34.31,34.6531,34.9962,35.3393,40.878,41.28678,41.69556,42.10434,44.444,44.88844,45.33288,45.77732,44.674,45.12074,45.56748,46.01422,45.264,45.71664,46.16928,46.62192,44.323,44.76623,45.20946,45.65269,41.998,42.41798,42.83796,43.25794,40.722,41.12922,41.53644,41.94366,39.539,39.93439,40.32978,40.72517,39.28,39.6728,40.0656,40.4584,38.479,38.86379,39.24858,39.63337,38.09421,38.998
0.824,26.33,26.5933,26.8566,27.1199,34.66,35.0066,35.3532,35.6998,41.404,41.81804,42.23208,42.64612,45.172,45.62372,46.07544,46.52716,45.518,45.97318,46.42836,46.88354,46.216,46.67816,47.14032,47.60248,45.365,45.81865,46.2723,46.72595,43.05,43.4805,43.911,44.3415,41.758,42.17558,42.59316,43.01074,40.561,40.96661,41.37222,41.77783,40.29,40.6929,41.0958,41.4987,39.481,39.87581,40.27062,40.66543,39.08619,39.994
0.826,26.62,26.8862,27.1524,27.4186,35.01,35.3601,35.7102,36.0603,41.93,42.3493,42.7686,43.1879,45.9,46.359,46.818,47.277,46.362,46.82562,47.28924,47.75286,47.168,47.63968,48.11136,48.58304,46.407,46.87107,47.33514,47.79921,44.102,44.54302,44.98404,45.42506,42.794,43.22194,43.64988,44.07782,41.583,41.99883,42.41466,42.83049,41.3,41.713,42.126,42.539,40.483,40.88783,41.29266,41.69749,40.07817,40.99
